set,form,short,история_n,история_net,история_control,история_excess,история_days_pos,история_days,история_usd,запись_n,запись_net,запись_control,запись_excess,запись_days_pos,запись_days,запись_usd,holds
t-bid-btc1h-q1,ladder3x2..20w2-pct0.5-tk0.5-14400-ttl1800,pct0.5 · tk0.5 · 4 ч · без выхода по стене,240,-3.2924,-7.0598,3.7674,8,15,-79.0176,57,18.3499,-0.595,18.9449,6,7,104.59443000000002,нет
t-bid-btc1h-q1,ladder3x2..20w2-pct0.5-tk0.5-3600-ttl1800,pct0.5 · tk0.5 · 1 ч · без выхода по стене,261,-4.2245,-6.07,1.8455,8,15,-110.25944999999999,60,10.9708,-1.2654,12.2362,6,7,65.82480000000001,нет
t-bid-btc1h-q1,ladder3x2..20w2-pct0.5-tk0.5-7200-ttl1800,pct0.5 · tk0.5 · 2 ч · без выхода по стене,244,-3.2024,-6.868,3.6656,8,15,-78.13856,58,17.1976,-0.8096,18.0072,6,7,99.74608,нет
t-bid-btc1h-q1,ladder3x2..20w2-pct0.5-tk0.75-14400-ttl1800,pct0.5 · tk0.75 · 4 ч · без выхода по стене,233,-0.1373,-7.6974,7.5601,8,15,-3.19909,55,30.6853,0.8583,29.827,7,7,168.76915000000002,нет
t-bid-btc1h-q1,ladder3x2..20w2-pct0.5-tk0.75-3600-ttl1800,pct0.5 · tk0.75 · 1 ч · без выхода по стене,257,-1.4651,-6.2078,4.7427,8,15,-37.65307,60,19.7835,-0.369,20.1525,7,7,118.701,нет
t-bid-btc1h-q1,ladder3x2..20w2-pct0.5-tk0.75-7200-ttl1800,pct0.5 · tk0.75 · 2 ч · без выхода по стене,239,-0.033,-7.4887,7.4557,7,15,-0.7887000000000001,58,28.9599,0.4547,28.5052,7,7,167.96742,нет
t-bid-btc1h-q1,ladder3x2..20w2-pct0.5-tk1-14400-ttl1800,pct0.5 · tk1 · 4 ч · без выхода по стене,223,-0.8738,-8.1746,7.3009,8,15,-19.48574,52,36.4017,5.6841,30.7176,4,7,189.28884,нет
t-bid-btc1h-q1,ladder3x2..20w2-pct0.5-tk1-3600-ttl1800,pct0.5 · tk1 · 1 ч · без выхода по стене,256,-0.3224,-6.3999,6.0776,7,15,-8.253440000000001,60,25.5872,1.4618,24.1254,7,7,153.5232,нет
t-bid-btc1h-q1,ladder3x2..20w2-pct0.5-tk1-7200-ttl1800,pct0.5 · tk1 · 2 ч · без выхода по стене,235,0.3075,-8.0965,8.404,7,15,7.22625,58,32.5325,3.1831,29.3493,6,7,188.6885,да
t-bid-btc1h-q1,ladder3x2..20w2-pct0.5-tk1.25-14400-ttl1800,pct0.5 · tk1.25 · 4 ч · без выхода по стене,221,-2.6321,-8.1777,5.5456,8,15,-58.16940999999999,51,41.1513,8.2007,32.9506,4,7,209.87163,нет
t-bid-btc1h-q1,ladder3x2..20w2-pct0.5-tk1.25-3600-ttl1800,pct0.5 · tk1.25 · 1 ч · без выхода по стене,254,-2.0865,-6.6048,4.5183,7,15,-52.9971,60,28.2824,2.2783,26.0041,5,7,169.6944,нет
t-bid-btc1h-q1,ladder3x2..20w2-pct0.5-tk1.25-7200-ttl1800,pct0.5 · tk1.25 · 2 ч · без выхода по стене,233,-1.5715,-8.3698,6.7983,6,15,-36.61595,58,36.6371,5.0041,31.633,5,7,212.49517999999998,нет
t-bid-btc1h-q1,ladder3x2..20w2-pct0.5-tk1.5-14400-ttl1800,pct0.5 · tk1.5 · 4 ч · без выхода по стене,216,-1.1975,-7.8701,6.6726,4,15,-25.866000000000003,50,39.0568,10.1155,28.9413,3,7,195.28400000000002,нет
t-bid-btc1h-q1,ladder3x2..20w2-pct0.5-tk1.5-3600-ttl1800,pct0.5 · tk1.5 · 1 ч · без выхода по стене,253,-1.6805,-6.599,4.9184,6,15,-42.516650000000006,60,27.895,2.514,25.381,4,7,167.37,нет
t-bid-btc1h-q1,ladder3x2..20w2-pct0.5-tk1.5-7200-ttl1800,pct0.5 · tk1.5 · 2 ч · без выхода по стене,231,-1.379,-8.0478,6.6688,6,15,-31.854899999999997,58,36.3421,5.6827,30.6593,4,7,210.78418000000002,нет
t-bid-btc1h-q1,ladder3x2..20w2-pct0.5-tk1.75-14400-ttl1800,pct0.5 · tk1.75 · 4 ч · без выхода по стене,215,0.5554,-7.4555,8.0109,4,15,11.9411,50,45.4003,10.9323,34.468,4,7,227.0015,да
t-bid-btc1h-q1,ladder3x2..20w2-pct0.5-tk1.75-3600-ttl1800,pct0.5 · tk1.75 · 1 ч · без выхода по стене,253,-1.6203,-6.5547,4.9344,6,15,-40.99359,60,31.5266,2.7454,28.7811,4,7,189.1596,нет
t-bid-btc1h-q1,ladder3x2..20w2-pct0.5-tk1.75-7200-ttl1800,pct0.5 · tk1.75 · 2 ч · без выхода по стене,230,-0.306,-7.915,7.609,6,15,-7.037999999999999,58,40.9042,6.1197,34.7845,5,7,237.24436,нет
t-bid-btc1h-q1,ladder3x2..20w2-pct0.5-tk2-14400-ttl1800,pct0.5 · tk2 · 4 ч · без выхода по стене,213,-0.7754,-6.0086,5.2332,5,15,-16.51602,50,52.7078,12.8631,39.8447,3,7,263.539,нет
t-bid-btc1h-q1,ladder3x2..20w2-pct0.5-tk2-3600-ttl1800,pct0.5 · tk2 · 1 ч · без выхода по стене,253,-1.7354,-6.5481,4.8127,6,15,-43.90562,60,32.5943,3.2774,29.3169,4,7,195.5658,нет
t-bid-btc1h-q1,ladder3x2..20w2-pct0.5-tk2-7200-ttl1800,pct0.5 · tk2 · 2 ч · без выхода по стене,228,-2.0097,-7.6799,5.6701,6,15,-45.821160000000006,57,40.0274,7.3996,32.6278,4,7,228.15618,нет
t-bid-btc1h-q1,ladder3x2..20w2-pct0.75-tk0.5-14400-ttl1800,pct0.75 · tk0.5 · 4 ч · без выхода по стене,229,-0.3466,-8.1782,7.8316,9,15,-7.937140000000001,56,22.0903,-0.7478,22.838,6,7,123.70567999999999,нет
t-bid-btc1h-q1,ladder3x2..20w2-pct0.75-tk0.5-3600-ttl1800,pct0.75 · tk0.5 · 1 ч · без выхода по стене,258,-1.7313,-6.6179,4.8866,9,15,-44.66754,59,13.1361,-0.942,14.0781,5,7,77.50299,нет
t-bid-btc1h-q1,ladder3x2..20w2-pct0.75-tk0.5-7200-ttl1800,pct0.75 · tk0.5 · 2 ч · без выхода по стене,236,-0.0812,-7.5976,7.5165,8,15,-1.91632,57,20.747,-0.6029,21.3499,6,7,118.25789999999999,нет
t-bid-btc1h-q1,ladder3x2..20w2-pct0.75-tk0.75-14400-ttl1800,pct0.75 · tk0.75 · 4 ч · без выхода по стене,220,0.6403,-9.1521,9.7924,9,15,14.086599999999999,54,36.1839,0.7975,35.3864,6,7,195.39306000000002,да
t-bid-btc1h-q1,ladder3x2..20w2-pct0.75-tk0.75-3600-ttl1800,pct0.75 · tk0.75 · 1 ч · без выхода по стене,254,0.3228,-7.0405,7.3633,9,15,8.199119999999999,59,22.9113,0.0091,22.9022,6,7,135.17667,да
t-bid-btc1h-q1,ladder3x2..20w2-pct0.75-tk0.75-7200-ttl1800,pct0.75 · tk0.75 · 2 ч · без выхода по стене,231,0.8666,-8.6956,9.5622,8,15,20.01846,57,33.5573,0.7245,32.8327,6,7,191.27660999999998,да
t-bid-btc1h-q1,ladder3x2..20w2-pct0.75-tk1-14400-ttl1800,pct0.75 · tk1 · 4 ч · без выхода по стене,211,2.3166,-9.6823,11.999,10,15,48.88026000000001,50,36.2318,6.8213,29.4105,5,7,181.159,да
t-bid-btc1h-q1,ladder3x2..20w2-pct0.75-tk1-3600-ttl1800,pct0.75 · tk1 · 1 ч · без выхода по стене,253,1.9945,-7.271,9.2655,9,15,50.46085,59,28.0756,1.9254,26.1502,5,7,165.64604000000003,да
t-bid-btc1h-q1,ladder3x2..20w2-pct0.75-tk1-7200-ttl1800,pct0.75 · tk1 · 2 ч · без выхода по стене,227,2.2681,-9.361,11.629,9,15,51.48587,56,35.636,4.4899,31.1461,6,7,199.56160000000003,да
t-bid-btc1h-q1,ladder3x2..20w2-pct0.75-tk1.25-14400-ttl1800,pct0.75 · tk1.25 · 4 ч · без выхода по стене,209,-0.3118,-10.0898,9.778,9,15,-6.5166200000000005,49,41.2133,9.7285,31.4848,4,7,201.94517,нет
t-bid-btc1h-q1,ladder3x2..20w2-pct0.75-tk1.25-3600-ttl1800,pct0.75 · tk1.25 · 1 ч · без выхода по стене,251,0.4854,-7.4394,7.9248,9,15,12.183539999999999,59,30.8165,2.7558,28.0607,5,7,181.81735,да
t-bid-btc1h-q1,ladder3x2..20w2-pct0.75-tk1.25-7200-ttl1800,pct0.75 · tk1.25 · 2 ч · без выхода по стене,225,-0.0774,-9.7019,9.6245,7,15,-1.7414999999999998,56,39.4389,6.6331,32.8058,5,7,220.85783999999998,нет
t-bid-btc1h-q1,ladder3x2..20w2-pct0.75-tk1.5-14400-ttl1800,pct0.75 · tk1.5 · 4 ч · без выхода по стене,204,3.0191,-9.9337,12.9528,10,15,61.589639999999996,48,38.0009,15.7138,22.2871,3,7,182.40432,да
t-bid-btc1h-q1,ladder3x2..20w2-pct0.75-tk1.5-3600-ttl1800,pct0.75 · tk1.5 · 1 ч · без выхода по стене,250,0.6792,-7.4577,8.1369,8,15,16.98,59,30.3474,2.9952,27.3522,4,7,179.04966,да
t-bid-btc1h-q1,ladder3x2..20w2-pct0.75-tk1.5-7200-ttl1800,pct0.75 · tk1.5 · 2 ч · без выхода по стене,223,0.646,-9.4972,10.1432,9,15,14.4058,56,38.8802,7.4983,31.3819,4,7,217.72912000000002,да
t-bid-btc1h-q1,ladder3x2..20w2-pct0.75-tk1.75-14400-ttl1800,pct0.75 · tk1.75 · 4 ч · без выхода по стене,204,5.6161,-9.9044,15.5205,9,15,114.56844000000001,48,44.6687,16.6317,28.0369,4,7,214.40976,да
t-bid-btc1h-q1,ladder3x2..20w2-pct0.75-tk1.75-3600-ttl1800,pct0.75 · tk1.75 · 1 ч · без выхода по стене,250,0.7924,-7.4053,8.1977,8,15,19.81,59,34.0406,3.2306,30.81,4,7,200.83954,да
t-bid-btc1h-q1,ladder3x2..20w2-pct0.75-tk1.75-7200-ttl1800,pct0.75 · tk1.75 · 2 ч · без выхода по стене,223,2.5282,-9.4412,11.9694,9,15,56.378859999999996,56,43.1385,7.9308,35.2077,4,7,241.57559999999998,да
t-bid-btc1h-q1,ladder3x2..20w2-pct0.75-tk2-14400-ttl1800,pct0.75 · tk2 · 4 ч · без выхода по стене,202,3.7234,-8.3534,12.0768,9,15,75.21268,48,52.2267,18.782,33.4446,3,7,250.68816,да
t-bid-btc1h-q1,ladder3x2..20w2-pct0.75-tk2-3600-ttl1800,pct0.75 · tk2 · 1 ч · без выхода по стене,250,0.6758,-7.3987,8.0745,8,15,16.895,59,35.1264,3.7715,31.3549,4,7,207.24575999999996,да
t-bid-btc1h-q1,ladder3x2..20w2-pct0.75-tk2-7200-ttl1800,pct0.75 · tk2 · 2 ч · без выхода по стене,221,0.5782,-9.1968,9.775,9,15,12.778220000000001,55,41.7608,9.1647,32.5961,4,7,229.6844,да
t-bid-btc1h-q1,ladder3x2..20w2-pct1-1to1-14400-ttl1800-eat20,pct1 · 1to1 · 4 ч · eat20,268,1.7615,-5.5906,7.352,10,14,47.2082,61,14.5169,-0.3303,14.8472,6,7,88.55309,да
t-bid-btc1h-q1,ladder3x2..20w2-pct1-1to1-3600-ttl1800-eat20,pct1 · 1to1 · 1 ч · eat20,282,1.6471,-4.7861,6.4333,11,14,46.44822,64,12.731,-0.983,13.7141,6,7,81.4784,да
t-bid-btc1h-q1,ladder3x2..20w2-pct1-1to1-7200-ttl1800-eat20,pct1 · 1to1 · 2 ч · eat20,272,1.7271,-5.0604,6.7875,10,14,46.97712,63,13.5529,-0.5842,14.1372,6,7,85.38327,да
t-bid-btc1h-q1,ladder3x2..20w2-pct1-tk0.5-14400-ttl1800,pct1 · tk0.5 · 4 ч · без выхода по стене,221,-0.0507,-9.5128,9.4621,9,15,-1.12047,55,24.4606,-0.5841,25.0447,7,7,134.5333,нет
t-bid-btc1h-q1,ladder3x2..20w2-pct1-tk0.5-3600-ttl1800,pct1 · tk0.5 · 1 ч · без выхода по стене,257,-2.6624,-6.5964,3.934,7,15,-68.42368,58,16.1298,-0.7645,16.8943,7,7,93.55283999999999,нет
t-bid-btc1h-q1,ladder3x2..20w2-pct1-tk0.5-7200-ttl1800,pct1 · tk0.5 · 2 ч · без выхода по стене,230,0.0504,-8.0979,8.1483,8,15,1.1592,56,23.4672,-0.4023,23.8695,7,7,131.41631999999998,да
t-bid-btc1h-q1,ladder3x2..20w2-pct1-tk0.75-14400-ttl1800,pct1 · tk0.75 · 4 ч · без выхода по стене,211,2.6606,-10.6312,13.2918,10,15,56.13866,53,39.5539,1.0893,38.4646,7,7,209.63566999999998,да
t-bid-btc1h-q1,ladder3x2..20w2-pct1-tk0.75-3600-ttl1800,pct1 · tk0.75 · 1 ч · без выхода по стене,253,-0.399,-7.0182,6.6192,8,15,-10.0947,58,23.8789,0.23,23.6489,6,7,138.49762,нет
t-bid-btc1h-q1,ladder3x2..20w2-pct1-tk0.75-7200-ttl1800,pct1 · tk0.75 · 2 ч · без выхода по стене,224,1.6317,-9.2206,10.8523,9,15,36.550079999999994,56,37.116,1.0368,36.0792,7,7,207.8496,да
t-bid-btc1h-q1,ladder3x2..20w2-pct1-tk1-14400-ttl1800,pct1 · tk1 · 4 ч · без выхода по стене,203,2.6571,-11.1791,13.8362,10,15,53.93913,49,38.2821,7.4002,30.8819,6,7,187.58229,да
t-bid-btc1h-q1,ladder3x2..20w2-pct1-tk1-3600-ttl1800,pct1 · tk1 · 1 ч · без выхода по стене,252,1.2519,-7.317,8.5689,9,15,31.54788,58,29.0318,2.153,26.8788,6,7,168.38443999999998,да
t-bid-btc1h-q1,ladder3x2..20w2-pct1-tk1-7200-ttl1800,pct1 · tk1 · 2 ч · без выхода по стене,221,2.7292,-9.7878,12.517,9,15,60.31532,55,40.3294,4.9905,35.339,7,7,221.81170000000003,да
t-bid-btc1h-q1,ladder3x2..20w2-pct1-tk1.25-14400-ttl1800,pct1 · tk1.25 · 4 ч · без выхода по стене,200,1.9248,-12.029,13.9538,9,15,38.496,48,42.8428,10.2108,32.6319,5,7,205.64543999999995,да
t-bid-btc1h-q1,ladder3x2..20w2-pct1-tk1.25-3600-ttl1800,pct1 · tk1.25 · 1 ч · без выхода по стене,250,-0.7855,-7.4243,6.6388,8,15,-19.6375,58,31.8199,2.9977,28.8223,5,7,184.55542,нет
t-bid-btc1h-q1,ladder3x2..20w2-pct1-tk1.25-7200-ttl1800,pct1 · tk1.25 · 2 ч · без выхода по стене,219,1.1424,-10.2752,11.4176,8,15,25.01856,55,43.362,7.2833,36.0787,6,7,238.49100000000004,да
t-bid-btc1h-q1,ladder3x2..20w2-pct1-tk1.5-14400-ttl1800,pct1 · tk1.5 · 4 ч · без выхода по стене,194,6.5778,-12.1194,18.6973,8,15,127.60932,47,38.94,16.3461,22.5939,3,7,183.01799999999997,да
t-bid-btc1h-q1,ladder3x2..20w2-pct1-tk1.5-3600-ttl1800,pct1 · tk1.5 · 1 ч · без выхода по стене,249,-0.4767,-7.4407,6.964,8,15,-11.86983,58,31.3428,3.2412,28.1015,4,7,181.78824,нет
t-bid-btc1h-q1,ladder3x2..20w2-pct1-tk1.5-7200-ttl1800,pct1 · tk1.5 · 2 ч · без выхода по стене,217,2.1111,-10.0713,12.1824,6,15,45.81087,55,42.7329,8.1639,34.569,5,7,235.03095,да
t-bid-btc1h-q1,ladder3x2..20w2-pct1-tk1.75-14400-ttl1800,pct1 · tk1.75 · 4 ч · без выхода по стене,194,10.0545,-11.6943,21.7488,8,15,195.0573,47,46.4921,17.2847,29.2075,4,7,218.51287000000002,да
t-bid-btc1h-q1,ladder3x2..20w2-pct1-tk1.75-3600-ttl1800,pct1 · tk1.75 · 1 ч · без выхода по стене,249,-0.2664,-7.3858,7.1195,8,15,-6.633360000000001,58,35.0996,3.4807,31.6189,4,7,203.57768000000002,нет
t-bid-btc1h-q1,ladder3x2..20w2-pct1-tk1.75-7200-ttl1800,pct1 · tk1.75 · 2 ч · без выхода по стене,217,4.1517,-10.0031,14.1548,7,15,90.09189,55,47.2802,8.604,38.6761,5,7,260.04110000000003,да
t-bid-btc1h-q1,ladder3x2..20w2-pct1-tk2-14400-ttl1800,pct1 · tk2 · 4 ч · без выхода по стене,192,8.1178,-10.0852,18.2031,8,15,155.86176,46,51.4814,19.8653,31.616,3,7,236.81444000000002,да
t-bid-btc1h-q1,ladder3x2..20w2-pct1-tk2-3600-ttl1800,pct1 · tk2 · 1 ч · без выхода по стене,249,-0.4504,-7.3563,6.906,8,15,-11.214960000000001,58,36.2041,4.0309,32.1732,4,7,209.98377999999997,нет
t-bid-btc1h-q1,ladder3x2..20w2-pct1-tk2-7200-ttl1800,pct1 · tk2 · 2 ч · без выхода по стене,215,2.2955,-9.6829,11.9784,7,15,49.35325,54,45.9536,9.8732,36.0804,5,7,248.14944,да
t-bid-btc1h-q1,ladder3x2..20w2-pct1-tr0.5x0.25-14400-ttl1800,pct1 · tr0.5x0.25 · 4 ч · без выхода по стене,220,3.727,-9.8912,13.6181,8,15,81.994,53,33.022,1.1719,31.8501,6,7,175.01659999999998,да
t-bid-btc1h-q1,ladder3x2..20w2-pct1-tr0.5x0.25-3600-ttl1800,pct1 · tr0.5x0.25 · 1 ч · без выхода по стене,255,-0.2862,-6.6346,6.3484,7,15,-7.298100000000001,58,25.2032,0.4727,24.7306,5,7,146.17856,нет
t-bid-btc1h-q1,ladder3x2..20w2-pct1-tr0.5x0.25-7200-ttl1800,pct1 · tr0.5x0.25 · 2 ч · без выхода по стене,229,4.0826,-8.2837,12.3663,8,15,93.49154000000001,56,32.9182,1.2875,31.6307,7,7,184.34192,да
t-bid-btc1h-q1,ladder3x2..20w2-pct1-tr0.5x0.5-14400-ttl1800,pct1 · tr0.5x0.5 · 4 ч · без выхода по стене,215,2.9657,-10.523,13.4887,9,15,63.76255,52,33.6777,4.4377,29.2401,6,7,175.12404,да
t-bid-btc1h-q1,ladder3x2..20w2-pct1-tr0.5x0.5-3600-ttl1800,pct1 · tr0.5x0.5 · 1 ч · без выхода по стене,255,1.1738,-6.7117,7.8855,8,15,29.931899999999995,57,27.0776,1.8598,25.2178,5,7,154.34232,да
t-bid-btc1h-q1,ladder3x2..20w2-pct1-tr0.5x0.5-7200-ttl1800,pct1 · tr0.5x0.5 · 2 ч · без выхода по стене,227,4.6464,-8.518,13.1644,8,15,105.47328,55,34.9568,3.4581,31.4987,7,7,192.2624,да
t-bid-btc1h-q1,ladder3x2..20w2-pct1-tr1.5x0.25-14400-ttl1800,pct1 · tr1.5x0.25 · 4 ч · без выхода по стене,194,8.7533,-12.1007,20.854,9,15,169.81401999999997,47,40.763,16.5791,24.1839,3,7,191.5861,да
t-bid-btc1h-q1,ladder3x2..20w2-pct1-tr1.5x0.25-3600-ttl1800,pct1 · tr1.5x0.25 · 1 ч · без выхода по стене,249,0.6313,-7.4515,8.0828,8,15,15.719370000000001,58,34.1098,3.3686,30.7412,4,7,197.83684,да
t-bid-btc1h-q1,ladder3x2..20w2-pct1-tr1.5x0.25-7200-ttl1800,pct1 · tr1.5x0.25 · 2 ч · без выхода по стене,217,4.7471,-10.1659,14.913,7,15,103.01207,55,45.3142,8.2143,37.0999,5,7,249.22809999999998,да
t-bid-btc1h-q1,ladder3x2..20w2-pct1-tr1.5x0.5-14400-ttl1800,pct1 · tr1.5x0.5 · 4 ч · без выхода по стене,193,7.8206,-11.5215,19.3421,8,15,150.93758,46,43.9879,18.3387,25.6492,3,7,202.34434000000002,да
t-bid-btc1h-q1,ladder3x2..20w2-pct1-tr1.5x0.5-3600-ttl1800,pct1 · tr1.5x0.5 · 1 ч · без выхода по стене,249,0.0683,-7.4588,7.5272,8,15,1.70067,57,34.1563,3.9807,30.1756,4,7,194.69091,да
t-bid-btc1h-q1,ladder3x2..20w2-pct1-tr1.5x0.5-7200-ttl1800,pct1 · tr1.5x0.5 · 2 ч · без выхода по стене,216,3.1995,-9.8985,13.098,7,15,69.1092,54,49.5746,9.3424,40.2322,5,7,267.70284,да
t-bid-btc1h-q1,ladder3x2..20w2-pct1-tr1.5x1-14400-ttl1800,pct1 · tr1.5x1 · 4 ч · без выхода по стене,192,8.2423,-9.234,17.4763,7,15,158.25216,44,47.9332,23.9724,23.9608,4,7,210.90608000000003,да
t-bid-btc1h-q1,ladder3x2..20w2-pct1-tr1.5x1-3600-ttl1800,pct1 · tr1.5x1 · 1 ч · без выхода по стене,249,0.3609,-7.209,7.5699,8,15,8.98641,57,33.7088,4.3186,29.3902,4,7,192.14015999999998,да
t-bid-btc1h-q1,ladder3x2..20w2-pct1-tr1.5x1-7200-ttl1800,pct1 · tr1.5x1 · 2 ч · без выхода по стене,215,4.6589,-9.0878,13.7467,9,15,100.16635,52,42.7305,10.8274,31.903,5,7,222.1986,да
t-bid-btc1h-q1,ladder3x2..20w2-pct1-tr1x0.25-14400-ttl1800,pct1 · tr1x0.25 · 4 ч · без выхода по стене,203,3.7367,-11.1027,14.8394,10,15,75.85501,49,44.447,8.3021,36.1449,6,7,217.79030000000003,да
t-bid-btc1h-q1,ladder3x2..20w2-pct1-tr1x0.25-3600-ttl1800,pct1 · tr1x0.25 · 1 ч · без выхода по стене,252,1.88,-7.3418,9.2218,9,15,47.376,58,34.6235,2.6054,32.0181,6,7,200.8163,да
t-bid-btc1h-q1,ladder3x2..20w2-pct1-tr1x0.25-7200-ttl1800,pct1 · tr1x0.25 · 2 ч · без выхода по стене,221,4.147,-9.7612,13.9081,10,15,91.6487,55,44.1147,5.591,38.5237,7,7,242.63085,да
t-bid-btc1h-q1,ladder3x2..20w2-pct1-tr1x0.5-14400-ttl1800,pct1 · tr1x0.5 · 4 ч · без выхода по стене,202,2.3749,-10.8162,13.1912,7,15,47.97297999999999,48,42.76,11.4793,31.2808,6,7,205.248,да
t-bid-btc1h-q1,ladder3x2..20w2-pct1-tr1x0.5-3600-ttl1800,pct1 · tr1x0.5 · 1 ч · без выхода по стене,252,2.2155,-7.2986,9.5142,8,15,55.830600000000004,57,30.9689,3.343,27.6259,6,7,176.52273,да
t-bid-btc1h-q1,ladder3x2..20w2-pct1-tr1x0.5-7200-ttl1800,pct1 · tr1x0.5 · 2 ч · без выхода по стене,220,3.5479,-9.8106,13.3585,8,15,78.0538,54,44.9692,7.6067,37.3625,7,7,242.83368000000002,да
t-bid-btc1h-q1,ladder3x2..20w2-pct1-tr1x1-14400-ttl1800,pct1 · tr1x1 · 4 ч · без выхода по стене,200,8.9656,-7.9949,16.9604,8,15,179.312,45,39.7373,18.3513,21.3861,4,7,178.81785,да
t-bid-btc1h-q1,ladder3x2..20w2-pct1-tr1x1-3600-ttl1800,pct1 · tr1x1 · 1 ч · без выхода по стене,252,1.5308,-7.2103,8.7411,8,15,38.57616,57,31.0621,3.919,27.1431,5,7,177.05397,да
t-bid-btc1h-q1,ladder3x2..20w2-pct1-tr1x1-7200-ttl1800,pct1 · tr1x1 · 2 ч · без выхода по стене,219,6.6486,-8.9209,15.5695,9,15,145.60434,52,37.5382,9.6304,27.9078,6,7,195.19864,да
t-bid-btc1h-q1,ladder3x2..20w2-pct1-tr2x0.25-14400-ttl1800,pct1 · tr2x0.25 · 4 ч · без выхода по стене,192,8.5737,-10.0643,18.638,9,15,164.61504,46,53.3263,20.0236,33.3027,4,7,245.30098000000004,да
t-bid-btc1h-q1,ladder3x2..20w2-pct1-tr2x0.25-3600-ttl1800,pct1 · tr2x0.25 · 1 ч · без выхода по стене,249,0.2392,-7.3514,7.5906,8,15,5.95608,58,36.848,4.0493,32.7987,4,7,213.71839999999997,да
t-bid-btc1h-q1,ladder3x2..20w2-pct1-tr2x0.25-7200-ttl1800,pct1 · tr2x0.25 · 2 ч · без выхода по стене,215,3.0029,-9.6841,12.6871,7,15,64.56235000000001,54,48.0109,9.9397,38.0712,5,7,259.25886,да
t-bid-btc1h-q1,ladder3x2..20w2-pct1-tr2x0.5-14400-ttl1800,pct1 · tr2x0.5 · 4 ч · без выхода по стене,192,8.667,-9.6521,18.3192,7,15,166.4064,45,58.5578,21.9427,36.6151,4,7,263.5101,да
t-bid-btc1h-q1,ladder3x2..20w2-pct1-tr2x0.5-3600-ttl1800,pct1 · tr2x0.5 · 1 ч · без выхода по стене,249,-0.3625,-7.3606,6.998,8,15,-9.026250000000001,57,35.2835,4.2995,30.984,4,7,201.11594999999997,нет
t-bid-btc1h-q1,ladder3x2..20w2-pct1-tr2x0.5-7200-ttl1800,pct1 · tr2x0.5 · 2 ч · без выхода по стене,215,3.5212,-9.599,13.1202,7,15,75.7058,53,49.0912,10.6741,38.4171,5,7,260.18336,да
t-bid-btc1h-q1,ladder3x2..20w2-pct1-tr2x1-14400-ttl1800,pct1 · tr2x1 · 4 ч · без выхода по стене,191,7.9237,-8.1825,16.1062,8,15,151.34267,44,48.5011,24.3451,24.156,4,7,213.40484,да
t-bid-btc1h-q1,ladder3x2..20w2-pct1-tr2x1-3600-ttl1800,pct1 · tr2x1 · 1 ч · без выхода по стене,249,-0.0342,-7.2186,7.1844,8,15,-0.85158,57,33.7088,4.3186,29.3902,4,7,192.14015999999998,нет
t-bid-btc1h-q1,ladder3x2..20w2-pct1-tr2x1-7200-ttl1800,pct1 · tr2x1 · 2 ч · без выхода по стене,214,2.6297,-9.2325,11.8622,9,15,56.275580000000005,52,42.8639,10.8672,31.9967,5,7,222.89228000000003,да
t-bid-btc1h-q1,ladder3x2..20w2-pct1.25-tk0.5-14400-ttl1800,pct1.25 · tk0.5 · 4 ч · без выхода по стене,220,1.7926,-10.7919,12.5846,11,15,39.437200000000004,54,25.2038,-0.7672,25.9709,6,7,136.10052000000002,да
t-bid-btc1h-q1,ladder3x2..20w2-pct1.25-tk0.5-3600-ttl1800,pct1.25 · tk0.5 · 1 ч · без выхода по стене,257,-2.8769,-6.7814,3.9045,9,15,-73.93633,58,18.1124,-0.5867,18.6992,6,7,105.05192,нет
t-bid-btc1h-q1,ladder3x2..20w2-pct1.25-tk0.5-7200-ttl1800,pct1.25 · tk0.5 · 2 ч · без выхода по стене,229,0.1714,-8.637,8.8085,9,15,3.9250599999999998,56,26.527,-0.2172,26.7443,7,7,148.55120000000002,да
t-bid-btc1h-q1,ladder3x2..20w2-pct1.25-tk0.75-14400-ttl1800,pct1.25 · tk0.75 · 4 ч · без выхода по стене,209,5.702,-11.7593,17.4612,10,15,119.1718,52,40.5142,0.861,39.6532,6,7,210.67384,да
t-bid-btc1h-q1,ladder3x2..20w2-pct1.25-tk0.75-3600-ttl1800,pct1.25 · tk0.75 · 1 ч · без выхода по стене,253,-0.6052,-7.1677,6.5625,9,15,-15.31156,58,25.9436,0.4165,25.5271,6,7,150.47288,нет
t-bid-btc1h-q1,ladder3x2..20w2-pct1.25-tk0.75-7200-ttl1800,pct1.25 · tk0.75 · 2 ч · без выхода по стене,222,2.1856,-9.8218,12.0074,9,15,48.52032,56,40.6008,1.2359,39.3649,7,7,227.36448000000001,да
t-bid-btc1h-q1,ladder3x2..20w2-pct1.25-tk1-14400-ttl1800,pct1.25 · tk1 · 4 ч · без выхода по стене,200,5.0997,-12.7527,17.8525,11,15,101.994,48,42.2482,7.9026,34.3456,6,7,202.79136,да
t-bid-btc1h-q1,ladder3x2..20w2-pct1.25-tk1-3600-ttl1800,pct1.25 · tk1 · 1 ч · без выхода по стене,252,0.9189,-7.4903,8.4092,9,15,23.156280000000002,58,31.0965,2.3395,28.757,6,7,180.3597,да
t-bid-btc1h-q1,ladder3x2..20w2-pct1.25-tk1-7200-ttl1800,pct1.25 · tk1 · 2 ч · без выхода по стене,218,2.6328,-10.6401,13.2729,9,15,57.39504000000001,55,44.0135,5.2824,38.7311,7,7,242.07424999999998,да
t-bid-btc1h-q1,ladder3x2..20w2-pct1.25-tk1.25-14400-ttl1800,pct1.25 · tk1.25 · 4 ч · без выхода по стене,197,4.3047,-13.6014,17.9061,9,15,84.80259000000001,47,47.0523,10.796,36.2563,5,7,221.14581000000004,да
t-bid-btc1h-q1,ladder3x2..20w2-pct1.25-tk1.25-3600-ttl1800,pct1.25 · tk1.25 · 1 ч · без выхода по стене,250,-1.2392,-7.599,6.3598,9,15,-30.98,58,33.8847,3.1842,30.7005,5,7,196.53126000000003,нет
t-bid-btc1h-q1,ladder3x2..20w2-pct1.25-tk1.25-7200-ttl1800,pct1.25 · tk1.25 · 2 ч · без выхода по стене,216,0.6393,-11.1533,11.7926,8,15,13.808879999999998,55,47.5221,7.5822,39.9399,6,7,261.37155,да
t-bid-btc1h-q1,ladder3x2..20w2-pct1.25-tk1.5-14400-ttl1800,pct1.25 · tk1.5 · 4 ч · без выхода по стене,191,8.6584,-13.5846,22.2429,9,15,165.37544,46,42.0074,17.1539,24.8535,4,7,193.23404,да
t-bid-btc1h-q1,ladder3x2..20w2-pct1.25-tk1.5-3600-ttl1800,pct1.25 · tk1.5 · 1 ч · без выхода по стене,249,-0.7498,-7.6162,6.8664,9,15,-18.67002,58,33.4075,3.4278,29.9797,5,7,193.7635,нет
t-bid-btc1h-q1,ladder3x2..20w2-pct1.25-tk1.5-7200-ttl1800,pct1.25 · tk1.5 · 2 ч · без выхода по стене,214,0.8819,-10.9757,11.8577,7,15,18.87266,55,46.756,8.4628,38.2932,6,7,257.158,да
t-bid-btc1h-q1,ladder3x2..20w2-pct1.25-tk1.75-14400-ttl1800,pct1.25 · tk1.75 · 4 ч · без выхода по стене,191,12.204,-13.2983,25.5022,10,15,233.0964,46,49.7928,18.1118,31.681,5,7,229.04688000000002,да
t-bid-btc1h-q1,ladder3x2..20w2-pct1.25-tk1.75-3600-ttl1800,pct1.25 · tk1.75 · 1 ч · без выхода по стене,249,-0.5091,-7.5613,7.0522,9,15,-12.676590000000001,58,37.1643,3.6672,33.4971,5,7,215.55293999999998,нет
t-bid-btc1h-q1,ladder3x2..20w2-pct1.25-tk1.75-7200-ttl1800,pct1.25 · tk1.75 · 2 ч · без выхода по стене,214,2.7372,-10.8965,13.6337,7,15,58.576080000000005,55,51.9956,8.9029,43.0926,6,7,285.97580000000005,да
t-bid-btc1h-q1,ladder3x2..20w2-pct1.25-tk2-14400-ttl1800,pct1.25 · tk2 · 4 ч · без выхода по стене,189,11.1241,-11.6272,22.7514,9,15,210.24549000000002,46,58.1967,20.3556,37.8412,4,7,267.70482000000004,да
t-bid-btc1h-q1,ladder3x2..20w2-pct1.25-tk2-3600-ttl1800,pct1.25 · tk2 · 1 ч · без выхода по стене,249,-0.6019,-7.5318,6.9299,8,15,-14.987309999999999,58,38.2689,4.2175,34.0514,5,7,221.95962,нет
t-bid-btc1h-q1,ladder3x2..20w2-pct1.25-tk2-7200-ttl1800,pct1.25 · tk2 · 2 ч · без выхода по стене,212,0.7303,-10.5803,11.3106,7,15,15.48236,54,51.197,10.1776,41.0194,6,7,276.4638,да
t-bid-btc1h-q1,ladder3x2..20w2-pct1.5-tk0.5-14400-ttl1800,pct1.5 · tk0.5 · 4 ч · без выхода по стене,216,6.0889,-11.1228,17.2118,11,15,131.52024,53,24.4945,-0.7903,25.2848,6,7,129.82085,да
t-bid-btc1h-q1,ladder3x2..20w2-pct1.5-tk0.5-3600-ttl1800,pct1.5 · tk0.5 · 1 ч · без выхода по стене,257,-0.7954,-6.8851,6.0896,11,15,-20.44178,58,17.2491,-0.5931,17.8422,6,7,100.04477999999999,нет
t-bid-btc1h-q1,ladder3x2..20w2-pct1.5-tk0.5-7200-ttl1800,pct1.5 · tk0.5 · 2 ч · без выхода по стене,226,3.377,-8.9867,12.3637,11,15,76.3202,56,25.8718,-0.2261,26.0979,6,7,144.88208,да
t-bid-btc1h-q1,ladder3x2..20w2-pct1.5-tk0.75-14400-ttl1800,pct1.5 · tk0.75 · 4 ч · без выхода по стене,205,9.0433,-12.1093,21.1525,9,15,185.38765,51,39.546,0.8683,38.6777,6,7,201.6846,да
t-bid-btc1h-q1,ladder3x2..20w2-pct1.5-tk0.75-3600-ttl1800,pct1.5 · tk0.75 · 1 ч · без выхода по стене,253,1.4067,-7.2709,8.6775,11,15,35.589510000000004,58,25.0803,0.4101,24.6702,6,7,145.46574,да
t-bid-btc1h-q1,ladder3x2..20w2-pct1.5-tk0.75-7200-ttl1800,pct1.5 · tk0.75 · 2 ч · без выхода по стене,219,4.9468,-10.1671,15.1138,9,15,108.33491999999998,56,39.9455,1.227,38.7185,7,7,223.69480000000004,да
t-bid-btc1h-q1,ladder3x2..20w2-pct1.5-tk1-14400-ttl1800,pct1.5 · tk1 · 4 ч · без выхода по стене,195,8.1471,-12.7322,20.8793,10,15,158.86845,47,43.1172,8.4777,34.6395,6,7,202.65084,да
t-bid-btc1h-q1,ladder3x2..20w2-pct1.5-tk1-3600-ttl1800,pct1.5 · tk1 · 1 ч · без выхода по стене,252,2.7527,-7.6163,10.369,10,15,69.36804,58,30.2332,2.3331,27.9,6,7,175.35255999999998,да
t-bid-btc1h-q1,ladder3x2..20w2-pct1.5-tk1-7200-ttl1800,pct1.5 · tk1 · 2 ч · без выхода по стене,215,5.2489,-11.0102,16.2591,8,15,112.85135,55,44.2366,5.2856,38.951,7,7,243.30130000000003,да
t-bid-btc1h-q1,ladder3x2..20w2-pct1.5-tk1.25-14400-ttl1800,pct1.5 · tk1.25 · 4 ч · без выхода по стене,192,6.9431,-13.6187,20.5619,10,15,133.30752,46,46.9392,11.5051,35.434,5,7,215.92032,да
t-bid-btc1h-q1,ladder3x2..20w2-pct1.5-tk1.25-3600-ttl1800,pct1.5 · tk1.25 · 1 ч · без выхода по стене,250,0.6181,-7.726,8.344,9,15,15.4525,58,33.0213,3.1778,29.8435,5,7,191.52353999999997,да
t-bid-btc1h-q1,ladder3x2..20w2-pct1.5-tk1.25-7200-ttl1800,pct1.5 · tk1.25 · 2 ч · без выхода по стене,213,3.3989,-11.5756,14.9745,9,15,72.39657,55,47.3133,7.6349,39.6784,6,7,260.22315,да
t-bid-btc1h-q1,ladder3x2..20w2-pct1.5-tk1.5-14400-ttl1800,pct1.5 · tk1.5 · 4 ч · без выхода по стене,186,12.0825,-13.6162,25.6987,9,15,224.73449999999997,45,40.2326,18.0988,22.1338,3,7,181.0467,да
t-bid-btc1h-q1,ladder3x2..20w2-pct1.5-tk1.5-3600-ttl1800,pct1.5 · tk1.5 · 1 ч · без выхода по стене,249,1.1149,-7.7437,8.8586,9,15,27.76101,58,32.5442,3.4214,29.1228,5,7,188.75635999999997,да
t-bid-btc1h-q1,ladder3x2..20w2-pct1.5-tk1.5-7200-ttl1800,pct1.5 · tk1.5 · 2 ч · без выхода по стене,211,3.6779,-11.3979,15.0759,7,15,77.60369,55,46.2252,8.5155,37.7097,6,7,254.2386,да
t-bid-btc1h-q1,ladder3x2..20w2-pct1.5-tk1.75-14400-ttl1800,pct1.5 · tk1.75 · 4 ч · без выхода по стене,186,16.164,-13.3178,29.4818,10,15,300.65040000000005,45,47.7393,19.0778,28.6615,5,7,214.82685,да
t-bid-btc1h-q1,ladder3x2..20w2-pct1.5-tk1.75-3600-ttl1800,pct1.5 · tk1.75 · 1 ч · без выхода по стене,249,1.3556,-7.6888,9.0444,9,15,33.75444,58,36.301,3.6608,32.6402,5,7,210.5458,да
t-bid-btc1h-q1,ladder3x2..20w2-pct1.5-tk1.75-7200-ttl1800,pct1.5 · tk1.75 · 2 ч · без выхода по стене,211,5.555,-11.3128,16.8678,7,15,117.2105,55,51.4647,8.9556,42.5091,6,7,283.05585,да
t-bid-btc1h-q1,ladder3x2..20w2-pct1.5-tk2-14400-ttl1800,pct1.5 · tk2 · 4 ч · без выхода по стене,184,15.2192,-11.6186,26.8378,10,15,280.03328,45,55.7278,21.3715,34.3563,4,7,250.7751,да
t-bid-btc1h-q1,ladder3x2..20w2-pct1.5-tk2-3600-ttl1800,pct1.5 · tk2 · 1 ч · без выхода по стене,249,1.2628,-7.6593,8.9221,8,15,31.443719999999995,58,37.4055,4.2111,33.1945,5,7,216.95190000000002,да
t-bid-btc1h-q1,ladder3x2..20w2-pct1.5-tk2-7200-ttl1800,pct1.5 · tk2 · 2 ч · без выхода по стене,209,3.5297,-11.0083,14.538,7,15,73.77073,54,50.6564,10.2313,40.425,6,7,273.54456,да
t-bid-btc1h-q1,ladder3x2..20w2-pct1.5-tr0.5x0.25-14400-ttl1800,pct1.5 · tr0.5x0.25 · 4 ч · без выхода по стене,215,9.7752,-11.5023,21.2775,11,15,210.16680000000002,51,33.3716,1.0683,32.3033,6,7,170.19516000000002,да
t-bid-btc1h-q1,ladder3x2..20w2-pct1.5-tr0.5x0.25-3600-ttl1800,pct1.5 · tr0.5x0.25 · 1 ч · без выхода по стене,255,1.172,-6.9239,8.0959,10,15,29.885999999999996,58,26.4046,0.6528,25.7518,6,7,153.14668,да
t-bid-btc1h-q1,ladder3x2..20w2-pct1.5-tr0.5x0.25-7200-ttl1800,pct1.5 · tr0.5x0.25 · 2 ч · без выхода по стене,225,7.0251,-9.1964,16.2215,10,15,158.06475,56,35.4928,1.5038,33.9891,7,7,198.75968000000003,да
t-bid-btc1h-q1,ladder3x2..20w2-pct1.5-tr0.5x0.5-14400-ttl1800,pct1.5 · tr0.5x0.5 · 4 ч · без выхода по стене,210,10.8167,-12.1399,22.9566,11,15,227.1507,50,39.3036,4.5274,34.7762,6,7,196.518,да
t-bid-btc1h-q1,ladder3x2..20w2-pct1.5-tr0.5x0.5-3600-ttl1800,pct1.5 · tr0.5x0.5 · 1 ч · без выхода по стене,255,2.9497,-6.9744,9.9241,10,15,75.21735,57,28.3001,2.0431,26.257,6,7,161.31057,да
t-bid-btc1h-q1,ladder3x2..20w2-pct1.5-tr0.5x0.5-7200-ttl1800,pct1.5 · tr0.5x0.5 · 2 ч · без выхода по стене,223,9.3611,-9.419,18.7801,10,15,208.75253000000004,55,41.4289,3.7376,37.6913,7,7,227.85895,да
t-bid-btc1h-q1,ladder3x2..20w2-pct1.5-tr1.5x0.25-14400-ttl1800,pct1.5 · tr1.5x0.25 · 4 ч · без выхода по стене,186,14.4298,-13.6201,28.0499,9,15,268.39428,45,42.8858,18.3494,24.5365,4,7,192.98610000000002,да
t-bid-btc1h-q1,ladder3x2..20w2-pct1.5-tr1.5x0.25-3600-ttl1800,pct1.5 · tr1.5x0.25 · 1 ч · без выхода по стене,249,2.1317,-7.7544,9.8861,9,15,53.07932999999999,58,35.3112,3.5488,31.7624,5,7,204.80496,да
t-bid-btc1h-q1,ladder3x2..20w2-pct1.5-tr1.5x0.25-7200-ttl1800,pct1.5 · tr1.5x0.25 · 2 ч · без выхода по стене,211,6.3918,-11.5041,17.8959,7,15,134.86697999999998,55,50.0179,8.5731,41.4448,6,7,275.09845,да
t-bid-btc1h-q1,ladder3x2..20w2-pct1.5-tr1.5x0.5-14400-ttl1800,pct1.5 · tr1.5x0.5 · 4 ч · без выхода по стене,185,14.4826,-13.0706,27.5532,9,15,267.9281,44,48.1323,20.2374,27.8949,4,7,211.78212,да
t-bid-btc1h-q1,ladder3x2..20w2-pct1.5-tr1.5x0.5-3600-ttl1800,pct1.5 · tr1.5x0.5 · 1 ч · без выхода по стене,249,1.7815,-7.7616,9.5431,9,15,44.35935,57,35.3788,4.164,31.2148,5,7,201.65915999999999,да
t-bid-btc1h-q1,ladder3x2..20w2-pct1.5-tr1.5x0.5-7200-ttl1800,pct1.5 · tr1.5x0.5 · 2 ч · без выхода по стене,210,5.5795,-11.233,16.8124,7,15,117.16950000000001,54,55.4231,9.7156,45.7074,6,7,299.28474,да
t-bid-btc1h-q1,ladder3x2..20w2-pct1.5-tr1.5x1-14400-ttl1800,pct1.5 · tr1.5x1 · 4 ч · без выхода по стене,184,14.7941,-10.938,25.7321,9,15,272.21144,43,54.1469,25.6608,28.4861,5,7,232.83167000000003,да
t-bid-btc1h-q1,ladder3x2..20w2-pct1.5-tr1.5x1-3600-ttl1800,pct1.5 · tr1.5x1 · 1 ч · без выхода по стене,249,1.8917,-7.5117,9.4034,9,15,47.10333,57,34.9313,4.5019,30.4294,5,7,199.10841,да
t-bid-btc1h-q1,ladder3x2..20w2-pct1.5-tr1.5x1-7200-ttl1800,pct1.5 · tr1.5x1 · 2 ч · без выхода по стене,209,7.4215,-10.4536,17.8751,7,15,155.10935,52,47.8429,11.215,36.6278,6,7,248.78308,да
t-bid-btc1h-q1,ladder3x2..20w2-pct1.5-tr1x0.25-14400-ttl1800,pct1.5 · tr1x0.25 · 4 ч · без выхода по стене,195,9.4043,-12.6304,22.0348,11,15,183.38385,47,52.6848,9.4345,43.2504,6,7,247.61856000000003,да
t-bid-btc1h-q1,ladder3x2..20w2-pct1.5-tr1x0.25-3600-ttl1800,pct1.5 · tr1x0.25 · 1 ч · без выхода по стене,252,3.531,-7.6411,11.1721,10,15,88.9812,58,35.8249,2.7855,33.0394,6,7,207.78442,да
t-bid-btc1h-q1,ladder3x2..20w2-pct1.5-tr1x0.25-7200-ttl1800,pct1.5 · tr1x0.25 · 2 ч · без выхода по стене,215,6.7599,-10.9875,17.7474,9,15,145.33785,55,50.1419,5.9003,44.2416,7,7,275.78045000000003,да
t-bid-btc1h-q1,ladder3x2..20w2-pct1.5-tr1x0.5-14400-ttl1800,pct1.5 · tr1x0.5 · 4 ч · без выхода по стене,194,9.5103,-12.3709,21.8812,9,15,184.49982000000003,46,51.9227,12.787,39.1357,6,7,238.84441999999999,да
t-bid-btc1h-q1,ladder3x2..20w2-pct1.5-tr1x0.5-3600-ttl1800,pct1.5 · tr1x0.5 · 1 ч · без выхода по стене,252,4.0768,-7.5979,11.6747,9,15,102.73536000000001,57,32.1914,3.5263,28.6651,6,7,183.49098,да
t-bid-btc1h-q1,ladder3x2..20w2-pct1.5-tr1x0.5-7200-ttl1800,pct1.5 · tr1x0.5 · 2 ч · без выхода по стене,214,7.3448,-11.0653,18.4101,8,15,157.17872,54,52.1656,7.9295,44.2361,7,7,281.69424,да
t-bid-btc1h-q1,ladder3x2..20w2-pct1.5-tr1x1-14400-ttl1800,pct1.5 · tr1x1 · 4 ч · без выхода по стене,192,15.8442,-9.76,25.6042,11,15,304.20864,44,50.6522,19.654,30.9982,5,7,222.86968000000002,да
t-bid-btc1h-q1,ladder3x2..20w2-pct1.5-tr1x1-3600-ttl1800,pct1.5 · tr1x1 · 1 ч · без выхода по стене,252,3.2119,-7.5095,10.7214,10,15,80.93987999999999,57,32.2846,4.1023,28.1822,5,7,184.02222,да
t-bid-btc1h-q1,ladder3x2..20w2-pct1.5-tr1x1-7200-ttl1800,pct1.5 · tr1x1 · 2 ч · без выхода по стене,213,10.1383,-10.2105,20.3488,10,15,215.94579,52,44.0504,9.9656,34.0848,6,7,229.06208,да
t-bid-btc1h-q1,ladder3x2..20w2-pct1.5-tr2x0.25-14400-ttl1800,pct1.5 · tr2x0.25 · 4 ч · без выхода по стене,184,15.8441,-11.609,27.4532,10,15,291.53144,45,58.1711,21.5417,36.6294,5,7,261.76995,да
t-bid-btc1h-q1,ladder3x2..20w2-pct1.5-tr2x0.25-3600-ttl1800,pct1.5 · tr2x0.25 · 1 ч · без выхода по стене,249,2.0436,-7.6544,9.698,8,15,50.88564,58,38.0494,4.2294,33.82,5,7,220.68651999999997,да
t-bid-btc1h-q1,ladder3x2..20w2-pct1.5-tr2x0.25-7200-ttl1800,pct1.5 · tr2x0.25 · 2 ч · без выхода по стене,209,4.4934,-11.0158,15.5093,7,15,93.91206000000001,54,52.8018,10.3051,42.4967,6,7,285.12972,да
t-bid-btc1h-q1,ladder3x2..20w2-pct1.5-tr2x0.5-14400-ttl1800,pct1.5 · tr2x0.5 · 4 ч · без выхода по стене,184,16.1476,-11.2063,27.3539,10,15,297.11584000000005,44,64.9296,23.5473,41.3823,5,7,285.69024,да
t-bid-btc1h-q1,ladder3x2..20w2-pct1.5-tr2x0.5-3600-ttl1800,pct1.5 · tr2x0.5 · 1 ч · без выхода по стене,249,1.3507,-7.6633,9.0139,8,15,33.63243,57,36.506,4.4828,32.0232,5,7,208.0842,да
t-bid-btc1h-q1,ladder3x2..20w2-pct1.5-tr2x0.5-7200-ttl1800,pct1.5 · tr2x0.5 · 2 ч · без выхода по стене,209,5.4397,-10.9257,16.3655,7,15,113.68973000000001,53,55.05,11.0543,43.9957,6,7,291.765,да
t-bid-btc1h-q1,ladder3x2..20w2-pct1.5-tr2x1-14400-ttl1800,pct1.5 · tr2x1 · 4 ч · без выхода по стене,183,14.7121,-9.7881,24.5002,10,15,269.23143,43,54.728,26.0421,28.6859,5,7,235.3304,да
t-bid-btc1h-q1,ladder3x2..20w2-pct1.5-tr2x1-3600-ttl1800,pct1.5 · tr2x1 · 1 ч · без выхода по стене,249,1.4966,-7.5214,9.0179,8,15,37.265339999999995,57,34.9313,4.5019,30.4294,5,7,199.10841,да
t-bid-btc1h-q1,ladder3x2..20w2-pct1.5-tr2x1-7200-ttl1800,pct1.5 · tr2x1 · 2 ч · без выхода по стене,208,4.8626,-10.6034,15.4661,6,15,101.14207999999999,52,47.9763,11.2548,36.7215,6,7,249.47676,да
t-bid-btc1h-q1,ladder3x2..20w2-pct1.75-tk0.5-14400-ttl1800,pct1.75 · tk0.5 · 4 ч · без выхода по стене,214,8.9724,-11.7012,20.6736,11,15,192.00936000000002,53,24.712,-0.7911,25.5031,5,7,130.97359999999998,да
t-bid-btc1h-q1,ladder3x2..20w2-pct1.75-tk0.5-3600-ttl1800,pct1.75 · tk0.5 · 1 ч · без выхода по стене,257,0.8068,-7.1098,7.9165,10,15,20.73476,58,16.6502,-0.5877,17.2379,5,7,96.57116,да
t-bid-btc1h-q1,ladder3x2..20w2-pct1.75-tk0.5-7200-ttl1800,pct1.75 · tk0.5 · 2 ч · без выхода по стене,225,5.6826,-9.4374,15.1199,11,15,127.8585,56,25.2515,-0.2205,25.472,6,7,141.4084,да
t-bid-btc1h-q1,ladder3x2..20w2-pct1.75-tk0.75-14400-ttl1800,pct1.75 · tk0.75 · 4 ч · без выхода по стене,203,13.4826,-12.5935,26.0761,11,15,273.69678,51,39.772,0.8674,38.9046,6,7,202.8372,да
t-bid-btc1h-q1,ladder3x2..20w2-pct1.75-tk0.75-3600-ttl1800,pct1.75 · tk0.75 · 1 ч · без выхода по стене,253,2.9496,-7.5002,10.4497,11,15,74.62488,58,24.4814,0.4155,24.0658,5,7,141.99212,да
t-bid-btc1h-q1,ladder3x2..20w2-pct1.75-tk0.75-7200-ttl1800,pct1.75 · tk0.75 · 2 ч · без выхода по стене,218,8.2098,-10.6812,18.891,9,15,178.97364,56,39.3252,1.2326,38.0926,6,7,220.22112,да
t-bid-btc1h-q1,ladder3x2..20w2-pct1.75-tk1-14400-ttl1800,pct1.75 · tk1 · 4 ч · без выхода по стене,193,13.1906,-13.3134,26.504,10,15,254.57858000000002,47,43.3624,8.4768,34.8856,6,7,203.80328,да
t-bid-btc1h-q1,ladder3x2..20w2-pct1.75-tk1-3600-ttl1800,pct1.75 · tk1 · 1 ч · без выхода по стене,252,4.0785,-7.8465,11.925,9,15,102.7782,58,29.6343,2.3386,27.2957,6,7,171.87894,да
t-bid-btc1h-q1,ladder3x2..20w2-pct1.75-tk1-7200-ttl1800,pct1.75 · tk1 · 2 ч · без выхода по стене,214,9.0583,-11.556,20.6142,9,15,193.84761999999998,55,43.605,5.2914,38.3137,7,7,239.82749999999996,да
t-bid-btc1h-q1,ladder3x2..20w2-pct1.75-tk1.25-14400-ttl1800,pct1.75 · tk1.25 · 4 ч · без выхода по стене,190,12.9191,-14.1099,27.029,10,15,245.4629,45,51.7145,10.474,41.2405,5,6,232.71525000000003,да
t-bid-btc1h-q1,ladder3x2..20w2-pct1.75-tk1.25-3600-ttl1800,pct1.75 · tk1.25 · 1 ч · без выхода по стене,250,2.0908,-7.958,10.0489,8,15,52.27,58,32.4224,3.1832,29.2392,5,7,188.04992000000001,да
t-bid-btc1h-q1,ladder3x2..20w2-pct1.75-tk1.25-7200-ttl1800,pct1.75 · tk1.25 · 2 ч · без выхода по стене,212,7.5736,-12.109,19.6825,10,15,160.56032,55,47.2,7.665,39.535,6,7,259.6,да
t-bid-btc1h-q1,ladder3x2..20w2-pct1.75-tk1.5-14400-ttl1800,pct1.75 · tk1.5 · 4 ч · без выхода по стене,184,19.1772,-13.986,33.1632,10,15,352.86048,44,44.7986,17.4676,27.331,3,6,197.11384,да
t-bid-btc1h-q1,ladder3x2..20w2-pct1.75-tk1.5-3600-ttl1800,pct1.75 · tk1.5 · 1 ч · без выхода по стене,249,2.5936,-7.9767,10.5703,9,15,64.58063999999999,58,31.9453,3.4268,28.5185,5,7,185.28274,да
t-bid-btc1h-q1,ladder3x2..20w2-pct1.75-tk1.5-7200-ttl1800,pct1.75 · tk1.5 · 2 ч · без выхода по стене,210,8.0808,-11.9356,20.0164,8,15,169.6968,55,45.6287,8.5458,37.0829,6,7,250.95785,да
t-bid-btc1h-q1,ladder3x2..20w2-pct1.75-tk1.75-14400-ttl1800,pct1.75 · tk1.75 · 4 ч · без выхода по стене,184,23.5908,-12.9569,36.5477,10,15,434.07072000000005,44,52.4759,18.4689,34.007,5,6,230.89396000000002,да
t-bid-btc1h-q1,ladder3x2..20w2-pct1.75-tk1.75-3600-ttl1800,pct1.75 · tk1.75 · 1 ч · без выхода по стене,249,2.8343,-7.9218,10.7561,9,15,70.57406999999999,58,35.7021,3.6662,32.0359,5,7,207.07218000000003,да
t-bid-btc1h-q1,ladder3x2..20w2-pct1.75-tk1.75-7200-ttl1800,pct1.75 · tk1.75 · 2 ч · без выхода по стене,210,10.4693,-11.6021,22.0714,7,15,219.8553,55,50.8682,8.9859,41.8823,6,7,279.7751,да
t-bid-btc1h-q1,ladder3x2..20w2-pct1.75-tk2-14400-ttl1800,pct1.75 · tk2 · 4 ч · без выхода по стене,182,23.0444,-11.2466,34.291,10,15,419.40808,44,60.6459,20.8147,39.8312,4,6,266.84196,да
t-bid-btc1h-q1,ladder3x2..20w2-pct1.75-tk2-3600-ttl1800,pct1.75 · tk2 · 1 ч · без выхода по стене,249,2.7415,-7.8923,10.6338,8,15,68.26334999999999,58,36.8066,4.2165,32.5901,5,7,213.47827999999998,да
t-bid-btc1h-q1,ladder3x2..20w2-pct1.75-tk2-7200-ttl1800,pct1.75 · tk2 · 2 ч · без выхода по стене,208,8.6368,-11.3066,19.9433,7,15,179.64543999999998,54,50.0488,10.2622,39.7866,6,7,270.26352,да
t-bid-btc1h-q1,ladder3x2..20w2-pct2-1to1-14400-ttl1800-eat20,pct2 · 1to1 · 4 ч · eat20,258,1.6498,-4.3979,6.0477,8,14,42.56484,58,18.4061,3.6338,14.7723,3,7,106.75537999999999,да
t-bid-btc1h-q1,ladder3x2..20w2-pct2-1to1-3600-ttl1800-eat20,pct2 · 1to1 · 1 ч · eat20,279,0.4716,-4.7378,5.2094,9,14,13.15764,64,14.8935,0.4662,14.4273,3,7,95.3184,да
t-bid-btc1h-q1,ladder3x2..20w2-pct2-1to1-7200-ttl1800-eat20,pct2 · 1to1 · 2 ч · eat20,266,1.5625,-4.721,6.2835,9,14,41.5625,60,16.0066,2.2379,13.7687,4,7,96.0396,да
t-bid-btc1h-q1,ladder3x2..20w2-pct2-tk0.5-14400-ttl1800,pct2 · tk0.5 · 4 ч · без выхода по стене,211,10.4494,-12.0718,22.5212,11,15,220.48234000000002,52,33.1343,-0.2101,33.3444,7,7,172.29836000000003,да
t-bid-btc1h-q1,ladder3x2..20w2-pct2-tk0.5-3600-ttl1800,pct2 · tk0.5 · 1 ч · без выхода по стене,257,0.936,-7.2089,8.1449,9,15,24.055200000000003,58,20.4026,-0.8392,21.2418,7,7,118.33507999999999,да
t-bid-btc1h-q1,ladder3x2..20w2-pct2-tk0.5-7200-ttl1800,pct2 · tk0.5 · 2 ч · без выхода по стене,223,6.9627,-9.7169,16.6797,11,15,155.26821,56,32.6841,-0.9443,33.6284,7,7,183.03096,да
t-bid-btc1h-q1,ladder3x2..20w2-pct2-tk0.75-14400-ttl1800,pct2 · tk0.75 · 4 ч · без выхода по стене,200,14.5062,-13.0101,27.5163,11,15,290.12399999999997,50,49.4044,1.9424,47.462,7,7,247.02200000000002,да
t-bid-btc1h-q1,ladder3x2..20w2-pct2-tk0.75-3600-ttl1800,pct2 · tk0.75 · 1 ч · без выхода по стене,253,2.9962,-7.6031,10.5992,9,15,75.80386,58,28.2337,0.164,28.0698,7,7,163.75546,да
t-bid-btc1h-q1,ladder3x2..20w2-pct2-tk0.75-7200-ttl1800,pct2 · tk0.75 · 2 ч · без выхода по стене,216,9.1395,-10.9977,20.1371,10,15,197.41320000000002,56,46.2471,0.624,45.6232,7,7,258.98376,да
t-bid-btc1h-q1,ladder3x2..20w2-pct2-tk1-14400-ttl1800,pct2 · tk1 · 4 ч · без выхода по стене,192,16.5907,-14.03,30.6208,11,15,318.54143999999997,46,54.3545,9.8154,44.5392,6,7,250.03070000000002,да
t-bid-btc1h-q1,ladder3x2..20w2-pct2-tk1-3600-ttl1800,pct2 · tk1 · 1 ч · без выхода по стене,252,4.3958,-8.0104,12.4062,10,15,110.77416000000001,58,33.3866,2.087,31.2997,6,7,193.64228,да
t-bid-btc1h-q1,ladder3x2..20w2-pct2-tk1-7200-ttl1800,pct2 · tk1 · 2 ч · без выхода по стене,213,11.7107,-11.8583,23.5689,10,15,249.43790999999996,55,50.6528,4.6716,45.9812,7,7,278.5904,да
t-bid-btc1h-q1,ladder3x2..20w2-pct2-tk1.25-14400-ttl1800,pct2 · tk1.25 · 4 ч · без выхода по стене,188,16.9049,-14.7941,31.699,11,15,317.81212,44,63.9533,11.9243,52.029,5,6,281.39452,да
t-bid-btc1h-q1,ladder3x2..20w2-pct2-tk1.25-3600-ttl1800,pct2 · tk1.25 · 1 ч · без выхода по стене,250,2.431,-8.1233,10.5543,9,15,60.775,58,36.1748,2.9317,33.2432,5,7,209.81383999999997,да
t-bid-btc1h-q1,ladder3x2..20w2-pct2-tk1.25-7200-ttl1800,pct2 · tk1.25 · 2 ч · без выхода по стене,211,10.3395,-12.6655,23.005,11,15,218.16344999999995,55,54.2478,7.0453,47.2025,6,7,298.36289999999997,да
t-bid-btc1h-q1,ladder3x2..20w2-pct2-tk1.5-14400-ttl1800,pct2 · tk1.5 · 4 ч · без выхода по стене,182,23.3646,-14.7006,38.0652,11,15,425.23571999999996,43,57.1052,19.142,37.9632,3,6,245.55236,да
t-bid-btc1h-q1,ladder3x2..20w2-pct2-tk1.5-3600-ttl1800,pct2 · tk1.5 · 1 ч · без выхода по стене,249,2.9352,-8.1426,11.0778,9,15,73.08648000000001,58,35.6977,3.1752,32.5224,5,7,207.04665999999997,да
t-bid-btc1h-q1,ladder3x2..20w2-pct2-tk1.5-7200-ttl1800,pct2 · tk1.5 · 2 ч · без выхода по стене,209,10.8756,-12.4966,23.3722,9,15,227.30004,55,52.1128,7.934,44.1788,6,7,286.6204,да
t-bid-btc1h-q1,ladder3x2..20w2-pct2-tk1.75-14400-ttl1800,pct2 · tk1.75 · 4 ч · без выхода по стене,182,27.8226,-13.6373,41.4599,12,15,506.37132,43,65.4362,20.2021,45.2341,4,6,281.37566000000004,да
t-bid-btc1h-q1,ladder3x2..20w2-pct2-tk1.75-3600-ttl1800,pct2 · tk1.75 · 1 ч · без выхода по стене,249,3.1759,-8.0877,11.2636,8,15,79.07991,58,39.4545,3.4147,36.0398,5,7,228.83610000000004,да
t-bid-btc1h-q1,ladder3x2..20w2-pct2-tk1.75-7200-ttl1800,pct2 · tk1.75 · 2 ч · без выхода по стене,209,13.2755,-12.1615,25.437,8,15,277.45795,55,57.3524,8.3741,48.9782,6,7,315.4382,да
t-bid-btc1h-q1,ladder3x2..20w2-pct2-tk2-14400-ttl1800,pct2 · tk2 · 4 ч · без выхода по стене,180,27.2264,-11.9266,39.153,10,15,490.07520000000005,43,74.4613,22.626,51.8353,4,6,320.18359,да
t-bid-btc1h-q1,ladder3x2..20w2-pct2-tk2-3600-ttl1800,pct2 · tk2 · 1 ч · без выхода по стене,249,3.0831,-8.0582,11.1413,8,15,76.76919000000001,58,40.559,3.9649,36.5941,5,7,235.2422,да
t-bid-btc1h-q1,ladder3x2..20w2-pct2-tk2-7200-ttl1800,pct2 · tk2 · 2 ч · без выхода по стене,207,11.3334,-11.8794,23.2128,8,15,234.60137999999998,54,56.653,9.6391,47.014,6,7,305.9262,да
t-bid-btc1h-q1,ladder3x2..20w2-pct2-tr0.5x0.25-14400-ttl1800,pct2 · tr0.5x0.25 · 4 ч · без выхода по стене,210,13.852,-12.3206,26.1725,12,15,290.892,50,42.126,1.7419,40.3841,7,7,210.62999999999997,да
t-bid-btc1h-q1,ladder3x2..20w2-pct2-tr0.5x0.25-3600-ttl1800,pct2 · tr0.5x0.25 · 1 ч · без выхода по стене,255,2.917,-7.2503,10.1673,9,15,74.3835,58,29.5581,0.4067,29.1514,7,7,171.43698,да
t-bid-btc1h-q1,ladder3x2..20w2-pct2-tr0.5x0.25-7200-ttl1800,pct2 · tr0.5x0.25 · 2 ч · без выхода по стене,222,10.4918,-9.9019,20.3936,10,15,232.91796,56,41.9403,0.815,41.1253,7,7,234.86568000000003,да
t-bid-btc1h-q1,ladder3x2..20w2-pct2-tr0.5x0.5-14400-ttl1800,pct2 · tr0.5x0.5 · 4 ч · без выхода по стене,205,15.4902,-12.8092,28.2994,11,15,317.5491,49,48.0242,5.303,42.7212,7,7,235.31858000000003,да
t-bid-btc1h-q1,ladder3x2..20w2-pct2-tr0.5x0.5-3600-ttl1800,pct2 · tr0.5x0.5 · 1 ч · без выхода по стене,255,4.6947,-7.3008,11.9955,9,15,119.71485,57,31.5089,1.7927,29.7162,6,7,179.60073,да
t-bid-btc1h-q1,ladder3x2..20w2-pct2-tr0.5x0.5-7200-ttl1800,pct2 · tr0.5x0.5 · 2 ч · без выхода по стене,220,13.735,-10.1027,23.8377,10,15,302.16999999999996,55,47.6965,3.0521,44.6443,7,7,262.33074999999997,да
t-bid-btc1h-q1,ladder3x2..20w2-pct2-tr1.5x0.25-14400-ttl1800,pct2 · tr1.5x0.25 · 4 ч · без выхода по стене,182,25.8613,-14.6981,40.5594,11,15,470.67566,43,59.2168,19.4223,39.7945,4,6,254.63224,да
t-bid-btc1h-q1,ladder3x2..20w2-pct2-tr1.5x0.25-3600-ttl1800,pct2 · tr1.5x0.25 · 1 ч · без выхода по стене,249,3.952,-8.1533,12.1053,9,15,98.4048,58,38.4647,3.3026,35.162,5,7,223.09526,да
t-bid-btc1h-q1,ladder3x2..20w2-pct2-tr1.5x0.25-7200-ttl1800,pct2 · tr1.5x0.25 · 2 ч · без выхода по стене,209,13.6521,-12.6016,26.2537,9,15,285.32889,55,55.9055,7.9916,47.914,6,7,307.48025,да
t-bid-btc1h-q1,ladder3x2..20w2-pct2-tr1.5x0.5-14400-ttl1800,pct2 · tr1.5x0.5 · 4 ч · без выхода по стене,181,26.3894,-14.137,40.5264,11,15,477.64813999999996,42,66.172,21.4989,44.6731,4,6,277.9224,да
t-bid-btc1h-q1,ladder3x2..20w2-pct2-tr1.5x0.5-3600-ttl1800,pct2 · tr1.5x0.5 · 1 ч · без выхода по стене,249,3.6018,-8.1605,11.7623,9,15,89.68482,57,38.5876,3.9135,34.6741,5,7,219.94932,да
t-bid-btc1h-q1,ladder3x2..20w2-pct2-tr1.5x0.5-7200-ttl1800,pct2 · tr1.5x0.5 · 2 ч · без выхода по стене,208,13.2374,-12.3531,25.5905,9,15,275.33792,54,61.4197,9.1233,52.2964,6,7,331.66638,да
t-bid-btc1h-q1,ladder3x2..20w2-pct2-tr1.5x1-14400-ttl1800,pct2 · tr1.5x1 · 4 ч · без выхода по стене,180,28.1498,-11.8484,39.9982,11,15,506.6964,41,71.7242,27.2318,44.4924,5,6,294.06922,да
t-bid-btc1h-q1,ladder3x2..20w2-pct2-tr1.5x1-3600-ttl1800,pct2 · tr1.5x1 · 1 ч · без выхода по стене,249,3.712,-7.9106,11.6226,8,15,92.4288,57,38.1401,4.2515,33.8886,5,7,217.39856999999998,да
t-bid-btc1h-q1,ladder3x2..20w2-pct2-tr1.5x1-7200-ttl1800,pct2 · tr1.5x1 · 2 ч · без выхода по стене,207,15.0101,-11.5901,26.6003,9,15,310.70907,52,54.0702,10.6,43.4702,6,7,281.16504,да
t-bid-btc1h-q1,ladder3x2..20w2-pct2-tr1x0.25-14400-ttl1800,pct2 · tr1x0.25 · 4 ч · без выхода по стене,192,18.0364,-13.9098,31.9463,11,15,346.29888,46,64.6631,10.8315,53.8316,6,7,297.45025999999996,да
t-bid-btc1h-q1,ladder3x2..20w2-pct2-tr1x0.25-3600-ttl1800,pct2 · tr1x0.25 · 1 ч · без выхода по стене,252,5.1741,-8.0352,13.2093,10,15,130.38732,58,38.9784,2.5394,36.439,6,7,226.07472,да
t-bid-btc1h-q1,ladder3x2..20w2-pct2-tr1x0.25-7200-ttl1800,pct2 · tr1x0.25 · 2 ч · без выхода по стене,213,12.9614,-11.8466,24.8079,10,15,276.07782,55,56.5581,5.2862,51.2718,7,7,311.06955000000005,да
t-bid-btc1h-q1,ladder3x2..20w2-pct2-tr1x0.5-14400-ttl1800,pct2 · tr1x0.5 · 4 ч · без выхода по стене,191,19.5247,-13.6185,33.1432,11,15,372.92177,45,65.1489,14.3579,50.791,6,7,293.17005,да
t-bid-btc1h-q1,ladder3x2..20w2-pct2-tr1x0.5-3600-ttl1800,pct2 · tr1x0.5 · 1 ч · без выхода по стене,252,5.7199,-7.992,13.712,9,15,144.14148,57,35.4002,3.2758,32.1244,6,7,201.78114,да
t-bid-btc1h-q1,ladder3x2..20w2-pct2-tr1x0.5-7200-ttl1800,pct2 · tr1x0.5 · 2 ч · без выхода по стене,212,14.4817,-11.9619,26.4436,10,15,307.01203999999996,54,58.7006,7.3041,51.3965,7,7,316.98324,да
t-bid-btc1h-q1,ladder3x2..20w2-pct2-tr1x1-14400-ttl1800,pct2 · tr1x1 · 4 ч · без выхода по стене,189,27.2598,-10.795,38.0548,12,15,515.2102199999999,43,63.3239,21.4711,41.8528,5,7,272.29277,да
t-bid-btc1h-q1,ladder3x2..20w2-pct2-tr1x1-3600-ttl1800,pct2 · tr1x1 · 1 ч · без выхода по стене,252,4.8549,-7.9037,12.7586,9,15,122.34348,57,35.4934,3.8519,31.6415,5,7,202.31238000000002,да
t-bid-btc1h-q1,ladder3x2..20w2-pct2-tr1x1-7200-ttl1800,pct2 · tr1x1 · 2 ч · без выхода по стене,211,16.9784,-11.1449,28.1234,10,15,358.24424,52,50.8368,9.3162,41.5206,6,7,264.35136,да
t-bid-btc1h-q1,ladder3x2..20w2-pct2-tr2x0.25-14400-ttl1800,pct2 · tr2x0.25 · 4 ч · без выхода по стене,180,27.885,-11.9202,39.8051,10,15,501.93,43,76.8282,22.8258,54.0024,5,6,330.36126,да
t-bid-btc1h-q1,ladder3x2..20w2-pct2-tr2x0.25-3600-ttl1800,pct2 · tr2x0.25 · 1 ч · без выхода по стене,249,3.8639,-8.0533,11.9172,8,15,96.21111,58,41.2029,3.9833,37.2196,5,7,238.97682,да
t-bid-btc1h-q1,ladder3x2..20w2-pct2-tr2x0.25-7200-ttl1800,pct2 · tr2x0.25 · 2 ч · без выхода по стене,207,12.236,-11.8906,24.1266,8,15,253.28520000000003,54,58.7984,9.7128,49.0856,6,7,317.51136,да
t-bid-btc1h-q1,ladder3x2..20w2-pct2-tr2x0.5-14400-ttl1800,pct2 · tr2x0.5 · 4 ч · без выхода по стене,180,28.2602,-11.5067,39.7669,10,15,508.6836,42,83.7691,24.9664,58.8027,5,6,351.83021999999994,да
t-bid-btc1h-q1,ladder3x2..20w2-pct2-tr2x0.5-3600-ttl1800,pct2 · tr2x0.5 · 1 ч · без выхода по стене,249,3.1709,-8.0622,11.2331,8,15,78.95541,57,39.7148,4.2323,35.4825,5,7,226.37435999999997,да
t-bid-btc1h-q1,ladder3x2..20w2-pct2-tr2x0.5-7200-ttl1800,pct2 · tr2x0.5 · 2 ч · без выхода по стене,207,13.158,-11.803,24.961,8,15,272.37059999999997,53,61.1598,10.4509,50.7089,6,7,324.14694,да
t-bid-btc1h-q1,ladder3x2..20w2-pct2-tr2x1-14400-ttl1800,pct2 · tr2x1 · 4 ч · без выхода по стене,179,27.5863,-10.0692,37.6555,10,15,493.7947700000001,41,72.3336,27.6317,44.7019,5,6,296.56776,да
t-bid-btc1h-q1,ladder3x2..20w2-pct2-tr2x1-3600-ttl1800,pct2 · tr2x1 · 1 ч · без выхода по стене,249,3.3168,-7.9203,11.2371,8,15,82.58832000000001,57,38.1401,4.2515,33.8886,5,7,217.39856999999998,да
t-bid-btc1h-q1,ladder3x2..20w2-pct2-tr2x1-7200-ttl1800,pct2 · tr2x1 · 2 ч · без выхода по стене,206,12.488,-11.5005,23.9885,8,15,257.2528,52,54.2036,10.6398,43.5639,6,7,281.85872,да
t-bid-btc4h-q1,ladder3x2..20w2-pct0.5-tk0.5-14400-ttl1800,pct0.5 · tk0.5 · 4 ч · без выхода по стене,166,0.6688,-12.4905,13.1593,9,11,11.102079999999999,28,12.4201,-2.8079,15.228,5,6,34.77628,да
t-bid-btc4h-q1,ladder3x2..20w2-pct0.5-tk0.5-3600-ttl1800,pct0.5 · tk0.5 · 1 ч · без выхода по стене,187,-1.3912,-10.4735,9.0823,10,11,-26.01544,28,6.3977,-2.0891,8.4869,4,6,17.91356,нет
t-bid-btc4h-q1,ladder3x2..20w2-pct0.5-tk0.5-7200-ttl1800,pct0.5 · tk0.5 · 2 ч · без выхода по стене,171,-0.1051,-11.9631,11.858,9,11,-1.7972100000000002,28,12.1356,-2.3254,14.461,5,6,33.97968,нет
t-bid-btc4h-q1,ladder3x2..20w2-pct0.5-tk0.75-14400-ttl1800,pct0.5 · tk0.75 · 4 ч · без выхода по стене,160,3.4786,-14.5779,18.0565,10,11,55.6576,25,8.441,-0.8202,9.2612,3,6,21.1025,да
t-bid-btc4h-q1,ladder3x2..20w2-pct0.5-tk0.75-3600-ttl1800,pct0.5 · tk0.75 · 1 ч · без выхода по стене,185,1.0054,-11.3618,12.3672,10,11,18.5999,27,5.5269,-0.9537,6.4807,3,6,14.922630000000002,да
t-bid-btc4h-q1,ladder3x2..20w2-pct0.5-tk0.75-7200-ttl1800,pct0.5 · tk0.75 · 2 ч · без выхода по стене,167,1.1212,-14.1451,15.2663,8,11,18.72404,26,5.4191,-0.4697,5.8888,3,6,14.08966,да
t-bid-btc4h-q1,ladder3x2..20w2-pct0.5-tk1-14400-ttl1800,pct0.5 · tk1 · 4 ч · без выхода по стене,151,-0.5613,-15.909,15.3477,9,11,-8.47563,24,8.7968,3.448,5.3488,2,6,21.11232,нет
t-bid-btc4h-q1,ladder3x2..20w2-pct0.5-tk1-3600-ttl1800,pct0.5 · tk1 · 1 ч · без выхода по стене,185,1.287,-12.0208,13.3079,10,11,23.8095,27,9.1721,1.9564,7.2157,2,6,24.764670000000002,да
t-bid-btc4h-q1,ladder3x2..20w2-pct0.5-tk1-7200-ttl1800,pct0.5 · tk1 · 2 ч · без выхода по стене,164,-0.8608,-15.4875,14.6267,8,11,-14.11712,26,4.3909,3.2714,1.1194,2,6,11.416340000000002,нет
t-bid-btc4h-q1,ladder3x2..20w2-pct0.5-tk1.25-14400-ttl1800,pct0.5 · tk1.25 · 4 ч · без выхода по стене,147,-2.7592,-17.0929,14.3337,8,11,-40.56024,24,16.7729,3.8013,12.9716,2,6,40.25496,нет
t-bid-btc4h-q1,ladder3x2..20w2-pct0.5-tk1.25-3600-ttl1800,pct0.5 · tk1.25 · 1 ч · без выхода по стене,183,-0.1328,-12.8173,12.6845,10,11,-2.43024,27,14.2895,2.1479,12.1416,2,6,38.58165,нет
t-bid-btc4h-q1,ladder3x2..20w2-pct0.5-tk1.25-7200-ttl1800,pct0.5 · tk1.25 · 2 ч · без выхода по стене,161,-3.2681,-16.6389,13.3708,8,11,-52.616409999999995,26,9.7051,3.4703,6.2348,2,6,25.233259999999998,нет
t-bid-btc4h-q1,ladder3x2..20w2-pct0.5-tk1.5-14400-ttl1800,pct0.5 · tk1.5 · 4 ч · без выхода по стене,146,-2.6747,-17.9299,15.2552,7,11,-39.05062,24,23.9231,4.9193,19.0038,2,6,57.415440000000004,нет
t-bid-btc4h-q1,ladder3x2..20w2-pct0.5-tk1.5-3600-ttl1800,pct0.5 · tk1.5 · 1 ч · без выхода по стене,183,1.3645,-13.0103,14.3748,10,11,24.970350000000003,27,18.7295,2.5012,16.2283,2,6,50.56965,да
t-bid-btc4h-q1,ladder3x2..20w2-pct0.5-tk1.5-7200-ttl1800,pct0.5 · tk1.5 · 2 ч · без выхода по стене,161,-2.3444,-17.0816,14.7372,8,11,-37.744839999999996,26,15.5816,4.3553,11.2263,2,6,40.51216,нет
t-bid-btc4h-q1,ladder3x2..20w2-pct0.5-tk1.75-14400-ttl1800,pct0.5 · tk1.75 · 4 ч · без выхода по стене,145,-1.479,-18.1384,16.6594,7,11,-21.445500000000003,24,31.0942,5.3195,25.7747,2,6,74.62608,нет
t-bid-btc4h-q1,ladder3x2..20w2-pct0.5-tk1.75-3600-ttl1800,pct0.5 · tk1.75 · 1 ч · без выхода по стене,183,2.0268,-13.0922,15.1189,10,11,37.09044,27,21.9557,2.5764,19.3792,2,6,59.28039,да
t-bid-btc4h-q1,ladder3x2..20w2-pct0.5-tk1.75-7200-ttl1800,pct0.5 · tk1.75 · 2 ч · без выхода по стене,161,-0.5272,-17.4278,16.9006,8,11,-8.487919999999999,26,20.1614,4.5584,15.6031,2,6,52.41964,нет
t-bid-btc4h-q1,ladder3x2..20w2-pct0.5-tk2-14400-ttl1800,pct0.5 · tk2 · 4 ч · без выхода по стене,145,-1.66,-18.8657,17.2057,8,11,-24.07,23,31.1266,5.3824,25.7442,3,6,71.59118,нет
t-bid-btc4h-q1,ladder3x2..20w2-pct0.5-tk2-3600-ttl1800,pct0.5 · tk2 · 1 ч · без выхода по стене,183,1.8304,-13.2413,15.0717,10,11,33.496320000000004,27,22.9191,2.8021,20.117,2,6,61.881569999999996,да
t-bid-btc4h-q1,ladder3x2..20w2-pct0.5-tk2-7200-ttl1800,pct0.5 · tk2 · 2 ч · без выхода по стене,161,-2.8054,-17.9827,15.1773,8,11,-45.16694,25,17.6176,4.5336,13.084,2,6,44.044,нет
t-bid-btc4h-q1,ladder3x2..20w2-pct0.75-tk0.5-14400-ttl1800,pct0.75 · tk0.5 · 4 ч · без выхода по стене,155,6.6663,-14.1766,20.8429,9,11,103.32764999999999,28,9.2523,-3.0773,12.3296,4,6,25.906439999999996,да
t-bid-btc4h-q1,ladder3x2..20w2-pct0.75-tk0.5-3600-ttl1800,pct0.75 · tk0.5 · 1 ч · без выхода по стене,183,1.9551,-11.2955,13.2506,11,11,35.77833,28,3.2299,-2.3585,5.5884,4,6,9.04372,да
t-bid-btc4h-q1,ladder3x2..20w2-pct0.75-tk0.5-7200-ttl1800,pct0.75 · tk0.5 · 2 ч · без выхода по стене,165,3.3343,-13.4781,16.8123,9,11,55.01595,28,8.9677,-2.5948,11.5626,4,6,25.109560000000002,да
t-bid-btc4h-q1,ladder3x2..20w2-pct0.75-tk0.75-14400-ttl1800,pct0.75 · tk0.75 · 4 ч · без выхода по стене,148,10.1993,-16.6167,26.8161,10,11,150.94964,24,0.4644,-0.9295,1.3939,3,6,1.11456,да
t-bid-btc4h-q1,ladder3x2..20w2-pct0.75-tk0.75-3600-ttl1800,pct0.75 · tk0.75 · 1 ч · без выхода по стене,181,4.3808,-12.3997,16.7804,11,11,79.29248,26,-2.5662,-1.1219,-1.4442,3,6,-6.67212,нет
t-bid-btc4h-q1,ladder3x2..20w2-pct0.75-tk0.75-7200-ttl1800,pct0.75 · tk0.75 · 2 ч · без выхода по стене,161,4.839,-16.0887,20.9277,9,11,77.90790000000001,25,-1.2748,-0.5365,-0.7384,3,6,-3.187,нет
t-bid-btc4h-q1,ladder3x2..20w2-pct0.75-tk1-14400-ttl1800,pct0.75 · tk1 · 4 ч · без выхода по стене,140,10.2977,-18.155,28.4527,10,11,144.1678,23,7.0917,5.3049,1.7868,2,6,16.31091,да
t-bid-btc4h-q1,ladder3x2..20w2-pct0.75-tk1-3600-ttl1800,pct0.75 · tk1 · 1 ч · без выхода по стене,181,5.4649,-13.2109,18.6758,11,11,98.91469,26,1.2192,1.9002,-0.6809,2,6,3.1699200000000003,да
t-bid-btc4h-q1,ladder3x2..20w2-pct0.75-tk1-7200-ttl1800,pct0.75 · tk1 · 2 ч · без выхода по стене,159,6.7702,-17.8134,24.5836,10,11,107.64618,25,4.0019,4.997,-0.995,2,6,10.00475,да
t-bid-btc4h-q1,ladder3x2..20w2-pct0.75-tk1.25-14400-ttl1800,pct0.75 · tk1.25 · 4 ч · без выхода по стене,135,8.6664,-20.4646,29.131,9,11,116.9964,23,16.4916,6.2185,10.2731,2,6,37.930679999999995,да
t-bid-btc4h-q1,ladder3x2..20w2-pct0.75-tk1.25-3600-ttl1800,pct0.75 · tk1.25 · 1 ч · без выхода по стене,179,4.3914,-14.0432,18.4346,11,11,78.60606,26,6.5335,2.099,4.4344,2,6,16.9871,да
t-bid-btc4h-q1,ladder3x2..20w2-pct0.75-tk1.25-7200-ttl1800,pct0.75 · tk1.25 · 2 ч · без выхода по стене,155,3.8531,-19.563,23.4161,10,11,59.72305,25,10.5203,5.7123,4.8081,2,6,26.30075,да
t-bid-btc4h-q1,ladder3x2..20w2-pct0.75-tk1.5-14400-ttl1800,pct0.75 · tk1.5 · 4 ч · без выхода по стене,134,8.9425,-21.8269,30.7694,9,11,119.82950000000001,23,25.0297,15.3005,9.7292,2,6,57.56831,да
t-bid-btc4h-q1,ladder3x2..20w2-pct0.75-tk1.5-3600-ttl1800,pct0.75 · tk1.5 · 1 ч · без выхода по стене,179,5.9576,-14.2596,20.2172,10,11,106.64104,26,11.1442,2.4659,8.6783,2,6,28.974919999999997,да
t-bid-btc4h-q1,ladder3x2..20w2-pct0.75-tk1.5-7200-ttl1800,pct0.75 · tk1.5 · 2 ч · без выхода по стене,155,6.1723,-20.0547,26.227,9,11,95.67065,25,15.6403,6.9141,8.7262,2,6,39.10075,да
t-bid-btc4h-q1,ladder3x2..20w2-pct0.75-tk1.75-14400-ttl1800,pct0.75 · tk1.75 · 4 ч · без выхода по стене,133,9.1593,-23.3123,32.4717,10,11,121.81868999999999,23,33.8842,15.8657,18.0184,2,6,77.93366,да
t-bid-btc4h-q1,ladder3x2..20w2-pct0.75-tk1.75-3600-ttl1800,pct0.75 · tk1.75 · 1 ч · без выхода по стене,179,6.6347,-14.3433,20.978,10,11,118.76113000000001,26,14.4944,2.544,11.9504,2,6,37.68544,да
t-bid-btc4h-q1,ladder3x2..20w2-pct0.75-tk1.75-7200-ttl1800,pct0.75 · tk1.75 · 2 ч · без выхода по стене,155,7.7234,-20.7834,28.5069,9,11,119.7127,25,20.4033,7.1253,13.278,2,6,51.008250000000004,да
t-bid-btc4h-q1,ladder3x2..20w2-pct0.75-tk2-14400-ttl1800,pct0.75 · tk2 · 4 ч · без выхода по стене,133,7.1263,-23.9992,31.1255,10,11,94.77978999999999,22,35.1708,16.7185,18.4523,3,6,77.37576,да
t-bid-btc4h-q1,ladder3x2..20w2-pct0.75-tk2-3600-ttl1800,pct0.75 · tk2 · 1 ч · без выхода по стене,179,6.4339,-14.4957,20.9297,10,11,115.16681000000001,26,15.4949,2.7784,12.7166,2,6,40.286739999999995,да
t-bid-btc4h-q1,ladder3x2..20w2-pct0.75-tk2-7200-ttl1800,pct0.75 · tk2 · 2 ч · без выхода по стене,155,4.2693,-21.335,25.6043,9,11,66.17415000000001,24,17.7635,7.2065,10.557,2,6,42.632400000000004,да
t-bid-btc4h-q1,ladder3x2..20w2-pct1-1to1-14400-ttl1800-eat20,pct1 · 1to1 · 4 ч · eat20,196,-2.0816,-8.9457,6.8641,6,10,-40.79935999999999,29,-2.5746,0.8841,-3.4587,1,6,-7.466340000000001,нет
t-bid-btc4h-q1,ladder3x2..20w2-pct1-1to1-3600-ttl1800-eat20,pct1 · 1to1 · 1 ч · eat20,204,-1.1615,-8.1853,7.0238,8,10,-23.6946,29,-6.1635,-0.1173,-6.0462,1,6,-17.87415,нет
t-bid-btc4h-q1,ladder3x2..20w2-pct1-1to1-7200-ttl1800-eat20,pct1 · 1to1 · 2 ч · eat20,199,-2.2797,-8.913,6.6333,7,10,-45.36603,29,-4.4052,0.6042,-5.0094,1,6,-12.775079999999999,нет
t-bid-btc4h-q1,ladder3x2..20w2-pct1-tk0.5-14400-ttl1800,pct1 · tk0.5 · 4 ч · без выхода по стене,151,7.4929,-15.6216,23.1146,10,11,113.14278999999999,27,17.7722,-3.4053,21.1775,6,6,47.98494000000001,да
t-bid-btc4h-q1,ladder3x2..20w2-pct1-tk0.5-3600-ttl1800,pct1 · tk0.5 · 1 ч · без выхода по стене,181,2.0191,-11.6283,13.6474,11,11,36.54571,28,6.5773,-2.1834,8.7606,5,6,18.41644,да
t-bid-btc4h-q1,ladder3x2..20w2-pct1-tk0.5-7200-ttl1800,pct1 · tk0.5 · 2 ч · без выхода по стене,160,5.7857,-14.6388,20.4245,10,11,92.5712,28,17.1362,-1.9479,19.0842,5,6,47.981359999999995,да
t-bid-btc4h-q1,ladder3x2..20w2-pct1-tk0.75-14400-ttl1800,pct1 · tk0.75 · 4 ч · без выхода по стене,143,12.6973,-18.4187,31.116,10,11,181.57139,23,17.1054,-0.2198,17.3252,4,6,39.34242,да
t-bid-btc4h-q1,ladder3x2..20w2-pct1-tk0.75-3600-ttl1800,pct1 · tk0.75 · 1 ч · без выхода по стене,179,4.5819,-12.6694,17.2514,11,11,82.01601000000001,26,-2.6681,-0.8464,-1.8218,3,6,-6.93706,нет
t-bid-btc4h-q1,ladder3x2..20w2-pct1-tk0.75-7200-ttl1800,pct1 · tk0.75 · 2 ч · без выхода по стене,156,7.4724,-17.2204,24.6928,10,11,116.56944000000001,25,11.2679,-0.2717,11.5396,4,6,28.16975,да
t-bid-btc4h-q1,ladder3x2..20w2-pct1-tk1-14400-ttl1800,pct1 · tk1 · 4 ч · без выхода по стене,135,11.7901,-20.2141,32.0043,9,11,159.16635000000002,22,26.6959,6.358,20.3379,3,6,58.73098,да
t-bid-btc4h-q1,ladder3x2..20w2-pct1-tk1-3600-ttl1800,pct1 · tk1 · 1 ч · без выхода по стене,179,5.7142,-13.4915,19.2057,11,11,102.28418,26,1.1172,2.1757,-1.0585,2,6,2.90472,да
t-bid-btc4h-q1,ladder3x2..20w2-pct1-tk1-7200-ttl1800,pct1 · tk1 · 2 ч · без выхода по стене,154,9.2504,-18.9982,28.2486,10,11,142.45616,25,17.2426,5.262,11.9806,2,6,43.1065,да
t-bid-btc4h-q1,ladder3x2..20w2-pct1-tk1.25-14400-ttl1800,pct1 · tk1.25 · 4 ч · без выхода по стене,129,13.4248,-22.7902,36.2149,9,11,173.17991999999998,22,38.693,7.313,31.38,3,6,85.1246,да
t-bid-btc4h-q1,ladder3x2..20w2-pct1-tk1.25-3600-ttl1800,pct1 · tk1.25 · 1 ч · без выхода по стене,177,3.7783,-14.2678,18.0462,11,11,66.87591,26,6.4315,2.3746,4.0569,2,6,16.721899999999998,да
t-bid-btc4h-q1,ladder3x2..20w2-pct1-tk1.25-7200-ttl1800,pct1 · tk1.25 · 2 ч · без выхода по стене,151,8.1195,-21.2622,29.3816,10,11,122.60445,25,24.6916,5.9693,18.7223,3,6,61.729000000000006,да
t-bid-btc4h-q1,ladder3x2..20w2-pct1-tk1.5-14400-ttl1800,pct1 · tk1.5 · 4 ч · без выхода по стене,127,14.5973,-24.4025,38.9998,9,11,185.38571000000002,22,49.9745,16.8143,33.1602,3,6,109.94390000000001,да
t-bid-btc4h-q1,ladder3x2..20w2-pct1-tk1.5-3600-ttl1800,pct1 · tk1.5 · 1 ч · без выхода по стене,177,5.3622,-14.4867,19.8489,10,11,94.91094,26,11.0422,2.7415,8.3007,2,6,28.709719999999997,да
t-bid-btc4h-q1,ladder3x2..20w2-pct1-tk1.5-7200-ttl1800,pct1 · tk1.5 · 2 ч · без выхода по стене,151,10.6643,-21.7668,32.4312,9,11,161.03093,25,30.7422,7.1692,23.573,3,6,76.8555,да
t-bid-btc4h-q1,ladder3x2..20w2-pct1-tk1.75-14400-ttl1800,pct1 · tk1.75 · 4 ч · без выхода по стене,127,14.9681,-25.439,40.4071,10,11,190.09487,22,61.7447,17.4076,44.3371,3,6,135.83834,да
t-bid-btc4h-q1,ladder3x2..20w2-pct1-tk1.75-3600-ttl1800,pct1 · tk1.75 · 1 ч · без выхода по стене,177,6.047,-14.5713,20.6183,10,11,107.0319,26,14.3925,2.8196,11.5729,2,6,37.4205,да
t-bid-btc4h-q1,ladder3x2..20w2-pct1-tk1.75-7200-ttl1800,pct1 · tk1.75 · 2 ч · без выхода по стене,151,11.8804,-22.3529,34.2333,9,11,179.39404,25,35.9705,7.3796,28.5908,3,6,89.92625000000001,да
t-bid-btc4h-q1,ladder3x2..20w2-pct1-tk2-14400-ttl1800,pct1 · tk2 · 4 ч · без выхода по стене,127,12.5317,-26.305,38.8368,10,11,159.15259,20,60.0794,19.2132,40.8662,3,6,120.1588,да
t-bid-btc4h-q1,ladder3x2..20w2-pct1-tk2-3600-ttl1800,pct1 · tk2 · 1 ч · без выхода по стене,177,5.844,-14.7255,20.5695,10,11,103.43880000000001,26,15.393,3.0539,12.339,2,6,40.0218,да
t-bid-btc4h-q1,ladder3x2..20w2-pct1-tk2-7200-ttl1800,pct1 · tk2 · 2 ч · без выхода по стене,151,8.1326,-22.9319,31.0644,9,11,122.80226,24,33.9793,7.4714,26.5079,3,6,81.55032000000001,да
t-bid-btc4h-q1,ladder3x2..20w2-pct1-tr0.5x0.25-14400-ttl1800,pct1 · tr0.5x0.25 · 4 ч · без выхода по стене,150,9.5364,-16.5094,26.0459,10,11,143.046,26,14.3254,-1.9925,16.3179,4,6,37.24604,да
t-bid-btc4h-q1,ladder3x2..20w2-pct1-tr0.5x0.25-3600-ttl1800,pct1 · tr0.5x0.25 · 1 ч · без выхода по стене,181,3.3182,-12.0868,15.405,11,11,60.05942,28,5.5864,-0.955,6.5414,3,6,15.641920000000002,да
t-bid-btc4h-q1,ladder3x2..20w2-pct1-tr0.5x0.25-7200-ttl1800,pct1 · tr0.5x0.25 · 2 ч · без выхода по стене,159,7.7075,-15.3835,23.091,10,11,122.54924999999999,28,15.1057,-0.7253,15.831,4,6,42.29596,да
t-bid-btc4h-q1,ladder3x2..20w2-pct1-tr0.5x0.5-14400-ttl1800,pct1 · tr0.5x0.5 · 4 ч · без выхода по стене,148,10.0669,-18.3566,28.4235,10,11,148.99012,26,18.8388,0.1562,18.6826,3,6,48.98088,да
t-bid-btc4h-q1,ladder3x2..20w2-pct1-tr0.5x0.5-3600-ttl1800,pct1 · tr0.5x0.5 · 1 ч · без выхода по стене,181,5.7384,-12.9327,18.6711,11,11,103.86504,28,7.0789,0.0193,7.0596,3,6,19.82092,да
t-bid-btc4h-q1,ladder3x2..20w2-pct1-tr0.5x0.5-7200-ttl1800,pct1 · tr0.5x0.5 · 2 ч · без выхода по стене,159,9.4276,-16.924,26.3515,10,11,149.89884,28,16.7251,0.7815,15.9436,4,6,46.83028,да
t-bid-btc4h-q1,ladder3x2..20w2-pct1-tr1.5x0.25-14400-ttl1800,pct1 · tr1.5x0.25 · 4 ч · без выхода по стене,127,16.8926,-24.531,41.4236,10,11,214.53602,22,58.5709,17.7311,40.8398,3,6,128.85598,да
t-bid-btc4h-q1,ladder3x2..20w2-pct1-tr1.5x0.25-3600-ttl1800,pct1 · tr1.5x0.25 · 1 ч · без выхода по стене,177,5.3216,-14.5108,19.8323,10,11,94.19232000000001,26,15.8581,2.8827,12.9754,2,6,41.23106,да
t-bid-btc4h-q1,ladder3x2..20w2-pct1-tr1.5x0.25-7200-ttl1800,pct1 · tr1.5x0.25 · 2 ч · без выхода по стене,151,11.3531,-21.966,33.3191,9,11,171.43180999999998,25,36.721,7.5429,29.1781,3,6,91.80249999999998,да
t-bid-btc4h-q1,ladder3x2..20w2-pct1-tr1.5x0.5-14400-ttl1800,pct1 · tr1.5x0.5 · 4 ч · без выхода по стене,127,16.1231,-24.5538,40.6769,10,11,204.76337,22,67.6336,18.8105,48.8231,3,6,148.79392,да
t-bid-btc4h-q1,ladder3x2..20w2-pct1-tr1.5x0.5-3600-ttl1800,pct1 · tr1.5x0.5 · 1 ч · без выхода по стене,177,4.9959,-14.5259,19.5217,10,11,88.42742999999999,26,15.9011,3.1028,12.7984,2,6,41.342859999999995,да
t-bid-btc4h-q1,ladder3x2..20w2-pct1-tr1.5x0.5-7200-ttl1800,pct1 · tr1.5x0.5 · 2 ч · без выхода по стене,151,10.1385,-22.0967,32.2352,9,11,153.09135,25,40.6495,8.0588,32.5906,3,6,101.62375,да
t-bid-btc4h-q1,ladder3x2..20w2-pct1-tr1.5x1-14400-ttl1800,pct1 · tr1.5x1 · 4 ч · без выхода по стене,126,16.6139,-24.8554,41.4694,9,11,209.33514,20,51.7283,21.4282,30.3001,3,6,103.45660000000001,да
t-bid-btc4h-q1,ladder3x2..20w2-pct1-tr1.5x1-3600-ttl1800,pct1 · tr1.5x1 · 1 ч · без выхода по стене,177,6.7618,-14.5567,21.3184,10,11,119.68386000000001,26,17.0407,3.3429,13.6978,2,6,44.305820000000004,да
t-bid-btc4h-q1,ladder3x2..20w2-pct1-tr1.5x1-7200-ttl1800,pct1 · tr1.5x1 · 2 ч · без выхода по стене,150,10.218,-22.3811,32.5992,9,11,153.27,24,29.1054,7.9073,21.1981,3,6,69.85296,да
t-bid-btc4h-q1,ladder3x2..20w2-pct1-tr1x0.25-14400-ttl1800,pct1 · tr1x0.25 · 4 ч · без выхода по стене,136,13.3792,-20.6132,33.9924,9,11,181.95712,22,30.6349,7.1915,23.4434,3,6,67.39678,да
t-bid-btc4h-q1,ladder3x2..20w2-pct1-tr1x0.25-3600-ttl1800,pct1 · tr1x0.25 · 1 ч · без выхода по стене,179,5.0197,-13.6789,18.6985,11,11,89.85263,26,7.5652,2.5955,4.9696,2,6,19.66952,да
t-bid-btc4h-q1,ladder3x2..20w2-pct1-tr1x0.25-7200-ttl1800,pct1 · tr1x0.25 · 2 ч · без выхода по стене,154,8.9162,-19.3031,28.2193,10,11,137.30948,25,23.4889,5.9493,17.5396,2,6,58.72225000000001,да
t-bid-btc4h-q1,ladder3x2..20w2-pct1-tr1x0.5-14400-ttl1800,pct1 · tr1x0.5 · 4 ч · без выхода по стене,135,13.6079,-21.1012,34.7091,9,11,183.70665000000002,22,41.8418,9.3612,32.4805,3,6,92.05196,да
t-bid-btc4h-q1,ladder3x2..20w2-pct1-tr1x0.5-3600-ttl1800,pct1 · tr1x0.5 · 1 ч · без выхода по стене,179,6.1687,-13.9403,20.109,11,11,110.41973,26,8.529,2.9066,5.6224,2,6,22.1754,да
t-bid-btc4h-q1,ladder3x2..20w2-pct1-tr1x0.5-7200-ttl1800,pct1 · tr1x0.5 · 2 ч · без выхода по стене,154,9.8057,-20.0058,29.8116,10,11,151.00778,25,30.8763,7.3376,23.5387,3,6,77.19075000000001,да
t-bid-btc4h-q1,ladder3x2..20w2-pct1-tr1x1-14400-ttl1800,pct1 · tr1x1 · 4 ч · без выхода по стене,132,15.2233,-22.2793,37.5026,9,11,200.94756,20,37.7298,12.8938,24.836,3,6,75.4596,да
t-bid-btc4h-q1,ladder3x2..20w2-pct1-tr1x1-3600-ttl1800,pct1 · tr1x1 · 1 ч · без выхода по стене,179,7.5525,-14.4409,21.9934,11,11,135.18975,26,17.0407,3.3429,13.6978,2,6,44.305820000000004,да
t-bid-btc4h-q1,ladder3x2..20w2-pct1-tr1x1-7200-ttl1800,pct1 · tr1x1 · 2 ч · без выхода по стене,153,8.5207,-21.2051,29.7258,9,11,130.36670999999998,24,29.1054,7.9073,21.1981,3,6,69.85296,да
t-bid-btc4h-q1,ladder3x2..20w2-pct1-tr2x0.25-14400-ttl1800,pct1 · tr2x0.25 · 4 ч · без выхода по стене,127,12.6309,-26.3807,39.0116,10,11,160.41243,20,61.9645,19.4697,42.4948,3,6,123.929,да
t-bid-btc4h-q1,ladder3x2..20w2-pct1-tr2x0.25-3600-ttl1800,pct1 · tr2x0.25 · 1 ч · без выхода по стене,177,5.151,-14.7254,19.8764,10,11,91.17269999999999,26,16.1563,3.0889,13.0674,2,6,42.00638,да
t-bid-btc4h-q1,ladder3x2..20w2-pct1-tr2x0.25-7200-ttl1800,pct1 · tr2x0.25 · 2 ч · без выхода по стене,151,7.1153,-23.0073,30.1226,9,11,107.44103,24,35.0309,7.5093,27.5217,3,6,84.07416,да
t-bid-btc4h-q1,ladder3x2..20w2-pct1-tr2x0.5-14400-ttl1800,pct1 · tr2x0.5 · 4 ч · без выхода по стене,127,13.7092,-26.2372,39.9464,10,11,174.10683999999998,20,65.9903,19.8667,46.1236,3,6,131.9806,да
t-bid-btc4h-q1,ladder3x2..20w2-pct1-tr2x0.5-3600-ttl1800,pct1 · tr2x0.5 · 1 ч · без выхода по стене,177,4.7903,-14.7237,19.514,10,11,84.78831,26,17.1326,3.2906,13.842,2,6,44.544760000000004,да
t-bid-btc4h-q1,ladder3x2..20w2-pct1-tr2x0.5-7200-ttl1800,pct1 · tr2x0.5 · 2 ч · без выхода по стене,151,6.3688,-23.0275,29.3963,9,11,96.16888,24,40.647,7.782,32.865,3,6,97.5528,да
t-bid-btc4h-q1,ladder3x2..20w2-pct1-tr2x1-14400-ttl1800,pct1 · tr2x1 · 4 ч · без выхода по стене,126,13.6298,-25.909,39.5388,9,11,171.73548,20,57.6599,21.4965,36.1633,3,6,115.31980000000001,да
t-bid-btc4h-q1,ladder3x2..20w2-pct1-tr2x1-3600-ttl1800,pct1 · tr2x1 · 1 ч · без выхода по стене,177,6.9711,-14.6856,21.6567,10,11,123.38847000000001,26,17.0407,3.3429,13.6978,2,6,44.305820000000004,да
t-bid-btc4h-q1,ladder3x2..20w2-pct1-tr2x1-7200-ttl1800,pct1 · tr2x1 · 2 ч · без выхода по стене,150,6.8894,-22.8204,29.7097,9,11,103.34100000000001,24,34.0483,7.9642,26.0841,3,6,81.71592,да
t-bid-btc4h-q1,ladder3x2..20w2-pct1.25-tk0.5-14400-ttl1800,pct1.25 · tk0.5 · 4 ч · без выхода по стене,147,10.0763,-18.5758,28.652,10,11,148.12160999999998,26,12.0306,-3.4123,15.4429,4,6,31.279559999999996,да
t-bid-btc4h-q1,ladder3x2..20w2-pct1.25-tk0.5-3600-ttl1800,pct1.25 · tk0.5 · 1 ч · без выхода по стене,180,3.5152,-12.2432,15.7584,11,11,63.2736,28,5.4412,-2.1781,7.6193,4,6,15.23536,да
t-bid-btc4h-q1,ladder3x2..20w2-pct1.25-tk0.5-7200-ttl1800,pct1.25 · tk0.5 · 2 ч · без выхода по стене,158,7.571,-16.103,23.674,10,11,119.62179999999998,27,12.454,-1.9007,14.3547,4,6,33.625800000000005,да
t-bid-btc4h-q1,ladder3x2..20w2-pct1.25-tk0.75-14400-ttl1800,pct1.25 · tk0.75 · 4 ч · без выхода по стене,140,19.0175,-21.4709,40.4884,10,11,266.245,23,11.2036,-0.2012,11.4048,4,6,25.768279999999997,да
t-bid-btc4h-q1,ladder3x2..20w2-pct1.25-tk0.75-3600-ttl1800,pct1.25 · tk0.75 · 1 ч · без выхода по стене,178,6.3352,-13.3231,19.6583,11,11,112.76656,26,-4.6015,-0.8205,-3.781,3,6,-11.963899999999999,нет
t-bid-btc4h-q1,ladder3x2..20w2-pct1.25-tk0.75-7200-ttl1800,pct1.25 · tk0.75 · 2 ч · без выхода по стене,154,10.7888,-18.6009,29.3896,10,11,166.14752000000001,25,5.9633,-0.2796,6.243,3,6,14.90825,да
t-bid-btc4h-q1,ladder3x2..20w2-pct1.25-tk1-14400-ttl1800,pct1.25 · tk1 · 4 ч · без выхода по стене,132,16.2991,-23.8687,40.1678,10,11,215.14811999999998,22,20.5271,6.3775,14.1496,3,6,45.159620000000004,да
t-bid-btc4h-q1,ladder3x2..20w2-pct1.25-tk1-3600-ttl1800,pct1.25 · tk1 · 1 ч · без выхода по стене,178,7.4739,-14.1498,21.6236,11,11,133.03542,26,-0.8161,2.2015,-3.0177,2,6,-2.1218600000000003,нет
t-bid-btc4h-q1,ladder3x2..20w2-pct1.25-tk1-7200-ttl1800,pct1.25 · tk1 · 2 ч · без выхода по стене,152,10.956,-20.435,31.3911,10,11,166.53119999999998,25,11.938,5.2541,6.684,2,6,29.845,да
t-bid-btc4h-q1,ladder3x2..20w2-pct1.25-tk1.25-14400-ttl1800,pct1.25 · tk1.25 · 4 ч · без выхода по стене,126,19.0178,-26.1794,45.1972,10,11,239.62428,22,32.5259,7.3421,25.1838,3,6,71.55698,да
t-bid-btc4h-q1,ladder3x2..20w2-pct1.25-tk1.25-3600-ttl1800,pct1.25 · tk1.25 · 1 ч · без выхода по стене,176,5.4895,-14.938,20.4275,11,11,96.61519999999999,26,4.4981,2.4004,2.0977,2,6,11.69506,да
t-bid-btc4h-q1,ladder3x2..20w2-pct1.25-tk1.25-7200-ttl1800,pct1.25 · tk1.25 · 2 ч · без выхода по стене,149,9.3466,-22.3819,31.7285,10,11,139.26434,25,19.387,5.9613,13.4257,2,6,48.4675,да
t-bid-btc4h-q1,ladder3x2..20w2-pct1.25-tk1.5-14400-ttl1800,pct1.25 · tk1.5 · 4 ч · без выхода по стене,124,19.6177,-28.2284,47.8461,10,11,243.25948,22,43.809,16.8446,26.9643,3,6,96.3798,да
t-bid-btc4h-q1,ladder3x2..20w2-pct1.25-tk1.5-3600-ttl1800,pct1.25 · tk1.5 · 1 ч · без выхода по стене,176,7.0824,-15.1581,22.2405,10,11,124.65023999999998,26,9.1089,2.7673,6.3416,2,6,23.68314,да
t-bid-btc4h-q1,ladder3x2..20w2-pct1.25-tk1.5-7200-ttl1800,pct1.25 · tk1.5 · 2 ч · без выхода по стене,149,11.3826,-22.9368,34.3195,9,11,169.60074,25,25.4376,7.1612,18.2763,2,6,63.593999999999994,да
t-bid-btc4h-q1,ladder3x2..20w2-pct1.25-tk1.75-14400-ttl1800,pct1.25 · tk1.75 · 4 ч · без выхода по стене,124,20.376,-29.5284,49.9044,10,11,252.66240000000002,22,55.5805,17.437,38.1434,3,6,122.27709999999999,да
t-bid-btc4h-q1,ladder3x2..20w2-pct1.25-tk1.75-3600-ttl1800,pct1.25 · tk1.75 · 1 ч · без выхода по стене,176,7.7711,-15.2432,23.0143,10,11,136.77136000000002,26,12.4591,2.8454,9.6137,2,6,32.39366,да
t-bid-btc4h-q1,ladder3x2..20w2-pct1.25-tk1.75-7200-ttl1800,pct1.25 · tk1.75 · 2 ч · без выхода по стене,149,12.8259,-23.6289,36.4548,9,11,191.10591000000002,25,30.6659,7.3717,23.2942,2,6,76.66475,да
t-bid-btc4h-q1,ladder3x2..20w2-pct1.25-tk2-14400-ttl1800,pct1.25 · tk2 · 4 ч · без выхода по стене,124,18.6839,-30.3209,49.0048,10,11,231.68036,20,53.3006,19.251,34.0496,3,6,106.60120000000002,да
t-bid-btc4h-q1,ladder3x2..20w2-pct1.25-tk2-3600-ttl1800,pct1.25 · tk2 · 1 ч · без выхода по стене,176,7.5669,-15.3982,22.9651,10,11,133.17744,26,13.4596,3.0797,10.3799,2,6,34.99496,да
t-bid-btc4h-q1,ladder3x2..20w2-pct1.25-tk2-7200-ttl1800,pct1.25 · tk2 · 2 ч · без выхода по стене,149,8.6851,-24.2157,32.9007,9,11,129.40798999999998,24,28.4537,7.4631,20.9906,2,6,68.28888,да
t-bid-btc4h-q1,ladder3x2..20w2-pct1.5-tk0.5-14400-ttl1800,pct1.5 · tk0.5 · 4 ч · без выхода по стене,143,11.7112,-19.3662,31.0774,10,11,167.47016,25,19.5634,-2.0272,21.5906,4,6,48.908500000000004,да
t-bid-btc4h-q1,ladder3x2..20w2-pct1.5-tk0.5-3600-ttl1800,pct1.5 · tk0.5 · 1 ч · без выхода по стене,180,3.101,-12.3852,15.4862,11,11,55.818,28,4.5284,-2.2311,6.7595,4,6,12.67952,да
t-bid-btc4h-q1,ladder3x2..20w2-pct1.5-tk0.5-7200-ttl1800,pct1.5 · tk0.5 · 2 ч · без выхода по стене,158,7.1866,-16.8839,24.0705,10,11,113.54828,27,18.6594,-1.8376,20.497,4,6,50.38038,да
t-bid-btc4h-q1,ladder3x2..20w2-pct1.5-tk0.75-14400-ttl1800,pct1.5 · tk0.75 · 4 ч · без выхода по стене,136,20.0798,-21.6866,41.7664,10,11,273.08527999999995,22,17.0622,0.0695,16.9928,3,6,37.53684,да
t-bid-btc4h-q1,ladder3x2..20w2-pct1.5-tk0.75-3600-ttl1800,pct1.5 · tk0.75 · 1 ч · без выхода по стене,178,5.7835,-13.4667,19.2502,11,11,102.9463,26,-7.4482,-0.8777,-6.5705,3,6,-19.36532,нет
t-bid-btc4h-q1,ladder3x2..20w2-pct1.5-tk0.75-7200-ttl1800,pct1.5 · tk0.75 · 2 ч · без выхода по стене,154,10.2408,-19.402,29.6428,10,11,157.70832000000001,25,13.0955,-0.2263,13.3218,3,6,32.738749999999996,да
t-bid-btc4h-q1,ladder3x2..20w2-pct1.5-tk1-14400-ttl1800,pct1.5 · tk1 · 4 ч · без выхода по стене,129,16.6583,-23.9118,40.5701,10,11,214.89207000000002,21,27.3632,7.0334,20.3298,3,6,57.462720000000004,да
t-bid-btc4h-q1,ladder3x2..20w2-pct1.5-tk1-3600-ttl1800,pct1.5 · tk1 · 1 ч · без выхода по стене,178,6.9221,-14.2934,21.2155,11,11,123.21338,26,-3.6628,2.1444,-5.8072,2,6,-9.52328,нет
t-bid-btc4h-q1,ladder3x2..20w2-pct1.5-tk1-7200-ttl1800,pct1.5 · tk1 · 2 ч · без выхода по стене,152,9.8814,-21.2702,31.1516,10,11,150.19728,25,20.155,5.3074,14.8476,2,6,50.3875,да
t-bid-btc4h-q1,ladder3x2..20w2-pct1.5-tk1.25-14400-ttl1800,pct1.5 · tk1.25 · 4 ч · без выхода по стене,124,18.1873,-26.7538,44.9411,10,11,225.52252,20,35.6614,7.8388,27.8226,3,6,71.3228,да
t-bid-btc4h-q1,ladder3x2..20w2-pct1.5-tk1.25-3600-ttl1800,pct1.5 · tk1.25 · 1 ч · без выхода по стене,176,4.9892,-15.0833,20.0725,11,11,87.80992,26,1.6515,2.3433,-0.6918,2,6,4.2939,да
t-bid-btc4h-q1,ladder3x2..20w2-pct1.5-tk1.25-7200-ttl1800,pct1.5 · tk1.25 · 2 ч · без выхода по стене,149,8.3595,-23.4408,31.8003,10,11,124.55655000000002,25,28.6887,6.0131,22.6757,2,6,71.72175,да
t-bid-btc4h-q1,ladder3x2..20w2-pct1.5-tk1.5-14400-ttl1800,pct1.5 · tk1.5 · 4 ч · без выхода по стене,122,18.7904,-28.8514,47.6417,10,11,229.24288,20,46.7178,18.2922,28.4256,3,6,93.4356,да
t-bid-btc4h-q1,ladder3x2..20w2-pct1.5-tk1.5-3600-ttl1800,pct1.5 · tk1.5 · 1 ч · без выхода по стене,176,6.5821,-15.3033,21.8855,10,11,115.84495999999999,26,6.2622,2.7102,3.552,2,6,16.28172,да
t-bid-btc4h-q1,ladder3x2..20w2-pct1.5-tk1.5-7200-ttl1800,pct1.5 · tk1.5 · 2 ч · без выхода по стене,149,10.3955,-23.9957,34.3913,9,11,154.89294999999998,25,35.824,7.2088,28.6152,3,6,89.55999999999999,да
t-bid-btc4h-q1,ladder3x2..20w2-pct1.5-tk1.75-14400-ttl1800,pct1.5 · tk1.75 · 4 ч · без выхода по стене,122,20.8857,-30.0289,50.9146,10,11,254.80554,20,58.6502,18.9448,39.7053,3,6,117.3004,да
t-bid-btc4h-q1,ladder3x2..20w2-pct1.5-tk1.75-3600-ttl1800,pct1.5 · tk1.75 · 1 ч · без выхода по стене,176,7.2708,-15.3885,22.6592,10,11,127.96608,26,9.6124,2.7883,6.8242,2,6,24.99224,да
t-bid-btc4h-q1,ladder3x2..20w2-pct1.5-tk1.75-7200-ttl1800,pct1.5 · tk1.75 · 2 ч · без выхода по стене,149,11.8388,-24.6878,36.5266,9,11,176.39812,25,41.5947,7.4192,34.1755,3,6,103.98675,да
t-bid-btc4h-q1,ladder3x2..20w2-pct1.5-tk2-14400-ttl1800,pct1.5 · tk2 · 4 ч · без выхода по стене,122,18.8362,-30.8555,49.6917,10,11,229.80164,18,54.9525,21.1279,33.8246,3,6,98.9145,нет
t-bid-btc4h-q1,ladder3x2..20w2-pct1.5-tk2-3600-ttl1800,pct1.5 · tk2 · 1 ч · без выхода по стене,176,7.0666,-15.5435,22.6101,10,11,124.37216000000001,26,10.6129,3.0226,7.5903,2,6,27.59354,да
t-bid-btc4h-q1,ladder3x2..20w2-pct1.5-tk2-7200-ttl1800,pct1.5 · tk2 · 2 ч · без выхода по стене,149,7.428,-25.2918,32.7199,9,11,110.6772,24,40.9678,7.5126,33.4552,3,6,98.32271999999999,да
t-bid-btc4h-q1,ladder3x2..20w2-pct1.5-tr0.5x0.25-14400-ttl1800,pct1.5 · tr0.5x0.25 · 4 ч · без выхода по стене,142,13.9697,-20.3412,34.3109,10,11,198.36974,24,17.983,-0.3728,18.3558,3,6,43.1592,да
t-bid-btc4h-q1,ladder3x2..20w2-pct1.5-tr0.5x0.25-3600-ttl1800,pct1.5 · tr0.5x0.25 · 1 ч · без выхода по стене,180,4.4073,-12.8462,17.2536,11,11,79.3314,28,3.5376,-1.0028,4.5403,3,6,9.90528,да
t-bid-btc4h-q1,ladder3x2..20w2-pct1.5-tr0.5x0.25-7200-ttl1800,pct1.5 · tr0.5x0.25 · 2 ч · без выхода по стене,157,9.1005,-17.6729,26.7733,10,11,142.87785000000002,27,16.9885,-0.5679,17.5564,4,6,45.86895,да
t-bid-btc4h-q1,ladder3x2..20w2-pct1.5-tr0.5x0.5-14400-ttl1800,pct1.5 · tr0.5x0.5 · 4 ч · без выхода по стене,140,15.3691,-22.2232,37.5924,10,11,215.1674,24,24.059,2.046,22.013,3,6,57.741600000000005,да
t-bid-btc4h-q1,ladder3x2..20w2-pct1.5-tr0.5x0.5-3600-ttl1800,pct1.5 · tr0.5x0.5 · 1 ч · без выхода по стене,180,6.841,-13.6968,20.5378,11,11,123.138,28,5.0301,-0.0285,5.0585,4,6,14.084280000000001,да
t-bid-btc4h-q1,ladder3x2..20w2-pct1.5-tr0.5x0.5-7200-ttl1800,pct1.5 · tr0.5x0.5 · 2 ч · без выхода по стене,157,11.2812,-19.2735,30.5547,10,11,177.11484000000002,27,19.6689,0.9848,18.6841,3,6,53.10603,да
t-bid-btc4h-q1,ladder3x2..20w2-pct1.5-tr1.5x0.25-14400-ttl1800,pct1.5 · tr1.5x0.25 · 4 ч · без выхода по стене,122,21.1954,-28.9905,50.1858,10,11,258.58388,20,55.4973,19.3038,36.1935,3,6,110.99460000000002,да
t-bid-btc4h-q1,ladder3x2..20w2-pct1.5-tr1.5x0.25-3600-ttl1800,pct1.5 · tr1.5x0.25 · 1 ч · без выхода по стене,176,6.5412,-15.3275,21.8688,10,11,115.12512,26,11.0781,2.8514,8.2267,2,6,28.80306,да
t-bid-btc4h-q1,ladder3x2..20w2-pct1.5-tr1.5x0.25-7200-ttl1800,pct1.5 · tr1.5x0.25 · 2 ч · без выхода по стене,149,11.0935,-24.1976,35.2911,9,11,165.29315000000003,25,42.8876,7.5823,35.3053,3,6,107.21900000000001,да
t-bid-btc4h-q1,ladder3x2..20w2-pct1.5-tr1.5x0.5-14400-ttl1800,pct1.5 · tr1.5x0.5 · 4 ч · без выхода по стене,122,20.4731,-29.0463,49.5194,10,11,249.77182,20,65.4663,20.4986,44.9677,3,6,130.9326,да
t-bid-btc4h-q1,ladder3x2..20w2-pct1.5-tr1.5x0.5-3600-ttl1800,pct1.5 · tr1.5x0.5 · 1 ч · без выхода по стене,176,6.2137,-15.3427,21.5564,10,11,109.36112,26,11.1211,3.0714,8.0497,2,6,28.914859999999997,да
t-bid-btc4h-q1,ladder3x2..20w2-pct1.5-tr1.5x0.5-7200-ttl1800,pct1.5 · tr1.5x0.5 · 2 ч · без выхода по стене,149,9.8626,-24.3301,34.1927,9,11,146.95274,25,48.4432,8.0991,40.3441,3,6,121.10799999999999,да
t-bid-btc4h-q1,ladder3x2..20w2-pct1.5-tr1.5x1-14400-ttl1800,pct1.5 · tr1.5x1 · 4 ч · без выхода по стене,121,21.7066,-29.6163,51.3228,10,11,262.64986000000005,18,50.1841,23.6001,26.584,3,6,90.33138,нет
t-bid-btc4h-q1,ladder3x2..20w2-pct1.5-tr1.5x1-3600-ttl1800,pct1.5 · tr1.5x1 · 1 ч · без выхода по стене,176,7.9896,-15.3737,23.3633,10,11,140.61696,26,12.2607,3.3116,8.9491,2,6,31.877819999999996,да
t-bid-btc4h-q1,ladder3x2..20w2-pct1.5-tr1.5x1-7200-ttl1800,pct1.5 · tr1.5x1 · 2 ч · без выхода по стене,148,10.1537,-24.7322,34.8858,9,11,150.27476000000001,24,37.2238,7.9492,29.2746,3,6,89.33712,да
t-bid-btc4h-q1,ladder3x2..20w2-pct1.5-tr1x0.25-14400-ttl1800,pct1.5 · tr1x0.25 · 4 ч · без выхода по стене,130,17.7228,-24.3051,42.0279,10,11,230.3964,21,31.5561,7.9082,23.6479,2,6,66.26781,да
t-bid-btc4h-q1,ladder3x2..20w2-pct1.5-tr1x0.25-3600-ttl1800,pct1.5 · tr1x0.25 · 1 ч · без выхода по стене,178,6.2237,-14.4818,20.7055,11,11,110.78186000000001,26,2.7852,2.5642,0.2209,2,6,7.2415199999999995,да
t-bid-btc4h-q1,ladder3x2..20w2-pct1.5-tr1x0.25-7200-ttl1800,pct1.5 · tr1x0.25 · 2 ч · без выхода по стене,152,9.3908,-21.5809,30.9717,10,11,142.74016,25,25.8589,5.9941,19.8648,2,6,64.64725,да
t-bid-btc4h-q1,ladder3x2..20w2-pct1.5-tr1x0.5-14400-ttl1800,pct1.5 · tr1x0.5 · 4 ч · без выхода по стене,129,18.777,-24.9275,43.7044,10,11,242.22330000000002,21,43.3629,10.2168,33.1461,3,6,91.06209000000001,да
t-bid-btc4h-q1,ladder3x2..20w2-pct1.5-tr1x0.5-3600-ttl1800,pct1.5 · tr1x0.5 · 1 ч · без выхода по стене,178,7.3792,-14.7447,22.1239,11,11,131.34976,26,3.749,2.8753,0.8737,2,6,9.7474,да
t-bid-btc4h-q1,ladder3x2..20w2-pct1.5-tr1x0.5-7200-ttl1800,pct1.5 · tr1x0.5 · 2 ч · без выхода по стене,152,10.406,-22.3142,32.7202,10,11,158.1712,25,32.1615,7.3824,24.7791,2,6,80.40374999999999,да
t-bid-btc4h-q1,ladder3x2..20w2-pct1.5-tr1x1-14400-ttl1800,pct1.5 · tr1x1 · 4 ч · без выхода по стене,127,19.388,-26.752,46.14,10,11,246.22760000000002,18,40.2684,14.0906,26.1778,3,6,72.48312,нет
t-bid-btc4h-q1,ladder3x2..20w2-pct1.5-tr1x1-3600-ttl1800,pct1.5 · tr1x1 · 1 ч · без выхода по стене,178,8.7707,-15.2481,24.0188,11,11,156.11846,26,12.2607,3.3116,8.9491,2,6,31.877819999999996,да
t-bid-btc4h-q1,ladder3x2..20w2-pct1.5-tr1x1-7200-ttl1800,pct1.5 · tr1x1 · 2 ч · без выхода по стене,151,9.4749,-23.7704,33.2453,9,11,143.07099,24,29.3142,7.9529,21.3614,2,6,70.35408,да
t-bid-btc4h-q1,ladder3x2..20w2-pct1.5-tr2x0.25-14400-ttl1800,pct1.5 · tr2x0.25 · 4 ч · без выхода по стене,122,19.0092,-30.9387,49.9479,10,11,231.91224000000003,18,57.423,21.416,36.007,3,6,103.3614,нет
t-bid-btc4h-q1,ladder3x2..20w2-pct1.5-tr2x0.25-3600-ttl1800,pct1.5 · tr2x0.25 · 1 ч · без выхода по стене,176,6.3697,-15.5434,21.9131,10,11,112.10672,26,11.3762,3.0576,8.3187,2,6,29.578120000000002,да
t-bid-btc4h-q1,ladder3x2..20w2-pct1.5-tr2x0.25-7200-ttl1800,pct1.5 · tr2x0.25 · 2 ч · без выхода по стене,149,6.3971,-25.3683,31.7653,9,11,95.31679,24,41.4545,7.5503,33.9041,3,6,99.49080000000001,да
t-bid-btc4h-q1,ladder3x2..20w2-pct1.5-tr2x0.5-14400-ttl1800,pct1.5 · tr2x0.5 · 4 ч · без выхода по стене,122,20.0619,-30.8068,50.8687,10,11,244.75518000000002,18,63.3996,21.8597,41.5399,3,6,114.11928,нет
t-bid-btc4h-q1,ladder3x2..20w2-pct1.5-tr2x0.5-3600-ttl1800,pct1.5 · tr2x0.5 · 1 ч · без выхода по стене,176,6.0069,-15.5417,21.5486,10,11,105.72144,26,12.3525,3.2593,9.0932,2,6,32.116499999999995,да
t-bid-btc4h-q1,ladder3x2..20w2-pct1.5-tr2x0.5-7200-ttl1800,pct1.5 · tr2x0.5 · 2 ч · без выхода по стене,149,5.6406,-25.3887,31.0293,9,11,84.04494,24,48.7654,7.8239,40.9415,3,6,117.03696,да
t-bid-btc4h-q1,ladder3x2..20w2-pct1.5-tr2x1-14400-ttl1800,pct1.5 · tr2x1 · 4 ч · без выхода по стене,121,19.6091,-30.587,50.1961,10,11,237.27011000000002,18,56.7747,23.676,33.0987,3,6,102.19446,нет
t-bid-btc4h-q1,ladder3x2..20w2-pct1.5-tr2x1-3600-ttl1800,pct1.5 · tr2x1 · 1 ч · без выхода по стене,176,8.2001,-15.5033,23.7035,10,11,144.32176,26,12.2607,3.3116,8.9491,2,6,31.877819999999996,да
t-bid-btc4h-q1,ladder3x2..20w2-pct1.5-tr2x1-7200-ttl1800,pct1.5 · tr2x1 · 2 ч · без выхода по стене,148,6.1632,-25.1948,31.358,9,11,91.21536,24,42.1668,8.0061,34.1606,3,6,101.20032,да
t-bid-btc4h-q1,ladder3x2..20w2-pct1.75-tk0.5-14400-ttl1800,pct1.75 · tk0.5 · 4 ч · без выхода по стене,141,13.8644,-19.9402,33.8047,10,11,195.48804,25,19.1545,-2.0272,21.1817,4,6,47.88625,да
t-bid-btc4h-q1,ladder3x2..20w2-pct1.75-tk0.5-3600-ttl1800,pct1.75 · tk0.5 · 1 ч · без выхода по стене,180,4.7678,-12.5252,17.293,11,11,85.8204,28,4.1633,-2.2311,6.3944,4,6,11.657239999999998,да
t-bid-btc4h-q1,ladder3x2..20w2-pct1.75-tk0.5-7200-ttl1800,pct1.75 · tk0.5 · 2 ч · без выхода по стене,158,10.1132,-17.5041,27.6173,10,11,159.78856000000002,27,18.2807,-1.8376,20.1184,4,6,49.35789,да
t-bid-btc4h-q1,ladder3x2..20w2-pct1.75-tk0.75-14400-ttl1800,pct1.75 · tk0.75 · 4 ч · без выхода по стене,133,24.4214,-22.2703,46.6917,10,11,324.80462,22,16.5975,0.0695,16.5281,3,6,36.5145,да
t-bid-btc4h-q1,ladder3x2..20w2-pct1.75-tk0.75-3600-ttl1800,pct1.75 · tk0.75 · 1 ч · без выхода по стене,178,7.8722,-13.6784,21.5506,11,11,140.12516,26,-7.8414,-0.8777,-6.9637,3,6,-20.387639999999998,нет
t-bid-btc4h-q1,ladder3x2..20w2-pct1.75-tk0.75-7200-ttl1800,pct1.75 · tk0.75 · 2 ч · без выхода по стене,154,14.7532,-20.2886,35.0418,10,11,227.19928,25,12.6866,-0.2263,12.9129,3,6,31.716500000000003,да
t-bid-btc4h-q1,ladder3x2..20w2-pct1.75-tk1-14400-ttl1800,pct1.75 · tk1 · 4 ч · без выхода по стене,126,22.1701,-24.867,47.0372,10,11,279.34326,21,26.8763,7.0334,19.8429,3,6,56.44023,да
t-bid-btc4h-q1,ladder3x2..20w2-pct1.75-tk1-3600-ttl1800,pct1.75 · tk1 · 1 ч · без выхода по стене,178,9.0108,-14.5051,23.5159,11,11,160.39224,26,-4.056,2.1444,-6.2004,2,6,-10.5456,нет
t-bid-btc4h-q1,ladder3x2..20w2-pct1.75-tk1-7200-ttl1800,pct1.75 · tk1 · 2 ч · без выхода по стене,152,14.7753,-22.3012,37.0764,10,11,224.58456,25,19.746,5.3074,14.4386,2,6,49.364999999999995,да
t-bid-btc4h-q1,ladder3x2..20w2-pct1.75-tk1.25-14400-ttl1800,pct1.75 · tk1.25 · 4 ч · без выхода по стене,122,22.3354,-27.6799,50.0153,10,11,272.49188,20,35.1502,7.8388,27.3114,3,6,70.3004,да
t-bid-btc4h-q1,ladder3x2..20w2-pct1.75-tk1.25-3600-ttl1800,pct1.75 · tk1.25 · 1 ч · без выхода по стене,176,7.1595,-15.2973,22.4569,11,11,126.00720000000001,26,1.2582,2.3433,-1.0851,2,6,3.2713200000000002,да
t-bid-btc4h-q1,ladder3x2..20w2-pct1.75-tk1.25-7200-ttl1800,pct1.75 · tk1.25 · 2 ч · без выхода по стене,149,11.6513,-24.3091,35.9604,10,11,173.60437000000002,25,28.2798,6.0131,22.2667,2,6,70.6995,да
t-bid-btc4h-q1,ladder3x2..20w2-pct1.75-tk1.5-14400-ttl1800,pct1.75 · tk1.5 · 4 ч · без выхода по стене,119,20.8281,-30.2183,51.0464,10,11,247.85439000000002,20,46.2066,18.2922,27.9144,3,6,92.4132,да
t-bid-btc4h-q1,ladder3x2..20w2-pct1.75-tk1.5-3600-ttl1800,pct1.75 · tk1.5 · 1 ч · без выхода по стене,176,8.7525,-15.5174,24.2699,10,11,154.04399999999998,26,5.869,2.7102,3.1588,2,6,15.2594,да
t-bid-btc4h-q1,ladder3x2..20w2-pct1.75-tk1.5-7200-ttl1800,pct1.75 · tk1.5 · 2 ч · без выхода по стене,149,13.6873,-24.864,38.5514,9,11,203.94077,25,35.4151,7.2088,28.2063,3,6,88.53775,да
t-bid-btc4h-q1,ladder3x2..20w2-pct1.75-tk1.75-14400-ttl1800,pct1.75 · tk1.75 · 4 ч · без выхода по стене,119,22.781,-31.3743,54.1553,10,11,271.09389999999996,20,58.139,18.9448,39.1942,3,6,116.27799999999999,да
t-bid-btc4h-q1,ladder3x2..20w2-pct1.75-tk1.75-3600-ttl1800,pct1.75 · tk1.75 · 1 ч · без выхода по стене,176,9.4411,-15.6025,25.0436,10,11,166.16336,26,9.2192,2.7883,6.4309,2,6,23.969920000000002,да
t-bid-btc4h-q1,ladder3x2..20w2-pct1.75-tk1.75-7200-ttl1800,pct1.75 · tk1.75 · 2 ч · без выхода по стене,149,15.1306,-25.5561,40.6867,9,11,225.44593999999998,25,41.1857,7.4192,33.7665,3,6,102.96424999999999,да
t-bid-btc4h-q1,ladder3x2..20w2-pct1.75-tk2-14400-ttl1800,pct1.75 · tk2 · 4 ч · без выхода по стене,119,20.026,-32.1975,52.2234,10,11,238.3094,18,54.3845,21.1279,33.2566,3,6,97.8921,нет
t-bid-btc4h-q1,ladder3x2..20w2-pct1.75-tk2-3600-ttl1800,pct1.75 · tk2 · 1 ч · без выхода по стене,176,9.2369,-15.7576,24.9945,10,11,162.56944000000001,26,10.2197,3.0226,7.1971,2,6,26.57122,да
t-bid-btc4h-q1,ladder3x2..20w2-pct1.75-tk2-7200-ttl1800,pct1.75 · tk2 · 2 ч · без выхода по стене,149,10.3848,-26.1784,36.5633,9,11,154.73352,24,40.5419,7.5126,33.0292,3,6,97.30055999999999,да
t-bid-btc4h-q1,ladder3x2..20w2-pct2-1to1-14400-ttl1800-eat20,pct2 · 1to1 · 4 ч · eat20,185,-6.4963,-11.2036,4.7073,8,10,-120.18154999999999,28,5.1013,1.931,3.1703,1,6,14.28364,нет
t-bid-btc4h-q1,ladder3x2..20w2-pct2-1to1-3600-ttl1800-eat20,pct2 · 1to1 · 1 ч · eat20,201,-0.8364,-8.9937,8.1573,8,10,-16.81164,29,-0.4957,0.3129,-0.8086,1,6,-1.43753,нет
t-bid-btc4h-q1,ladder3x2..20w2-pct2-1to1-7200-ttl1800-eat20,pct2 · 1to1 · 2 ч · eat20,190,-4.3822,-10.4967,6.1144,8,10,-83.26180000000001,28,-1.0009,0.7554,-1.7562,1,6,-2.80252,нет
t-bid-btc4h-q1,ladder3x2..20w2-pct2-tk0.5-14400-ttl1800,pct2 · tk0.5 · 4 ч · без выхода по стене,140,12.8444,-20.3189,33.1633,10,11,179.82160000000002,24,27.6385,-1.6117,29.2502,4,6,66.3324,да
t-bid-btc4h-q1,ladder3x2..20w2-pct2-tk0.5-3600-ttl1800,pct2 · tk0.5 · 1 ч · без выхода по стене,180,4.5149,-12.5367,17.0516,11,11,81.26820000000001,28,7.2669,-3.1885,10.4554,5,6,20.34732,да
t-bid-btc4h-q1,ladder3x2..20w2-pct2-tk0.5-7200-ttl1800,pct2 · tk0.5 · 2 ч · без выхода по стене,158,10.4855,-17.7997,28.2852,10,11,165.67090000000002,27,25.2228,-4.0428,29.2656,4,6,68.10155999999999,да
t-bid-btc4h-q1,ladder3x2..20w2-pct2-tk0.75-14400-ttl1800,pct2 · tk0.75 · 4 ч · без выхода по стене,132,23.4195,-22.6896,46.1091,10,11,309.13739999999996,21,24.6336,0.6442,23.9894,3,6,51.730560000000004,да
t-bid-btc4h-q1,ladder3x2..20w2-pct2-tk0.75-3600-ttl1800,pct2 · tk0.75 · 1 ч · без выхода по стене,178,7.6164,-13.69,21.3064,11,11,135.57192,26,-5.7414,-1.9087,-3.8327,3,6,-14.92764,нет
t-bid-btc4h-q1,ladder3x2..20w2-pct2-tk0.75-7200-ttl1800,pct2 · tk0.75 · 2 ч · без выхода по стене,154,15.1352,-20.5919,35.727,10,11,233.08208,25,18.8919,-2.6078,21.4997,4,6,47.22975,да
t-bid-btc4h-q1,ladder3x2..20w2-pct2-tk1-14400-ttl1800,pct2 · tk1 · 4 ч · без выхода по стене,125,22.1245,-26.0954,48.2199,10,11,276.55625,20,35.8281,7.985,27.8431,3,6,71.6562,да
t-bid-btc4h-q1,ladder3x2..20w2-pct2-tk1-3600-ttl1800,pct2 · tk1 · 1 ч · без выхода по стене,178,8.755,-14.5167,23.2718,11,11,155.839,26,-1.956,1.1134,-3.0694,2,6,-5.0856,нет
t-bid-btc4h-q1,ladder3x2..20w2-pct2-tk1-7200-ttl1800,pct2 · tk1 · 2 ч · без выхода по стене,152,15.7311,-22.8225,38.5536,10,11,239.11272,25,25.9514,2.9259,23.0255,3,6,64.8785,да
t-bid-btc4h-q1,ladder3x2..20w2-pct2-tk1.25-14400-ttl1800,pct2 · tk1.25 · 4 ч · без выхода по стене,120,24.0755,-28.9332,53.0086,10,11,288.90600000000006,19,45.0086,8.8829,36.1257,3,6,85.51634,нет
t-bid-btc4h-q1,ladder3x2..20w2-pct2-tk1.25-3600-ttl1800,pct2 · tk1.25 · 1 ч · без выхода по стене,176,6.9298,-15.3091,22.2389,11,11,121.96448000000001,26,3.3582,1.3123,2.046,2,6,8.73132,да
t-bid-btc4h-q1,ladder3x2..20w2-pct2-tk1.25-7200-ttl1800,pct2 · tk1.25 · 2 ч · без выхода по стене,149,13.6869,-24.9284,38.6153,10,11,203.93481,25,34.4851,3.6315,30.8536,3,6,86.21275,да
t-bid-btc4h-q1,ladder3x2..20w2-pct2-tk1.5-14400-ttl1800,pct2 · tk1.5 · 4 ч · без выхода по стене,117,22.587,-31.5471,54.1341,10,11,264.2679,19,56.6469,19.8865,36.7604,3,6,107.62911000000001,нет
t-bid-btc4h-q1,ladder3x2..20w2-pct2-tk1.5-3600-ttl1800,pct2 · tk1.5 · 1 ч · без выхода по стене,176,8.5227,-15.5292,24.0519,10,11,149.99952000000002,26,7.9689,1.6791,6.2898,2,6,20.71914,да
t-bid-btc4h-q1,ladder3x2..20w2-pct2-tk1.5-7200-ttl1800,pct2 · tk1.5 · 2 ч · без выхода по стене,149,15.7229,-25.4833,41.2063,9,11,234.27120999999997,25,41.6204,4.8272,36.7931,4,6,104.051,да
t-bid-btc4h-q1,ladder3x2..20w2-pct2-tk1.75-14400-ttl1800,pct2 · tk1.75 · 4 ч · без выхода по стене,117,24.5733,-32.7229,57.2961,10,11,287.50761,19,69.2073,20.5735,48.6339,3,6,131.49387000000002,нет
t-bid-btc4h-q1,ladder3x2..20w2-pct2-tk1.75-3600-ttl1800,pct2 · tk1.75 · 1 ч · без выхода по стене,176,9.2114,-15.6144,24.8257,10,11,162.12063999999998,26,11.3192,1.7572,9.562,2,6,29.42992,да
t-bid-btc4h-q1,ladder3x2..20w2-pct2-tk1.75-7200-ttl1800,pct2 · tk1.75 · 2 ч · без выхода по стене,149,17.1662,-26.1754,43.3416,9,11,255.77638000000002,25,47.3911,5.0377,42.3534,4,6,118.47775000000001,да
t-bid-btc4h-q1,ladder3x2..20w2-pct2-tk2-14400-ttl1800,pct2 · tk2 · 4 ч · без выхода по стене,117,21.4293,-33.5769,55.0062,10,11,250.72281000000004,17,66.5341,23.0766,43.4576,3,6,113.10797,нет
t-bid-btc4h-q1,ladder3x2..20w2-pct2-tk2-3600-ttl1800,pct2 · tk2 · 1 ч · без выхода по стене,176,9.0072,-15.7694,24.7766,10,11,158.52671999999998,26,12.3197,1.9916,10.3281,2,6,32.03122,да
t-bid-btc4h-q1,ladder3x2..20w2-pct2-tk2-7200-ttl1800,pct2 · tk2 · 2 ч · без выхода по стене,149,12.152,-26.8109,38.9629,9,11,181.0648,24,47.0057,5.0319,41.9739,4,6,112.81368,да
t-bid-btc4h-q1,ladder3x2..20w2-pct2-tr0.5x0.25-14400-ttl1800,pct2 · tr0.5x0.25 · 4 ч · без выхода по стене,139,14.9523,-21.1895,36.1418,10,11,207.83696999999998,23,26.3404,0.1327,26.2077,4,6,60.58292,да
t-bid-btc4h-q1,ladder3x2..20w2-pct2-tr0.5x0.25-3600-ttl1800,pct2 · tr0.5x0.25 · 1 ч · без выхода по стене,180,5.6661,-12.9977,18.6639,11,11,101.9898,28,6.2761,-1.9601,8.2363,4,6,17.573079999999997,да
t-bid-btc4h-q1,ladder3x2..20w2-pct2-tr0.5x0.25-7200-ttl1800,pct2 · tr0.5x0.25 · 2 ч · без выхода по стене,157,12.1082,-18.6021,30.7103,10,11,190.09874,27,23.5519,-2.773,26.325,4,6,63.59013,да
t-bid-btc4h-q1,ladder3x2..20w2-pct2-tr0.5x0.5-14400-ttl1800,pct2 · tr0.5x0.5 · 4 ч · без выхода по стене,137,15.812,-22.9863,38.7983,10,11,216.6244,23,32.6806,2.6567,30.024,4,6,75.16538,да
t-bid-btc4h-q1,ladder3x2..20w2-pct2-tr0.5x0.5-3600-ttl1800,pct2 · tr0.5x0.5 · 1 ч · без выхода по стене,180,7.9964,-13.8502,21.8466,11,11,143.9352,28,7.7686,-0.9858,8.7544,4,6,21.75208,да
t-bid-btc4h-q1,ladder3x2..20w2-pct2-tr0.5x0.5-7200-ttl1800,pct2 · tr0.5x0.5 · 2 ч · без выхода по стене,157,14.1407,-20.2728,34.4135,10,11,222.00898999999998,27,26.2323,-1.2203,27.4526,4,6,70.82721,да
t-bid-btc4h-q1,ladder3x2..20w2-pct2-tr1.5x0.25-14400-ttl1800,pct2 · tr1.5x0.25 · 4 ч · без выхода по стене,117,25.2537,-31.6858,56.9395,10,11,295.46828999999997,19,65.8885,20.9514,44.9371,3,6,125.18815,нет
t-bid-btc4h-q1,ladder3x2..20w2-pct2-tr1.5x0.25-3600-ttl1800,pct2 · tr1.5x0.25 · 1 ч · без выхода по стене,176,8.4818,-15.5534,24.0352,10,11,149.27968,26,12.7848,1.8204,10.9645,2,6,33.240480000000005,да
t-bid-btc4h-q1,ladder3x2..20w2-pct2-tr1.5x0.25-7200-ttl1800,pct2 · tr1.5x0.25 · 2 ч · без выхода по стене,149,16.4209,-25.6852,42.1061,9,11,244.67141,25,48.684,5.2008,43.4832,4,6,121.71,да
t-bid-btc4h-q1,ladder3x2..20w2-pct2-tr1.5x0.5-14400-ttl1800,pct2 · tr1.5x0.5 · 4 ч · без выхода по стене,117,24.4211,-31.6817,56.1028,10,11,285.72687,19,76.3822,22.209,54.1732,3,6,145.12618,нет
t-bid-btc4h-q1,ladder3x2..20w2-pct2-tr1.5x0.5-3600-ttl1800,pct2 · tr1.5x0.5 · 1 ч · без выхода по стене,176,8.1543,-15.5686,23.7229,10,11,143.51567999999997,26,12.8279,2.0404,10.7875,2,6,33.35254,да
t-bid-btc4h-q1,ladder3x2..20w2-pct2-tr1.5x0.5-7200-ttl1800,pct2 · tr1.5x0.5 · 2 ч · без выхода по стене,149,15.19,-25.8177,41.0077,9,11,226.331,25,54.2396,5.7176,48.522,4,6,135.599,да
t-bid-btc4h-q1,ladder3x2..20w2-pct2-tr1.5x1-14400-ttl1800,pct2 · tr1.5x1 · 4 ч · без выхода по стене,116,26.1825,-32.292,58.4745,10,11,303.717,17,61.4853,25.6942,35.7911,3,6,104.52501,нет
t-bid-btc4h-q1,ladder3x2..20w2-pct2-tr1.5x1-3600-ttl1800,pct2 · tr1.5x1 · 1 ч · без выхода по стене,176,9.9302,-15.5996,25.5298,10,11,174.77151999999998,26,13.9675,2.2806,11.6869,2,6,36.3155,да
t-bid-btc4h-q1,ladder3x2..20w2-pct2-tr1.5x1-7200-ttl1800,pct2 · tr1.5x1 · 2 ч · без выхода по стене,148,15.5171,-26.2298,41.7469,9,11,229.65308,24,43.2617,5.4685,37.7933,4,6,103.82808,да
t-bid-btc4h-q1,ladder3x2..20w2-pct2-tr1x0.25-14400-ttl1800,pct2 · tr1x0.25 · 4 ч · без выхода по стене,126,22.9829,-26.4668,49.4496,10,11,289.58454,20,40.2307,8.9036,31.3271,2,6,80.4614,да
t-bid-btc4h-q1,ladder3x2..20w2-pct2-tr1x0.25-3600-ttl1800,pct2 · tr1x0.25 · 1 ч · без выхода по стене,178,8.0566,-14.7052,22.7618,11,11,143.40748,26,4.4919,1.5332,2.9587,2,6,11.67894,да
t-bid-btc4h-q1,ladder3x2..20w2-pct2-tr1x0.25-7200-ttl1800,pct2 · tr1x0.25 · 2 ч · без выхода по стене,152,15.1572,-23.1389,38.2961,10,11,230.38944,25,31.6553,3.6126,28.0427,3,6,79.13825,да
t-bid-btc4h-q1,ladder3x2..20w2-pct2-tr1x0.5-14400-ttl1800,pct2 · tr1x0.5 · 4 ч · без выхода по стене,125,24.2933,-27.2762,51.5695,10,11,303.66625,20,52.6279,11.3276,41.3002,3,6,105.2558,да
t-bid-btc4h-q1,ladder3x2..20w2-pct2-tr1x0.5-3600-ttl1800,pct2 · tr1x0.5 · 1 ч · без выхода по стене,178,9.2121,-14.9681,24.1802,11,11,163.97538,26,5.4557,1.8442,3.6115,2,6,14.184820000000002,да
t-bid-btc4h-q1,ladder3x2..20w2-pct2-tr1x0.5-7200-ttl1800,pct2 · tr1x0.5 · 2 ч · без выхода по стене,152,16.1725,-23.8721,40.0446,10,11,245.82199999999997,25,37.9579,5.0008,32.957,3,6,94.89475000000002,да
t-bid-btc4h-q1,ladder3x2..20w2-pct2-tr1x1-14400-ttl1800,pct2 · tr1x1 · 4 ч · без выхода по стене,123,24.9014,-29.4062,54.3076,10,11,306.28722,17,50.9863,15.6253,35.361,3,6,86.67671,нет
t-bid-btc4h-q1,ladder3x2..20w2-pct2-tr1x1-3600-ttl1800,pct2 · tr1x1 · 1 ч · без выхода по стене,178,10.6036,-15.4715,26.0751,11,11,188.74408,26,13.9675,2.2806,11.6869,2,6,36.3155,да
t-bid-btc4h-q1,ladder3x2..20w2-pct2-tr1x1-7200-ttl1800,pct2 · tr1x1 · 2 ч · без выхода по стене,151,15.2795,-25.3387,40.6182,9,11,230.72045000000003,24,35.3521,5.4721,29.88,3,6,84.84504,да
t-bid-btc4h-q1,ladder3x2..20w2-pct2-tr2x0.25-14400-ttl1800,pct2 · tr2x0.25 · 4 ч · без выхода по стене,117,21.8482,-33.6619,55.5101,10,11,255.62394,17,69.1499,23.3816,45.7684,3,6,117.55483,нет
t-bid-btc4h-q1,ladder3x2..20w2-pct2-tr2x0.25-3600-ttl1800,pct2 · tr2x0.25 · 1 ч · без выхода по стене,176,8.3103,-15.7693,24.0796,10,11,146.26128,26,13.083,2.0265,11.0564,2,6,34.0158,да
t-bid-btc4h-q1,ladder3x2..20w2-pct2-tr2x0.25-7200-ttl1800,pct2 · tr2x0.25 · 2 ч · без выхода по стене,149,11.121,-26.8873,38.0084,9,11,165.7029,24,47.4924,5.0696,42.4228,4,6,113.98176000000001,да
t-bid-btc4h-q1,ladder3x2..20w2-pct2-tr2x0.5-14400-ttl1800,pct2 · tr2x0.5 · 4 ч · без выхода по стене,117,23.1444,-33.522,56.6665,10,11,270.78948,17,75.4781,23.8514,51.6268,3,6,128.31277,нет
t-bid-btc4h-q1,ladder3x2..20w2-pct2-tr2x0.5-3600-ttl1800,pct2 · tr2x0.5 · 1 ч · без выхода по стене,176,7.9475,-15.7676,23.7151,10,11,139.876,26,14.0593,2.2283,11.831,2,6,36.55418,да
t-bid-btc4h-q1,ladder3x2..20w2-pct2-tr2x0.5-7200-ttl1800,pct2 · tr2x0.5 · 2 ч · без выхода по стене,149,10.3646,-26.9078,37.2724,9,11,154.43254,24,54.8033,5.3432,49.4602,4,6,131.52792,да
t-bid-btc4h-q1,ladder3x2..20w2-pct2-tr2x1-14400-ttl1800,pct2 · tr2x1 · 4 ч · без выхода по стене,116,22.2981,-33.3143,55.6123,10,11,258.65796,17,68.4636,25.7745,42.689,3,6,116.38812,нет
t-bid-btc4h-q1,ladder3x2..20w2-pct2-tr2x1-3600-ttl1800,pct2 · tr2x1 · 1 ч · без выхода по стене,176,10.1407,-15.7292,25.8699,10,11,178.47632000000002,26,13.9675,2.2806,11.6869,2,6,36.3155,да
t-bid-btc4h-q1,ladder3x2..20w2-pct2-tr2x1-7200-ttl1800,pct2 · tr2x1 · 2 ч · без выхода по стене,148,10.9191,-26.7241,37.6432,9,11,161.60268000000002,24,48.2047,5.5254,42.6793,4,6,115.69128,да
t-bid-age-45,ladder3x2..20w2-pct0.5-tk0.5-14400-ttl1800,pct0.5 · tk0.5 · 4 ч · без выхода по стене,747,-4.8016,-6.7093,1.9078,9,15,-358.67951999999997,187,5.1006,0.1473,4.9533,6,7,95.38122,нет
t-bid-age-45,ladder3x2..20w2-pct0.5-tk0.5-3600-ttl1800,pct0.5 · tk0.5 · 1 ч · без выхода по стене,858,-4.7869,-5.8485,1.0615,11,15,-410.71602,204,2.8838,-0.331,3.2149,4,7,58.82952,нет
t-bid-age-45,ladder3x2..20w2-pct0.5-tk0.5-7200-ttl1800,pct0.5 · tk0.5 · 2 ч · без выхода по стене,793,-3.2528,-6.5503,3.2975,10,15,-257.94704,193,4.2447,0.0016,4.2431,5,7,81.92271,нет
t-bid-age-45,ladder3x2..20w2-pct0.5-tk0.75-14400-ttl1800,pct0.5 · tk0.75 · 4 ч · без выхода по стене,679,-3.9308,-6.745,2.8141,8,15,-266.90132,170,5.7839,1.9796,3.8043,6,7,98.3263,нет
t-bid-age-45,ladder3x2..20w2-pct0.5-tk0.75-3600-ttl1800,pct0.5 · tk0.75 · 1 ч · без выхода по стене,837,-4.4128,-5.9345,1.5217,10,15,-369.35136,198,4.3636,0.4676,3.896,4,7,86.39928,нет
t-bid-age-45,ladder3x2..20w2-pct0.5-tk0.75-7200-ttl1800,pct0.5 · tk0.75 · 2 ч · без выхода по стене,744,-2.6785,-6.7642,4.0858,11,15,-199.28040000000001,179,4.8893,1.5955,3.2938,4,7,87.51847000000001,нет
t-bid-age-45,ladder3x2..20w2-pct0.5-tk1-14400-ttl1800,pct0.5 · tk1 · 4 ч · без выхода по стене,644,-6.7386,-6.8189,0.0804,5,15,-433.96584,163,9.3713,5.3928,3.9785,3,7,152.75218999999998,нет
t-bid-age-45,ladder3x2..20w2-pct0.5-tk1-3600-ttl1800,pct0.5 · tk1 · 1 ч · без выхода по стене,831,-4.485,-6.0379,1.553,8,15,-372.7035,197,6.2626,1.7892,4.4734,4,7,123.37321999999999,нет
t-bid-age-45,ladder3x2..20w2-pct0.5-tk1-7200-ttl1800,pct0.5 · tk1 · 2 ч · без выхода по стене,724,-3.9651,-6.8677,2.9026,8,15,-287.07324,177,7.0337,3.8335,3.2002,3,7,124.49649,нет
t-bid-age-45,ladder3x2..20w2-pct0.5-tk1.25-14400-ttl1800,pct0.5 · tk1.25 · 4 ч · без выхода по стене,631,-5.4196,-6.51,1.0904,7,15,-341.97676,158,9.1661,7.6665,1.4996,2,7,144.82438,нет
t-bid-age-45,ladder3x2..20w2-pct0.5-tk1.25-3600-ttl1800,pct0.5 · tk1.25 · 1 ч · без выхода по стене,828,-4.2806,-6.1065,1.8259,8,15,-354.43368,195,6.5892,2.2975,4.2917,4,7,128.4894,нет
t-bid-age-45,ladder3x2..20w2-pct0.5-tk1.25-7200-ttl1800,pct0.5 · tk1.25 · 2 ч · без выхода по стене,718,-3.2781,-6.8041,3.5261,9,15,-235.36758,175,7.0557,5.0234,2.0322,4,7,123.47475,нет
t-bid-age-45,ladder3x2..20w2-pct0.5-tk1.5-14400-ttl1800,pct0.5 · tk1.5 · 4 ч · без выхода по стене,621,-5.1949,-6.0226,0.8278,7,15,-322.60328999999996,155,7.1363,9.0034,-1.8671,3,7,110.61265,нет
t-bid-age-45,ladder3x2..20w2-pct0.5-tk1.5-3600-ttl1800,pct0.5 · tk1.5 · 1 ч · без выхода по стене,827,-3.8238,-6.056,2.2322,9,15,-316.22826,195,6.4461,2.4592,3.9869,4,7,125.69895000000001,нет
t-bid-age-45,ladder3x2..20w2-pct0.5-tk1.5-7200-ttl1800,pct0.5 · tk1.5 · 2 ч · без выхода по стене,713,-3.4108,-6.6344,3.2236,8,15,-243.19004,172,7.1092,5.7559,1.3533,4,7,122.27824000000001,нет
t-bid-age-45,ladder3x2..20w2-pct0.5-tk1.75-14400-ttl1800,pct0.5 · tk1.75 · 4 ч · без выхода по стене,609,-6.2219,-5.7017,-0.5202,5,15,-378.91371,154,10.0978,10.6776,-0.5798,3,7,155.50611999999998,нет
t-bid-age-45,ladder3x2..20w2-pct0.5-tk1.75-3600-ttl1800,pct0.5 · tk1.75 · 1 ч · без выхода по стене,823,-4.1934,-6.0177,1.8243,10,15,-345.11681999999996,195,8.0232,2.7216,5.3015,4,7,156.45239999999998,нет
t-bid-age-45,ladder3x2..20w2-pct0.5-tk1.75-7200-ttl1800,pct0.5 · tk1.75 · 2 ч · без выхода по стене,708,-3.7504,-6.5525,2.8021,9,15,-265.52832,170,6.3341,6.5109,-0.1768,3,7,107.6797,нет
t-bid-age-45,ladder3x2..20w2-pct0.5-tk2-14400-ttl1800,pct0.5 · tk2 · 4 ч · без выхода по стене,603,-7.9854,-4.9664,-3.019,5,15,-481.51962000000003,153,13.1028,11.9601,1.1427,3,7,200.47284,нет
t-bid-age-45,ladder3x2..20w2-pct0.5-tk2-3600-ttl1800,pct0.5 · tk2 · 1 ч · без выхода по стене,823,-4.3211,-6.0351,1.7139,10,15,-355.62653000000006,195,8.5317,2.9914,5.5403,4,7,166.36815,нет
t-bid-age-45,ladder3x2..20w2-pct0.5-tk2-7200-ttl1800,pct0.5 · tk2 · 2 ч · без выхода по стене,707,-4.9103,-6.3714,1.4611,8,15,-347.15821,170,7.9295,7.3918,0.5377,3,7,134.8015,нет
t-bid-age-45,ladder3x2..20w2-pct0.75-tk0.5-14400-ttl1800,pct0.75 · tk0.5 · 4 ч · без выхода по стене,686,-3.3589,-7.5892,4.2303,11,15,-230.42054000000002,180,6.8846,0.9805,5.9041,5,7,123.92280000000001,нет
t-bid-age-45,ladder3x2..20w2-pct0.75-tk0.5-3600-ttl1800,pct0.75 · tk0.5 · 1 ч · без выхода по стене,841,-3.3184,-6.3478,3.0294,13,15,-279.07743999999997,199,2.1876,0.1777,2.0099,5,7,43.533240000000006,нет
t-bid-age-45,ladder3x2..20w2-pct0.75-tk0.5-7200-ttl1800,pct0.75 · tk0.5 · 2 ч · без выхода по стене,751,-1.9618,-7.5145,5.5527,12,15,-147.33118,188,4.9559,0.7775,4.1784,5,7,93.17092,нет
t-bid-age-45,ladder3x2..20w2-pct0.75-tk0.75-14400-ttl1800,pct0.75 · tk0.75 · 4 ч · без выхода по стене,625,-2.6964,-7.8295,5.1331,11,15,-168.525,163,7.9782,3.5325,4.4457,6,7,130.04466,нет
t-bid-age-45,ladder3x2..20w2-pct0.75-tk0.75-3600-ttl1800,pct0.75 · tk0.75 · 1 ч · без выхода по стене,818,-3.144,-6.5717,3.4277,11,15,-257.1792,193,3.9928,0.9739,3.0189,4,7,77.06104,нет
t-bid-age-45,ladder3x2..20w2-pct0.75-tk0.75-7200-ttl1800,pct0.75 · tk0.75 · 2 ч · без выхода по стене,703,-2.3906,-7.9948,5.6042,12,15,-168.05918000000003,174,5.6134,2.4208,3.1926,6,7,97.67316000000001,нет
t-bid-age-45,ladder3x2..20w2-pct0.75-tk1-14400-ttl1800,pct0.75 · tk1 · 4 ч · без выхода по стене,591,-4.4504,-8.1565,3.7062,8,15,-263.01864,155,14.6981,7.0898,7.6084,6,7,227.82055,нет
t-bid-age-45,ladder3x2..20w2-pct0.75-tk1-3600-ttl1800,pct0.75 · tk1 · 1 ч · без выхода по стене,812,-2.74,-6.7373,3.9973,11,15,-222.488,192,6.031,2.2621,3.7689,4,7,115.7952,нет
t-bid-age-45,ladder3x2..20w2-pct0.75-tk1-7200-ttl1800,pct0.75 · tk1 · 2 ч · без выхода по стене,685,-2.1944,-8.2843,6.0899,10,15,-150.3164,171,9.0337,4.8242,4.2096,5,7,154.47627,нет
t-bid-age-45,ladder3x2..20w2-pct0.75-tk1.25-14400-ttl1800,pct0.75 · tk1.25 · 4 ч · без выхода по стене,576,-3.3056,-8.1931,4.8875,8,15,-190.40256,149,12.6845,9.962,2.7225,5,7,188.99904999999998,нет
t-bid-age-45,ladder3x2..20w2-pct0.75-tk1.25-3600-ttl1800,pct0.75 · tk1.25 · 1 ч · без выхода по стене,809,-2.3758,-6.8053,4.4295,11,15,-192.20221999999998,190,7.0717,2.7825,4.2892,4,7,134.3623,нет
t-bid-age-45,ladder3x2..20w2-pct0.75-tk1.25-7200-ttl1800,pct0.75 · tk1.25 · 2 ч · без выхода по стене,680,-1.5209,-8.3684,6.8475,10,15,-103.4212,169,9.8774,6.1976,3.6798,5,7,166.92806000000002,нет
t-bid-age-45,ladder3x2..20w2-pct0.75-tk1.5-14400-ttl1800,pct0.75 · tk1.5 · 4 ч · без выхода по стене,566,-2.7671,-8.0143,5.2473,9,15,-156.61786,147,11.9729,12.3264,-0.3534,3,7,176.00162999999998,нет
t-bid-age-45,ladder3x2..20w2-pct0.75-tk1.5-3600-ttl1800,pct0.75 · tk1.5 · 1 ч · без выхода по стене,808,-2.1194,-6.7465,4.6271,10,15,-171.24752,190,7.1799,2.9473,4.2326,4,7,136.4181,нет
t-bid-age-45,ladder3x2..20w2-pct0.75-tk1.5-7200-ttl1800,pct0.75 · tk1.5 · 2 ч · без выхода по стене,677,-1.468,-8.1881,6.7201,9,15,-99.3836,166,10.6194,6.9958,3.6235,5,7,176.28204,нет
t-bid-age-45,ladder3x2..20w2-pct0.75-tk1.75-14400-ttl1800,pct0.75 · tk1.75 · 4 ч · без выхода по стене,555,-3.0954,-7.9026,4.8071,9,15,-171.7947,144,12.8644,14.1902,-1.3258,4,7,185.24736000000001,нет
t-bid-age-45,ladder3x2..20w2-pct0.75-tk1.75-3600-ttl1800,pct0.75 · tk1.75 · 1 ч · без выхода по стене,804,-2.4305,-6.7744,4.3439,10,15,-195.41219999999998,190,7.8335,3.2144,4.6191,3,7,148.8365,нет
t-bid-age-45,ladder3x2..20w2-pct0.75-tk1.75-7200-ttl1800,pct0.75 · tk1.75 · 2 ч · без выхода по стене,672,-1.8502,-8.2562,6.4059,9,15,-124.33344,164,9.0489,7.7725,1.2763,2,7,148.40195999999997,нет
t-bid-age-45,ladder3x2..20w2-pct0.75-tk2-14400-ttl1800,pct0.75 · tk2 · 4 ч · без выхода по стене,548,-5.9627,-6.995,1.0322,7,15,-326.75596,143,13.9595,15.5284,-1.5688,4,7,199.62085,нет
t-bid-age-45,ladder3x2..20w2-pct0.75-tk2-3600-ttl1800,pct0.75 · tk2 · 1 ч · без выхода по стене,804,-2.5612,-6.7921,4.2309,10,15,-205.92048,190,8.156,3.4688,4.6872,2,7,154.964,нет
t-bid-age-45,ladder3x2..20w2-pct0.75-tk2-7200-ttl1800,pct0.75 · tk2 · 2 ч · без выхода по стене,671,-3.0393,-8.0469,5.0076,8,15,-203.93703,164,9.7937,8.561,1.2326,2,7,160.61668,нет
t-bid-age-45,ladder3x2..20w2-pct1-1to1-14400-ttl1800-eat20,pct1 · 1to1 · 4 ч · eat20,833,-3.6577,-5.9615,2.3038,12,14,-304.68641,206,2.2089,-0.209,2.4179,4,7,45.503339999999994,нет
t-bid-age-45,ladder3x2..20w2-pct1-1to1-3600-ttl1800-eat20,pct1 · 1to1 · 1 ч · eat20,926,-3.0633,-5.3162,2.2529,12,14,-283.66158,225,0.9766,-0.7435,1.7201,4,7,21.9735,нет
t-bid-age-45,ladder3x2..20w2-pct1-1to1-7200-ttl1800-eat20,pct1 · 1to1 · 2 ч · eat20,878,-3.5924,-5.6292,2.0368,10,14,-315.41272,213,1.1055,-0.1124,1.2179,4,7,23.54715,нет
t-bid-age-45,ladder3x2..20w2-pct1-tk0.5-14400-ttl1800,pct1 · tk0.5 · 4 ч · без выхода по стене,657,-3.0203,-8.4236,5.4034,11,15,-198.43371000000002,176,9.9445,1.6604,8.2841,5,7,175.0232,нет
t-bid-age-45,ladder3x2..20w2-pct1-tk0.5-3600-ttl1800,pct1 · tk0.5 · 1 ч · без выхода по стене,835,-3.438,-6.6303,3.1923,11,15,-287.073,197,5.5638,0.4588,5.105,4,7,109.60685999999998,нет
t-bid-age-45,ladder3x2..20w2-pct1-tk0.5-7200-ttl1800,pct1 · tk0.5 · 2 ч · без выхода по стене,734,-1.5146,-8.0007,6.4861,11,15,-111.17164,184,7.947,1.3125,6.6345,6,7,146.22480000000002,нет
t-bid-age-45,ladder3x2..20w2-pct1-tk0.75-14400-ttl1800,pct1 · tk0.75 · 4 ч · без выхода по стене,601,-1.7219,-8.7957,7.0737,9,15,-103.48619000000001,157,14.0045,4.2934,9.711,5,7,219.87065,нет
t-bid-age-45,ladder3x2..20w2-pct1-tk0.75-3600-ttl1800,pct1 · tk0.75 · 1 ч · без выхода по стене,813,-2.806,-6.8518,4.0458,11,15,-228.12780000000004,190,6.5999,1.3253,5.2746,5,7,125.3981,нет
t-bid-age-45,ladder3x2..20w2-pct1-tk0.75-7200-ttl1800,pct1 · tk0.75 · 2 ч · без выхода по стене,688,-1.7288,-8.4816,6.7529,11,15,-118.94143999999999,171,10.0422,3.1977,6.8445,4,7,171.72161999999997,нет
t-bid-age-45,ladder3x2..20w2-pct1-tk1-14400-ttl1800,pct1 · tk1 · 4 ч · без выхода по стене,570,-4.348,-9.1708,4.8228,8,15,-247.836,150,20.9075,7.9988,12.9088,6,7,313.6125,нет
t-bid-age-45,ladder3x2..20w2-pct1-tk1-3600-ttl1800,pct1 · tk1 · 1 ч · без выхода по стене,807,-2.2222,-7.0788,4.8566,11,15,-179.33154,189,7.6948,2.6076,5.0872,4,7,145.43171999999998,нет
t-bid-age-45,ladder3x2..20w2-pct1-tk1-7200-ttl1800,pct1 · tk1 · 2 ч · без выхода по стене,670,-1.8549,-8.8391,6.9842,10,15,-124.27829999999999,169,13.0308,5.6446,7.3862,5,7,220.22052,нет
t-bid-age-45,ladder3x2..20w2-pct1-tk1.25-14400-ttl1800,pct1 · tk1.25 · 4 ч · без выхода по стене,558,-3.0525,-9.3698,6.3173,8,15,-170.3295,144,21.4845,10.8913,10.5931,5,7,309.3768,нет
t-bid-age-45,ladder3x2..20w2-pct1-tk1.25-3600-ttl1800,pct1 · tk1.25 · 1 ч · без выхода по стене,804,-2.0898,-7.122,5.0322,11,15,-168.01991999999998,187,8.77,3.1401,5.6299,3,7,163.999,нет
t-bid-age-45,ladder3x2..20w2-pct1-tk1.25-7200-ttl1800,pct1 · tk1.25 · 2 ч · без выхода по стене,665,-0.9532,-8.9564,8.0033,10,15,-63.387800000000006,167,14.1416,7.0901,7.0514,4,7,236.16472,нет
t-bid-age-45,ladder3x2..20w2-pct1-tk1.5-14400-ttl1800,pct1 · tk1.5 · 4 ч · без выхода по стене,545,-3.418,-9.3315,5.9135,7,15,-186.281,141,20.9752,13.57,7.4053,4,7,295.75032,нет
t-bid-age-45,ladder3x2..20w2-pct1-tk1.5-3600-ttl1800,pct1 · tk1.5 · 1 ч · без выхода по стене,803,-2.034,-7.0764,5.0424,12,15,-163.3302,187,8.88,3.3075,5.5724,3,7,166.056,нет
t-bid-age-45,ladder3x2..20w2-pct1-tk1.5-7200-ttl1800,pct1 · tk1.5 · 2 ч · без выхода по стене,661,-1.4457,-8.8063,7.3606,8,15,-95.56077,164,13.2617,7.8915,5.3702,4,7,217.49187999999998,нет
t-bid-age-45,ladder3x2..20w2-pct1-tk1.75-14400-ttl1800,pct1 · tk1.75 · 4 ч · без выхода по стене,535,-2.8247,-8.9797,6.155,7,15,-151.12145,139,22.8884,15.555,7.3334,4,7,318.14876,нет
t-bid-age-45,ladder3x2..20w2-pct1-tk1.75-3600-ttl1800,pct1 · tk1.75 · 1 ч · без выхода по стене,800,-2.0056,-7.1156,5.1099,11,15,-160.44799999999998,187,9.544,3.5789,5.9651,3,7,178.4728,нет
t-bid-age-45,ladder3x2..20w2-pct1-tk1.75-7200-ttl1800,pct1 · tk1.75 · 2 ч · без выхода по стене,656,-1.7457,-8.8346,7.0889,7,15,-114.51792,162,11.5356,8.702,2.8336,2,7,186.87672,нет
t-bid-age-45,ladder3x2..20w2-pct1-tk2-14400-ttl1800,pct1 · tk2 · 4 ч · без выхода по стене,529,-6.1779,-8.0691,1.8912,7,15,-326.81091000000004,138,24.074,16.995,7.079,3,7,332.22120000000007,нет
t-bid-age-45,ladder3x2..20w2-pct1-tk2-3600-ttl1800,pct1 · tk2 · 1 ч · без выхода по стене,800,-2.1086,-7.1334,5.0248,12,15,-168.68800000000002,187,9.8717,3.8374,6.0342,3,7,184.60079000000002,нет
t-bid-age-45,ladder3x2..20w2-pct1-tk2-7200-ttl1800,pct1 · tk2 · 2 ч · без выхода по стене,655,-2.9827,-8.6167,5.634,7,15,-195.36685,162,12.4105,9.5542,2.8564,2,7,201.05010000000001,нет
t-bid-age-45,ladder3x2..20w2-pct1-tr0.5x0.25-14400-ttl1800,pct1 · tr0.5x0.25 · 4 ч · без выхода по стене,649,-1.9591,-8.4964,6.5373,10,15,-127.14559,175,11.9573,2.8726,9.0847,5,7,209.25275000000002,нет
t-bid-age-45,ladder3x2..20w2-pct1-tr0.5x0.25-3600-ttl1800,pct1 · tr0.5x0.25 · 1 ч · без выхода по стене,834,-2.7324,-6.6274,3.895,11,15,-227.88216000000003,197,7.5096,1.2206,6.289,5,7,147.93912,нет
t-bid-age-45,ladder3x2..20w2-pct1-tr0.5x0.25-7200-ttl1800,pct1 · tr0.5x0.25 · 2 ч · без выхода по стене,729,-0.5447,-7.9932,7.4485,11,15,-39.70863,184,10.2697,2.4151,7.8546,5,7,188.96248,нет
t-bid-age-45,ladder3x2..20w2-pct1-tr0.5x0.5-14400-ttl1800,pct1 · tr0.5x0.5 · 4 ч · без выхода по стене,625,-2.6908,-8.4253,5.7345,8,15,-168.175,171,10.7361,4.9946,5.7415,5,7,183.58731,нет
t-bid-age-45,ladder3x2..20w2-pct1-tr0.5x0.5-3600-ttl1800,pct1 · tr0.5x0.5 · 1 ч · без выхода по стене,825,-1.9614,-6.6206,4.6592,11,15,-161.8155,193,7.4063,2.1984,5.2078,5,7,142.94159,нет
t-bid-age-45,ladder3x2..20w2-pct1-tr0.5x0.5-7200-ttl1800,pct1 · tr0.5x0.5 · 2 ч · без выхода по стене,706,-0.7166,-7.9576,7.2411,10,15,-50.59196,181,10.4945,4.15,6.3445,5,7,189.95045,нет
t-bid-age-45,ladder3x2..20w2-pct1-tr1.5x0.25-14400-ttl1800,pct1 · tr1.5x0.25 · 4 ч · без выхода по стене,545,-3.1575,-9.4986,6.3411,7,15,-172.08375,141,20.4789,13.8668,6.6121,4,7,288.75248999999997,нет
t-bid-age-45,ladder3x2..20w2-pct1-tr1.5x0.25-3600-ttl1800,pct1 · tr1.5x0.25 · 1 ч · без выхода по стене,803,-1.8177,-7.0983,5.2806,11,15,-145.96131,187,8.6372,3.3586,5.2787,3,7,161.51564000000002,нет
t-bid-age-45,ladder3x2..20w2-pct1-tr1.5x0.25-7200-ttl1800,pct1 · tr1.5x0.25 · 2 ч · без выхода по стене,661,-0.7891,-8.9044,8.1154,8,15,-52.15951,164,12.6066,8.0189,4.5877,3,7,206.74823999999998,нет
t-bid-age-45,ladder3x2..20w2-pct1-tr1.5x0.5-14400-ttl1800,pct1 · tr1.5x0.5 · 4 ч · без выхода по стене,543,-4.0337,-9.0998,5.0661,7,15,-219.02990999999997,140,19.0044,14.6602,4.3442,4,7,266.0616,нет
t-bid-age-45,ladder3x2..20w2-pct1-tr1.5x0.5-3600-ttl1800,pct1 · tr1.5x0.5 · 1 ч · без выхода по стене,803,-2.0079,-7.0863,5.0784,10,15,-161.23436999999998,186,7.9354,3.5695,4.3658,3,7,147.59843999999998,нет
t-bid-age-45,ladder3x2..20w2-pct1-tr1.5x0.5-7200-ttl1800,pct1 · tr1.5x0.5 · 2 ч · без выхода по стене,660,-1.1084,-8.7211,7.6127,8,15,-73.1544,163,10.5197,8.5155,2.0042,3,7,171.47111,нет
t-bid-age-45,ladder3x2..20w2-pct1-tr1.5x1-14400-ttl1800,pct1 · tr1.5x1 · 4 ч · без выхода по стене,537,-5.7063,-8.0646,2.3583,8,15,-306.42830999999995,134,14.7668,17.5031,-2.7364,3,7,197.87511999999998,нет
t-bid-age-45,ladder3x2..20w2-pct1-tr1.5x1-3600-ttl1800,pct1 · tr1.5x1 · 1 ч · без выхода по стене,802,-2.2547,-7.0725,4.8178,11,15,-180.82694,186,8.7036,3.9457,4.7579,3,7,161.88696,нет
t-bid-age-45,ladder3x2..20w2-pct1-tr1.5x1-7200-ttl1800,pct1 · tr1.5x1 · 2 ч · без выхода по стене,656,-3.0444,-8.5213,5.4769,8,15,-199.71264000000002,158,6.1192,9.5409,-3.4217,3,7,96.68336000000001,нет
t-bid-age-45,ladder3x2..20w2-pct1-tr1x0.25-14400-ttl1800,pct1 · tr1x0.25 · 4 ч · без выхода по стене,571,-4.3398,-9.1032,4.7634,7,15,-247.80258000000003,150,20.5055,8.5796,11.9259,4,7,307.58250000000004,нет
t-bid-age-45,ladder3x2..20w2-pct1-tr1x0.25-3600-ttl1800,pct1 · tr1x0.25 · 1 ч · без выхода по стене,807,-2.4345,-7.0954,4.6609,10,15,-196.46415,189,8.6939,2.8425,5.8514,4,7,164.31471,нет
t-bid-age-45,ladder3x2..20w2-pct1-tr1x0.25-7200-ttl1800,pct1 · tr1x0.25 · 2 ч · без выхода по стене,670,-2.1826,-8.8161,6.6335,9,15,-146.2342,169,13.1753,6.0632,7.1121,4,7,222.66257000000002,нет
t-bid-age-45,ladder3x2..20w2-pct1-tr1x0.5-14400-ttl1800,pct1 · tr1x0.5 · 4 ч · без выхода по стене,566,-4.6519,-8.7341,4.0822,6,15,-263.29754,149,20.0167,10.6493,9.3674,3,7,298.24883,нет
t-bid-age-45,ladder3x2..20w2-pct1-tr1x0.5-3600-ttl1800,pct1 · tr1x0.5 · 1 ч · без выхода по стене,807,-1.9961,-7.0286,5.0325,10,15,-161.08526999999998,188,6.8726,3.2926,3.58,3,7,129.20488,нет
t-bid-age-45,ladder3x2..20w2-pct1-tr1x0.5-7200-ttl1800,pct1 · tr1x0.5 · 2 ч · без выхода по стене,668,-1.8311,-8.7593,6.9282,8,15,-122.31748,168,11.2627,7.3622,3.9005,4,7,189.21336000000002,нет
t-bid-age-45,ladder3x2..20w2-pct1-tr1x1-14400-ttl1800,pct1 · tr1x1 · 4 ч · без выхода по стене,553,-5.2079,-7.611,2.4031,7,15,-287.99687000000006,140,18.6956,14.7799,3.9157,5,7,261.7384,нет
t-bid-age-45,ladder3x2..20w2-pct1-tr1x1-3600-ttl1800,pct1 · tr1x1 · 1 ч · без выхода по стене,806,-1.9509,-7.0492,5.0983,11,15,-157.24254000000002,188,7.7789,3.8879,3.891,3,7,146.24331999999998,нет
t-bid-age-45,ladder3x2..20w2-pct1-tr1x1-7200-ttl1800,pct1 · tr1x1 · 2 ч · без выхода по стене,662,-3.0945,-8.4362,5.3417,8,15,-204.85590000000002,161,7.3122,8.8246,-1.5124,3,7,117.72642,нет
t-bid-age-45,ladder3x2..20w2-pct1-tr2x0.25-14400-ttl1800,pct1 · tr2x0.25 · 4 ч · без выхода по стене,529,-6.1113,-8.0392,1.9279,7,15,-323.28777,137,20.8128,16.8749,3.9379,3,7,285.13536,нет
t-bid-age-45,ladder3x2..20w2-pct1-tr2x0.25-3600-ttl1800,pct1 · tr2x0.25 · 1 ч · без выхода по стене,800,-1.8874,-7.1329,5.2455,11,15,-150.99200000000002,187,9.7732,3.8455,5.9277,3,7,182.75884,нет
t-bid-age-45,ladder3x2..20w2-pct1-tr2x0.25-7200-ttl1800,pct1 · tr2x0.25 · 2 ч · без выхода по стене,655,-2.6889,-8.6387,5.9497,7,15,-176.12295,161,10.2456,9.3675,0.8782,2,7,164.95416,нет
t-bid-age-45,ladder3x2..20w2-pct1-tr2x0.5-14400-ttl1800,pct1 · tr2x0.5 · 4 ч · без выхода по стене,528,-5.3563,-7.8058,2.4495,6,15,-282.81264,136,21.1186,17.5422,3.5763,4,7,287.21296,нет
t-bid-age-45,ladder3x2..20w2-pct1-tr2x0.5-3600-ttl1800,pct1 · tr2x0.5 · 1 ч · без выхода по стене,800,-1.9986,-7.1379,5.1393,11,15,-159.88799999999998,186,8.7808,3.9208,4.86,3,7,163.32288,нет
t-bid-age-45,ladder3x2..20w2-pct1-tr2x0.5-7200-ttl1800,pct1 · tr2x0.5 · 2 ч · без выхода по стене,655,-2.2852,-8.5904,6.3052,7,15,-149.6806,160,9.569,9.6885,-0.1195,3,7,153.104,нет
t-bid-age-45,ladder3x2..20w2-pct1-tr2x1-14400-ttl1800,pct1 · tr2x1 · 4 ч · без выхода по стене,526,-6.7978,-7.0926,0.2948,7,15,-357.56427999999994,134,15.991,18.2792,-2.2882,4,7,214.27939999999998,нет
t-bid-age-45,ladder3x2..20w2-pct1-tr2x1-3600-ttl1800,pct1 · tr2x1 · 1 ч · без выхода по стене,800,-1.943,-7.0874,5.1444,11,15,-155.44,186,8.0932,3.9387,4.1545,3,7,150.53352,нет
t-bid-age-45,ladder3x2..20w2-pct1-tr2x1-7200-ttl1800,pct1 · tr2x1 · 2 ч · без выхода по стене,654,-3.1128,-8.3958,5.2829,7,15,-203.57711999999998,158,5.1533,9.5669,-4.4136,3,7,81.42214,нет
t-bid-age-45,ladder3x2..20w2-pct1.25-tk0.5-14400-ttl1800,pct1.25 · tk0.5 · 4 ч · без выхода по стене,637,-2.0836,-9.6046,7.5211,12,15,-132.72532,168,13.9255,2.571,11.3545,6,7,233.9484,нет
t-bid-age-45,ladder3x2..20w2-pct1.25-tk0.5-3600-ttl1800,pct1.25 · tk0.5 · 1 ч · без выхода по стене,833,-4.0713,-6.8392,2.7679,10,15,-339.13928999999996,197,9.3186,0.9387,8.3799,6,7,183.57642,нет
t-bid-age-45,ladder3x2..20w2-pct1.25-tk0.5-7200-ttl1800,pct1.25 · tk0.5 · 2 ч · без выхода по стене,723,-2.1099,-8.4983,6.3884,11,15,-152.54577,181,12.5509,2.0124,10.5385,6,7,227.17129,нет
t-bid-age-45,ladder3x2..20w2-pct1.25-tk0.75-14400-ttl1800,pct1.25 · tk0.75 · 4 ч · без выхода по стене,582,-0.5877,-9.9582,9.3705,11,15,-34.20414,150,18.8734,5.6165,13.2569,4,7,283.101,нет
t-bid-age-45,ladder3x2..20w2-pct1.25-tk0.75-3600-ttl1800,pct1.25 · tk0.75 · 1 ч · без выхода по стене,811,-3.3791,-7.0607,3.6815,8,15,-274.04501,190,10.2253,1.8801,8.3451,6,7,194.28070000000002,нет
t-bid-age-45,ladder3x2..20w2-pct1.25-tk0.75-7200-ttl1800,pct1.25 · tk0.75 · 2 ч · без выхода по стене,675,-2.7968,-8.9651,6.1682,11,15,-188.78400000000002,169,15.4348,4.1401,11.2947,5,7,260.84812,нет
t-bid-age-45,ladder3x2..20w2-pct1.25-tk1-14400-ttl1800,pct1.25 · tk1 · 4 ч · без выхода по стене,548,-3.6529,-10.5512,6.8983,9,15,-200.17892,145,29.3387,9.853,19.4857,6,7,425.41115,нет
t-bid-age-45,ladder3x2..20w2-pct1.25-tk1-3600-ttl1800,pct1.25 · tk1 · 1 ч · без выхода по стене,805,-2.7272,-7.296,4.5688,10,15,-219.53959999999998,189,11.6172,3.1538,8.4634,5,7,219.56508,нет
t-bid-age-45,ladder3x2..20w2-pct1.25-tk1-7200-ttl1800,pct1.25 · tk1 · 2 ч · без выхода по стене,657,-2.8353,-9.4016,6.5662,8,15,-186.27921,167,19.9146,6.6294,13.2852,5,7,332.57382,нет
t-bid-age-45,ladder3x2..20w2-pct1.25-tk1.25-14400-ttl1800,pct1.25 · tk1.25 · 4 ч · без выхода по стене,536,-2.72,-10.5488,7.8288,9,15,-145.792,140,31.5618,13.5065,18.0553,6,7,441.8652,нет
t-bid-age-45,ladder3x2..20w2-pct1.25-tk1.25-3600-ttl1800,pct1.25 · tk1.25 · 1 ч · без выхода по стене,802,-2.5217,-7.3203,4.7986,10,15,-202.24034,187,12.8861,3.6921,9.194,5,7,240.97007000000002,нет
t-bid-age-45,ladder3x2..20w2-pct1.25-tk1.25-7200-ttl1800,pct1.25 · tk1.25 · 2 ч · без выхода по стене,652,-1.9732,-9.4713,7.4981,8,15,-128.65264,165,21.9185,8.1071,13.8114,5,7,361.65525,нет
t-bid-age-45,ladder3x2..20w2-pct1.25-tk1.5-14400-ttl1800,pct1.25 · tk1.5 · 4 ч · без выхода по стене,525,-3.0116,-10.4011,7.3895,9,15,-158.10899999999998,138,31.9452,16.8429,15.1023,4,7,440.84376000000003,нет
t-bid-age-45,ladder3x2..20w2-pct1.25-tk1.5-3600-ttl1800,pct1.25 · tk1.5 · 1 ч · без выхода по стене,801,-2.3691,-7.3012,4.9322,10,15,-189.76491000000001,187,13.1174,3.8602,9.2572,4,7,245.29537999999997,нет
t-bid-age-45,ladder3x2..20w2-pct1.25-tk1.5-7200-ttl1800,pct1.25 · tk1.5 · 2 ч · без выхода по стене,648,-2.3661,-9.3303,6.9642,8,15,-153.32328,162,20.0396,8.9153,11.1244,5,7,324.64152,нет
t-bid-age-45,ladder3x2..20w2-pct1.25-tk1.75-14400-ttl1800,pct1.25 · tk1.75 · 4 ч · без выхода по стене,516,-2.5067,-10.0343,7.5276,9,15,-129.34572,136,34.6361,19.0478,15.5883,5,7,471.0509599999999,нет
t-bid-age-45,ladder3x2..20w2-pct1.25-tk1.75-3600-ttl1800,pct1.25 · tk1.75 · 1 ч · без выхода по стене,798,-2.3204,-7.3417,5.0212,11,15,-185.16791999999998,187,13.9029,4.1323,9.7706,4,7,259.98423,нет
t-bid-age-45,ladder3x2..20w2-pct1.25-tk1.75-7200-ttl1800,pct1.25 · tk1.75 · 2 ч · без выхода по стене,644,-3.2048,-9.4027,6.1979,8,15,-206.38912,159,17.1967,9.7986,7.398,3,7,273.42753,нет
t-bid-age-45,ladder3x2..20w2-pct1.25-tk2-14400-ttl1800,pct1.25 · tk2 · 4 ч · без выхода по стене,512,-5.2424,-9.1598,3.9173,8,15,-268.41088,135,34.5712,20.8624,13.7088,4,7,466.7112,нет
t-bid-age-45,ladder3x2..20w2-pct1.25-tk2-3600-ttl1800,pct1.25 · tk2 · 1 ч · без выхода по стене,798,-2.3983,-7.3617,4.9633,10,15,-191.38434,187,14.3823,4.3908,9.9915,3,7,268.94901,нет
t-bid-age-45,ladder3x2..20w2-pct1.25-tk2-7200-ttl1800,pct1.25 · tk2 · 2 ч · без выхода по стене,644,-3.9846,-9.2576,5.2729,9,15,-256.60823999999997,159,18.1228,10.6118,7.5111,3,7,288.15252,нет
t-bid-age-45,ladder3x2..20w2-pct1.5-tk0.5-14400-ttl1800,pct1.5 · tk0.5 · 4 ч · без выхода по стене,628,-0.1983,-10.242,10.0438,11,15,-12.45324,165,16.9963,3.1455,13.8509,6,7,280.43895000000003,нет
t-bid-age-45,ladder3x2..20w2-pct1.5-tk0.5-3600-ttl1800,pct1.5 · tk0.5 · 1 ч · без выхода по стене,832,-3.695,-6.897,3.2021,12,15,-307.424,197,10.7533,1.0317,9.7216,7,7,211.84000999999998,нет
t-bid-age-45,ladder3x2..20w2-pct1.5-tk0.5-7200-ttl1800,pct1.5 · tk0.5 · 2 ч · без выхода по стене,719,-0.6378,-8.9959,8.3581,12,15,-45.857820000000004,181,14.8626,2.1555,12.7071,6,7,269.01306,нет
t-bid-age-45,ladder3x2..20w2-pct1.5-tk0.75-14400-ttl1800,pct1.5 · tk0.75 · 4 ч · без выхода по стене,569,0.1014,-10.5075,10.6089,11,15,5.76966,150,23.5279,5.9092,17.6187,7,7,352.9185,да
t-bid-age-45,ladder3x2..20w2-pct1.5-tk0.75-3600-ttl1800,pct1.5 · tk0.75 · 1 ч · без выхода по стене,810,-3.0099,-7.1239,4.1139,9,15,-243.80190000000002,190,11.5361,1.9766,9.5594,6,7,219.1859,нет
t-bid-age-45,ladder3x2..20w2-pct1.5-tk0.75-7200-ttl1800,pct1.5 · tk0.75 · 2 ч · без выхода по стене,669,-1.7633,-9.4518,7.6885,11,15,-117.96477,169,17.4777,4.2985,13.1792,6,7,295.37313,нет
t-bid-age-45,ladder3x2..20w2-pct1.5-tk1-14400-ttl1800,pct1.5 · tk1 · 4 ч · без выхода по стене,535,-4.1084,-11.1809,7.0726,9,15,-219.79939999999996,144,32.7385,10.1206,22.6179,6,7,471.4344,нет
t-bid-age-45,ladder3x2..20w2-pct1.5-tk1-3600-ttl1800,pct1.5 · tk1 · 1 ч · без выхода по стене,804,-2.3507,-7.368,5.0173,11,15,-188.99627999999998,189,13.2184,3.2521,9.9663,5,7,249.82776000000004,нет
t-bid-age-45,ladder3x2..20w2-pct1.5-tk1-7200-ttl1800,pct1.5 · tk1 · 2 ч · без выхода по стене,651,-2.3613,-9.9376,7.5763,9,15,-153.72063,167,22.3028,6.7911,15.5117,6,7,372.45676000000003,нет
t-bid-age-45,ladder3x2..20w2-pct1.5-tk1.25-14400-ttl1800,pct1.5 · tk1.25 · 4 ч · без выхода по стене,524,-3.4592,-11.4274,7.9682,8,15,-181.26208,138,36.6879,13.8759,22.812,6,7,506.29301999999996,нет
t-bid-age-45,ladder3x2..20w2-pct1.5-tk1.25-3600-ttl1800,pct1.5 · tk1.25 · 1 ч · без выхода по стене,801,-2.2355,-7.4032,5.1677,12,15,-179.06355000000002,187,13.5835,3.7122,9.8712,5,7,254.01145000000002,нет
t-bid-age-45,ladder3x2..20w2-pct1.5-tk1.25-7200-ttl1800,pct1.5 · tk1.25 · 2 ч · без выхода по стене,646,-1.5085,-10.0815,8.573,8,15,-97.4491,165,23.382,8.2648,15.1171,5,7,385.803,нет
t-bid-age-45,ladder3x2..20w2-pct1.5-tk1.5-14400-ttl1800,pct1.5 · tk1.5 · 4 ч · без выхода по стене,513,-3.8068,-11.219,7.4122,8,15,-195.28884,136,37.2968,17.2459,20.0509,5,7,507.2364799999999,нет
t-bid-age-45,ladder3x2..20w2-pct1.5-tk1.5-3600-ttl1800,pct1.5 · tk1.5 · 1 ч · без выхода по стене,800,-2.0878,-7.3605,5.2727,10,15,-167.024,187,13.9495,3.8804,10.0691,5,7,260.85565,нет
t-bid-age-45,ladder3x2..20w2-pct1.5-tk1.5-7200-ttl1800,pct1.5 · tk1.5 · 2 ч · без выхода по стене,642,-1.9505,-9.9095,7.959,8,15,-125.2221,162,21.8324,9.0532,12.7792,5,7,353.68487999999996,нет
t-bid-age-45,ladder3x2..20w2-pct1.5-tk1.75-14400-ttl1800,pct1.5 · tk1.75 · 4 ч · без выхода по стене,506,-3.5511,-10.9086,7.3575,8,15,-179.68566,133,39.7841,19.6989,20.0851,6,7,529.1285300000001,нет
t-bid-age-45,ladder3x2..20w2-pct1.5-tk1.75-3600-ttl1800,pct1.5 · tk1.75 · 1 ч · без выхода по стене,797,-2.0589,-7.4038,5.3449,10,15,-164.09432999999999,187,14.9775,4.1523,10.8252,5,7,280.07925,нет
t-bid-age-45,ladder3x2..20w2-pct1.5-tk1.75-7200-ttl1800,pct1.5 · tk1.75 · 2 ч · без выхода по стене,638,-2.7093,-10.0238,7.3145,8,15,-172.85333999999997,159,20.1501,9.9375,10.2125,3,7,320.38658999999996,нет
t-bid-age-45,ladder3x2..20w2-pct1.5-tk2-14400-ttl1800,pct1.5 · tk2 · 4 ч · без выхода по стене,502,-6.3489,-10.0199,3.671,8,15,-318.71478,132,39.7742,21.5767,18.1975,4,7,525.01944,нет
t-bid-age-45,ladder3x2..20w2-pct1.5-tk2-3600-ttl1800,pct1.5 · tk2 · 1 ч · без выхода по стене,797,-2.1338,-7.4217,5.2879,10,15,-170.06386,187,15.4973,4.4108,11.0865,4,7,289.79950999999994,нет
t-bid-age-45,ladder3x2..20w2-pct1.5-tk2-7200-ttl1800,pct1.5 · tk2 · 2 ч · без выхода по стене,638,-3.7248,-9.8745,6.1497,8,15,-237.64224,159,21.2943,10.7507,10.5436,3,7,338.57937000000004,нет
t-bid-age-45,ladder3x2..20w2-pct1.5-tr0.5x0.25-14400-ttl1800,pct1.5 · tr0.5x0.25 · 4 ч · без выхода по стене,619,0.914,-10.2577,11.1717,11,15,56.576600000000006,164,18.9525,4.421,14.5315,7,7,310.821,да
t-bid-age-45,ladder3x2..20w2-pct1.5-tr0.5x0.25-3600-ttl1800,pct1.5 · tr0.5x0.25 · 1 ч · без выхода по стене,831,-3.1189,-6.8867,3.7677,10,15,-259.18059,197,12.3885,1.8212,10.5672,6,7,244.05345000000003,нет
t-bid-age-45,ladder3x2..20w2-pct1.5-tr0.5x0.25-7200-ttl1800,pct1.5 · tr0.5x0.25 · 2 ч · без выхода по стене,713,0.0576,-8.9023,8.9599,12,15,4.106879999999999,181,16.6231,3.245,13.3781,6,7,300.87811,да
t-bid-age-45,ladder3x2..20w2-pct1.5-tr0.5x0.5-14400-ttl1800,pct1.5 · tr0.5x0.5 · 4 ч · без выхода по стене,598,0.7563,-10.0295,10.7858,10,15,45.22674,161,19.4695,6.7088,12.7607,6,7,313.45895,да
t-bid-age-45,ladder3x2..20w2-pct1.5-tr0.5x0.5-3600-ttl1800,pct1.5 · tr0.5x0.5 · 1 ч · без выхода по стене,822,-2.152,-6.8601,4.7082,10,15,-176.89440000000002,193,11.6407,2.8221,8.8186,5,7,224.66550999999998,нет
t-bid-age-45,ladder3x2..20w2-pct1.5-tr0.5x0.5-7200-ttl1800,pct1.5 · tr0.5x0.5 · 2 ч · без выхода по стене,690,0.4377,-8.7941,9.2318,10,15,30.201299999999996,178,17.9767,5.03,12.9467,6,7,319.98526000000004,да
t-bid-age-45,ladder3x2..20w2-pct1.5-tr1.5x0.25-14400-ttl1800,pct1.5 · tr1.5x0.25 · 4 ч · без выхода по стене,513,-3.1862,-11.3833,8.1971,7,15,-163.45206000000002,136,35.6369,17.5334,18.1035,5,7,484.6618399999999,нет
t-bid-age-45,ladder3x2..20w2-pct1.5-tr1.5x0.25-3600-ttl1800,pct1.5 · tr1.5x0.25 · 1 ч · без выхода по стене,800,-1.9342,-7.383,5.4487,10,15,-154.736,187,13.7471,3.9313,9.8158,5,7,257.07077,нет
t-bid-age-45,ladder3x2..20w2-pct1.5-tr1.5x0.25-7200-ttl1800,pct1.5 · tr1.5x0.25 · 2 ч · без выхода по стене,642,-1.298,-10.0116,8.7136,8,15,-83.33160000000001,162,21.5868,9.176,12.4108,5,7,349.70616,нет
t-bid-age-45,ladder3x2..20w2-pct1.5-tr1.5x0.5-14400-ttl1800,pct1.5 · tr1.5x0.5 · 4 ч · без выхода по стене,512,-3.8593,-11.0214,7.162,8,15,-197.59616,135,33.1018,18.3835,14.7183,5,7,446.87429999999995,нет
t-bid-age-45,ladder3x2..20w2-pct1.5-tr1.5x0.5-3600-ttl1800,pct1.5 · tr1.5x0.5 · 1 ч · без выхода по стене,800,-2.0531,-7.3718,5.3188,10,15,-164.248,186,13.2694,4.1465,9.1229,4,7,246.81084,нет
t-bid-age-45,ladder3x2..20w2-pct1.5-tr1.5x0.5-7200-ttl1800,pct1.5 · tr1.5x0.5 · 2 ч · без выхода по стене,642,-1.2813,-9.8747,8.5933,8,15,-82.25946,161,20.274,9.6866,10.5874,4,7,326.4114,нет
t-bid-age-45,ladder3x2..20w2-pct1.5-tr1.5x1-14400-ttl1800,pct1.5 · tr1.5x1 · 4 ч · без выхода по стене,506,-6.0503,-9.9854,3.9351,9,15,-306.14518,128,28.8903,22.1908,6.6995,5,7,369.79584,нет
t-bid-age-45,ladder3x2..20w2-pct1.5-tr1.5x1-3600-ttl1800,pct1.5 · tr1.5x1 · 1 ч · без выхода по стене,799,-2.3576,-7.3583,5.0007,11,15,-188.37224,186,13.6142,4.524,9.0902,4,7,253.22412,нет
t-bid-age-45,ladder3x2..20w2-pct1.5-tr1.5x1-7200-ttl1800,pct1.5 · tr1.5x1 · 2 ч · без выхода по стене,639,-3.1283,-9.7667,6.6384,8,15,-199.89837,155,15.4494,10.7557,4.6937,5,7,239.46570000000003,нет
t-bid-age-45,ladder3x2..20w2-pct1.5-tr1x0.25-14400-ttl1800,pct1.5 · tr1x0.25 · 4 ч · без выхода по стене,536,-3.7973,-11.068,7.2708,8,15,-203.53528,144,33.1124,10.703,22.4094,6,7,476.81856,нет
t-bid-age-45,ladder3x2..20w2-pct1.5-tr1x0.25-3600-ttl1800,pct1.5 · tr1x0.25 · 1 ч · без выхода по стене,804,-2.4951,-7.3827,4.8876,11,15,-200.60603999999998,189,14.1727,3.4876,10.6851,5,7,267.86403,нет
t-bid-age-45,ladder3x2..20w2-pct1.5-tr1x0.25-7200-ttl1800,pct1.5 · tr1x0.25 · 2 ч · без выхода по стене,651,-2.5541,-9.9116,7.3575,8,15,-166.27191,167,23.0433,7.2014,15.8419,6,7,384.82311,нет
t-bid-age-45,ladder3x2..20w2-pct1.5-tr1x0.5-14400-ttl1800,pct1.5 · tr1x0.5 · 4 ч · без выхода по стене,531,-3.7645,-10.6665,6.902,7,15,-199.89495,143,32.6143,12.8846,19.7297,5,7,466.38449,нет
t-bid-age-45,ladder3x2..20w2-pct1.5-tr1x0.5-3600-ttl1800,pct1.5 · tr1x0.5 · 1 ч · без выхода по стене,804,-1.9232,-7.3078,5.3846,9,15,-154.62528,188,12.8775,3.9422,8.9353,5,7,242.09699999999998,нет
t-bid-age-45,ladder3x2..20w2-pct1.5-tr1x0.5-7200-ttl1800,pct1.5 · tr1x0.5 · 2 ч · без выхода по стене,649,-1.7337,-9.8533,8.1195,8,15,-112.51713,166,21.9355,8.5202,13.4153,5,7,364.1293,нет
t-bid-age-45,ladder3x2..20w2-pct1.5-tr1x1-14400-ttl1800,pct1.5 · tr1x1 · 4 ч · без выхода по стене,520,-4.6298,-9.5408,4.911,8,15,-240.74960000000002,133,28.8382,17.3822,11.456,5,7,383.54805999999996,нет
t-bid-age-45,ladder3x2..20w2-pct1.5-tr1x1-3600-ttl1800,pct1.5 · tr1x1 · 1 ч · без выхода по стене,803,-1.8723,-7.324,5.4517,11,15,-150.34569000000002,188,13.096,4.54,8.556,4,7,246.20480000000003,нет
t-bid-age-45,ladder3x2..20w2-pct1.5-tr1x1-7200-ttl1800,pct1.5 · tr1x1 · 2 ч · без выхода по стене,644,-2.6411,-9.5684,6.9274,8,15,-170.08684,158,16.6306,10.0854,6.5453,4,7,262.76348,нет
t-bid-age-45,ladder3x2..20w2-pct1.5-tr2x0.25-14400-ttl1800,pct1.5 · tr2x0.25 · 4 ч · без выхода по стене,502,-6.0764,-9.9911,3.9148,8,15,-305.03527999999994,131,35.8952,21.4926,14.4026,4,7,470.22712,нет
t-bid-age-45,ladder3x2..20w2-pct1.5-tr2x0.25-3600-ttl1800,pct1.5 · tr2x0.25 · 1 ч · без выхода по стене,797,-1.8833,-7.4212,5.538,10,15,-150.09901,187,15.3079,4.4194,10.8885,4,7,286.25773,нет
t-bid-age-45,ladder3x2..20w2-pct1.5-tr2x0.25-7200-ttl1800,pct1.5 · tr2x0.25 · 2 ч · без выхода по стене,638,-3.3559,-9.8993,6.5434,8,15,-214.10642,158,19.1067,10.5697,8.5371,3,7,301.88586,нет
t-bid-age-45,ladder3x2..20w2-pct1.5-tr2x0.5-14400-ttl1800,pct1.5 · tr2x0.5 · 4 ч · без выхода по стене,501,-5.561,-9.7519,4.191,8,15,-278.6061,130,36.4423,22.23,14.2123,4,7,473.7499000000001,нет
t-bid-age-45,ladder3x2..20w2-pct1.5-tr2x0.5-3600-ttl1800,pct1.5 · tr2x0.5 · 1 ч · без выхода по стене,797,-2.0233,-7.4261,5.4028,10,15,-161.25700999999998,186,14.1148,4.4978,9.6171,4,7,262.53528,нет
t-bid-age-45,ladder3x2..20w2-pct1.5-tr2x0.5-7200-ttl1800,pct1.5 · tr2x0.5 · 2 ч · без выхода по стене,638,-2.8751,-9.845,6.9699,8,15,-183.43138000000002,157,19.1622,10.8933,8.2689,4,7,300.84653999999995,нет
t-bid-age-45,ladder3x2..20w2-pct1.5-tr2x1-14400-ttl1800,pct1.5 · tr2x1 · 4 ч · без выхода по стене,499,-7.342,-9.0429,1.7009,7,15,-366.3658,128,30.8338,23.2899,7.5438,4,7,394.67264,нет
t-bid-age-45,ladder3x2..20w2-pct1.5-tr2x1-3600-ttl1800,pct1.5 · tr2x1 · 1 ч · без выхода по стене,797,-2.0245,-7.3754,5.3509,11,15,-161.35265,186,13.0038,4.517,8.4868,4,7,241.87068,нет
t-bid-age-45,ladder3x2..20w2-pct1.5-tr2x1-7200-ttl1800,pct1.5 · tr2x1 · 2 ч · без выхода по стене,637,-3.5522,-9.6631,6.1109,8,15,-226.27514000000002,155,14.0914,10.7674,3.324,3,7,218.4167,нет
t-bid-age-45,ladder3x2..20w2-pct1.75-tk0.5-14400-ttl1800,pct1.75 · tk0.5 · 4 ч · без выхода по стене,619,1.0153,-10.8306,11.8459,11,15,62.84707000000001,163,22.0885,3.7137,18.3748,7,7,360.04255,да
t-bid-age-45,ladder3x2..20w2-pct1.75-tk0.5-3600-ttl1800,pct1.75 · tk0.5 · 1 ч · без выхода по стене,832,-2.9882,-7.0076,4.0194,11,15,-248.61824000000001,197,11.2003,1.1631,10.0372,7,7,220.64591000000001,нет
t-bid-age-45,ladder3x2..20w2-pct1.75-tk0.5-7200-ttl1800,pct1.75 · tk0.5 · 2 ч · без выхода по стене,717,1.0397,-9.4172,10.4569,13,15,74.54649,180,17.543,2.6914,14.8516,7,7,315.774,да
t-bid-age-45,ladder3x2..20w2-pct1.75-tk0.75-14400-ttl1800,pct1.75 · tk0.75 · 4 ч · без выхода по стене,560,1.391,-10.9547,12.3456,10,15,77.896,148,29.5454,7.1141,22.4313,6,7,437.27192,да
t-bid-age-45,ladder3x2..20w2-pct1.75-tk0.75-3600-ttl1800,pct1.75 · tk0.75 · 1 ч · без выхода по стене,810,-2.3241,-7.2299,4.9058,11,15,-188.25209999999998,190,11.9996,2.1129,9.8867,6,7,227.9924,нет
t-bid-age-45,ladder3x2..20w2-pct1.75-tk0.75-7200-ttl1800,pct1.75 · tk0.75 · 2 ч · без выхода по стене,667,-0.0413,-9.8299,9.7887,11,15,-2.75471,168,20.142,4.894,15.248,6,7,338.38559999999995,нет
t-bid-age-45,ladder3x2..20w2-pct1.75-tk1-14400-ttl1800,pct1.75 · tk1 · 4 ч · без выхода по стене,526,-3.6314,-11.6264,7.995,9,15,-191.01164,142,38.8531,12.0105,26.8426,6,7,551.71402,нет
t-bid-age-45,ladder3x2..20w2-pct1.75-tk1-3600-ttl1800,pct1.75 · tk1 · 1 ч · без выхода по стене,804,-1.6954,-7.4752,5.7797,12,15,-136.31016,189,13.6843,3.389,10.2953,5,7,258.63327,нет
t-bid-age-45,ladder3x2..20w2-pct1.75-tk1-7200-ttl1800,pct1.75 · tk1 · 2 ч · без выхода по стене,649,-0.5205,-10.3652,9.8447,9,15,-33.780449999999995,166,25.2987,7.4119,17.8868,6,7,419.95842000000005,нет
t-bid-age-45,ladder3x2..20w2-pct1.75-tk1.25-14400-ttl1800,pct1.75 · tk1.25 · 4 ч · без выхода по стене,518,-2.4392,-11.8121,9.373,10,15,-126.35056,136,43.1228,15.8764,27.2464,7,7,586.4700799999999,нет
t-bid-age-45,ladder3x2..20w2-pct1.75-tk1.25-3600-ttl1800,pct1.75 · tk1.25 · 1 ч · без выхода по стене,801,-1.5352,-7.5108,5.9756,12,15,-122.96951999999999,187,14.0544,3.8507,10.2037,5,7,262.81728,нет
t-bid-age-45,ladder3x2..20w2-pct1.75-tk1.25-7200-ttl1800,pct1.75 · tk1.25 · 2 ч · без выхода по стене,644,0.1651,-10.399,10.5641,8,15,10.632439999999999,164,26.0734,8.8275,17.2459,6,7,427.60375999999997,да
t-bid-age-45,ladder3x2..20w2-pct1.75-tk1.5-14400-ttl1800,pct1.75 · tk1.5 · 4 ч · без выхода по стене,506,-1.9996,-11.6808,9.6812,9,15,-101.17976,134,40.0724,18.9193,21.1531,6,7,536.9701600000001,нет
t-bid-age-45,ladder3x2..20w2-pct1.75-tk1.5-3600-ttl1800,pct1.75 · tk1.5 · 1 ч · без выхода по стене,800,-1.3866,-7.4682,6.0816,11,15,-110.928,187,14.4204,4.0188,10.4016,5,7,269.66148000000004,нет
t-bid-age-45,ladder3x2..20w2-pct1.75-tk1.5-7200-ttl1800,pct1.75 · tk1.5 · 2 ч · без выхода по стене,640,-0.2284,-10.2291,10.0006,8,15,-14.6176,161,23.2405,9.3181,13.9224,5,7,374.17205,нет
t-bid-age-45,ladder3x2..20w2-pct1.75-tk1.75-14400-ttl1800,pct1.75 · tk1.75 · 4 ч · без выхода по стене,498,-2.7506,-11.5769,8.8263,8,15,-136.97988,131,42.5205,21.4526,21.0679,6,7,557.01855,нет
t-bid-age-45,ladder3x2..20w2-pct1.75-tk1.75-3600-ttl1800,pct1.75 · tk1.75 · 1 ч · без выхода по стене,797,-1.4805,-7.5683,6.0877,11,15,-117.99584999999999,187,15.4484,4.2907,11.1577,5,7,288.88507999999996,нет
t-bid-age-45,ladder3x2..20w2-pct1.75-tk1.75-7200-ttl1800,pct1.75 · tk1.75 · 2 ч · без выхода по стене,636,-0.9867,-10.4031,9.4164,8,15,-62.75412,158,21.5038,10.2126,11.2912,4,7,339.76004,нет
t-bid-age-45,ladder3x2..20w2-pct1.75-tk2-14400-ttl1800,pct1.75 · tk2 · 4 ч · без выхода по стене,494,-5.5231,-10.6488,5.1256,8,15,-272.84114,130,42.4587,23.3727,19.0859,5,7,551.9631,нет
t-bid-age-45,ladder3x2..20w2-pct1.75-tk2-3600-ttl1800,pct1.75 · tk2 · 1 ч · без выхода по стене,797,-1.5554,-7.5862,6.0308,11,15,-123.96537999999998,187,15.9683,4.5492,11.419,5,7,298.60721,нет
t-bid-age-45,ladder3x2..20w2-pct1.75-tk2-7200-ttl1800,pct1.75 · tk2 · 2 ч · без выхода по стене,636,-2.0376,-10.2583,8.2207,9,15,-129.59135999999998,158,22.6553,11.0309,11.6243,5,7,357.95374000000004,нет
t-bid-age-45,ladder3x2..20w2-pct2-1to1-14400-ttl1800-eat20,pct2 · 1to1 · 4 ч · eat20,793,-3.4085,-5.7059,2.2974,10,14,-270.29405,195,8.3815,4.3819,3.9997,4,7,163.43925000000002,нет
t-bid-age-45,ladder3x2..20w2-pct2-1to1-3600-ttl1800-eat20,pct2 · 1to1 · 1 ч · eat20,917,-2.8707,-5.4143,2.5436,11,14,-263.24319,223,4.3317,0.3491,3.9826,4,7,96.59691,нет
t-bid-age-45,ladder3x2..20w2-pct2-1to1-7200-ttl1800-eat20,pct2 · 1to1 · 2 ч · eat20,855,-3.4746,-5.6599,2.1853,11,14,-297.0783,206,4.8175,2.5194,2.2981,4,7,99.2405,нет
t-bid-age-45,ladder3x2..20w2-pct2-tk0.5-14400-ttl1800,pct2 · tk0.5 · 4 ч · без выхода по стене,611,2.6484,-11.238,13.8864,14,15,161.81724000000003,162,27.5655,3.8064,23.759,7,7,446.5611,да
t-bid-age-45,ladder3x2..20w2-pct2-tk0.5-3600-ttl1800,pct2 · tk0.5 · 1 ч · без выхода по стене,832,-2.4951,-7.0481,4.5529,13,15,-207.59231999999997,197,12.4896,1.0764,11.4132,7,7,246.04512,нет
t-bid-age-45,ladder3x2..20w2-pct2-tk0.5-7200-ttl1800,pct2 · tk0.5 · 2 ч · без выхода по стене,715,2.0596,-9.6123,11.6719,14,15,147.2614,180,20.8889,2.4367,18.4522,7,7,376.0002,да
t-bid-age-45,ladder3x2..20w2-pct2-tk0.75-14400-ttl1800,pct2 · tk0.75 · 4 ч · без выхода по стене,552,3.7727,-11.4762,15.2489,11,15,208.25304,146,35.2802,7.5317,27.7485,7,7,515.09092,да
t-bid-age-45,ladder3x2..20w2-pct2-tk0.75-3600-ttl1800,pct2 · tk0.75 · 1 ч · без выхода по стене,810,-1.8177,-7.2712,5.4535,11,15,-147.2337,190,13.1663,2.023,11.1433,6,7,250.1597,нет
t-bid-age-45,ladder3x2..20w2-pct2-tk0.75-7200-ttl1800,pct2 · tk0.75 · 2 ч · без выхода по стене,665,0.9245,-10.0411,10.9656,11,15,61.47925,168,23.1655,4.6516,18.5139,6,7,389.1804,да
t-bid-age-45,ladder3x2..20w2-pct2-tk1-14400-ttl1800,pct2 · tk1 · 4 ч · без выхода по стене,519,-0.865,-12.3338,11.4688,10,15,-44.8935,140,45.1126,12.5175,32.5951,7,7,631.5764,нет
t-bid-age-45,ladder3x2..20w2-pct2-tk1-3600-ttl1800,pct2 · tk1 · 1 ч · без выхода по стене,804,-1.2551,-7.5215,6.2664,12,15,-100.91004000000001,189,14.8572,3.2986,11.5585,5,7,280.80108,нет
t-bid-age-45,ladder3x2..20w2-pct2-tk1-7200-ttl1800,pct2 · tk1 · 2 ч · без выхода по стене,647,0.716,-10.6421,11.3581,10,15,46.325199999999995,166,28.3586,7.1665,21.1921,6,7,470.75275999999997,да
t-bid-age-45,ladder3x2..20w2-pct2-tk1.25-14400-ttl1800,pct2 · tk1.25 · 4 ч · без выхода по стене,510,0.5505,-12.4801,13.0306,10,15,28.075499999999998,134,49.81,16.4801,33.3299,7,7,667.454,да
t-bid-age-45,ladder3x2..20w2-pct2-tk1.25-3600-ttl1800,pct2 · tk1.25 · 1 ч · без выхода по стене,801,-1.0868,-7.5572,6.4704,12,15,-87.05268,187,15.2398,3.7593,11.4805,5,7,284.98426,нет
t-bid-age-45,ladder3x2..20w2-pct2-tk1.25-7200-ttl1800,pct2 · tk1.25 · 2 ч · без выхода по стене,642,1.6441,-10.6975,12.3417,10,15,105.55121999999999,164,29.1706,8.5792,20.5914,6,7,478.39784,да
t-bid-age-45,ladder3x2..20w2-pct2-tk1.5-14400-ttl1800,pct2 · tk1.5 · 4 ч · без выхода по стене,499,1.2556,-12.3127,13.5682,10,15,62.65444,132,46.3576,19.5929,26.7647,6,7,611.92032,да
t-bid-age-45,ladder3x2..20w2-pct2-tk1.5-3600-ttl1800,pct2 · tk1.5 · 1 ч · без выхода по стене,800,-0.9377,-7.5147,6.577,11,15,-75.01599999999999,187,15.6059,3.9275,11.6784,5,7,291.83033,нет
t-bid-age-45,ladder3x2..20w2-pct2-tk1.5-7200-ttl1800,pct2 · tk1.5 · 2 ч · без выхода по стене,638,1.2728,-10.5283,11.8011,9,15,81.20464,161,26.2029,9.0679,17.1351,5,7,421.86669,да
t-bid-age-45,ladder3x2..20w2-pct2-tk1.75-14400-ttl1800,pct2 · tk1.75 · 4 ч · без выхода по стене,492,0.8981,-12.2297,13.1278,10,15,44.18652,128,49.5951,22.4251,27.17,6,7,634.81728,да
t-bid-age-45,ladder3x2..20w2-pct2-tk1.75-3600-ttl1800,pct2 · tk1.75 · 1 ч · без выхода по стене,797,-1.0299,-7.615,6.5851,11,15,-82.08303000000001,187,16.6339,4.1994,12.4345,5,7,311.05393,нет
t-bid-age-45,ladder3x2..20w2-pct2-tk1.75-7200-ttl1800,pct2 · tk1.75 · 2 ч · без выхода по стене,635,0.791,-10.6982,11.4892,10,15,50.228500000000004,158,24.6352,9.9577,14.6775,5,7,389.23616000000004,да
t-bid-age-45,ladder3x2..20w2-pct2-tk2-14400-ttl1800,pct2 · tk2 · 4 ч · без выхода по стене,488,-1.6628,-11.3023,9.6395,11,15,-81.14464000000001,127,50.1038,24.4156,25.6882,5,7,636.31826,нет
t-bid-age-45,ladder3x2..20w2-pct2-tk2-3600-ttl1800,pct2 · tk2 · 1 ч · без выхода по стене,797,-1.1047,-7.6329,6.5281,11,15,-88.04459,187,17.1537,4.4579,12.6958,5,7,320.77419,нет
t-bid-age-45,ladder3x2..20w2-pct2-tk2-7200-ttl1800,pct2 · tk2 · 2 ч · без выхода по стене,635,-0.2877,-10.556,10.2682,9,15,-18.26895,158,25.7866,10.7759,15.0107,5,7,407.42828,нет
t-bid-age-45,ladder3x2..20w2-pct2-tr0.5x0.25-14400-ttl1800,pct2 · tr0.5x0.25 · 4 ч · без выхода по стене,601,3.7029,-11.2006,14.9035,12,15,222.54429,161,28.8979,5.1562,23.7417,7,7,465.25618999999995,да
t-bid-age-45,ladder3x2..20w2-pct2-tr0.5x0.25-3600-ttl1800,pct2 · tr0.5x0.25 · 1 ч · без выхода по стене,831,-1.9565,-7.0379,5.0814,11,15,-162.58515,197,14.1247,1.8659,12.2588,7,7,278.25659,нет
t-bid-age-45,ladder3x2..20w2-pct2-tr0.5x0.25-7200-ttl1800,pct2 · tr0.5x0.25 · 2 ч · без выхода по стене,709,2.7123,-9.5241,12.2365,13,15,192.30207000000001,180,22.2022,3.5459,18.6563,7,7,399.63960000000003,да
t-bid-age-45,ladder3x2..20w2-pct2-tr0.5x0.5-14400-ttl1800,pct2 · tr0.5x0.5 · 4 ч · без выхода по стене,581,3.3836,-10.8458,14.2295,12,15,196.58715999999998,158,29.0981,7.6425,21.4556,7,7,459.74997999999994,да
t-bid-age-45,ladder3x2..20w2-pct2-tr0.5x0.5-3600-ttl1800,pct2 · tr0.5x0.5 · 1 ч · без выхода по стене,822,-0.979,-7.0102,6.0311,11,15,-80.4738,193,13.536,2.8722,10.6638,7,7,261.2448,нет
t-bid-age-45,ladder3x2..20w2-pct2-tr0.5x0.5-7200-ttl1800,pct2 · tr0.5x0.5 · 2 ч · без выхода по стене,686,3.1674,-9.4324,12.5998,11,15,217.28364000000002,177,23.1864,5.3805,17.8059,7,7,410.39928,да
t-bid-age-45,ladder3x2..20w2-pct2-tr1.5x0.25-14400-ttl1800,pct2 · tr1.5x0.25 · 4 ч · без выхода по стене,499,1.9603,-12.4767,14.437,10,15,97.81897000000001,132,44.7471,19.8958,24.8513,6,7,590.6617200000001,да
t-bid-age-45,ladder3x2..20w2-pct2-tr1.5x0.25-3600-ttl1800,pct2 · tr1.5x0.25 · 1 ч · без выхода по стене,800,-0.7841,-7.5372,6.7531,11,15,-62.727999999999994,187,15.4034,3.9784,11.425,5,7,288.04357999999996,нет
t-bid-age-45,ladder3x2..20w2-pct2-tr1.5x0.25-7200-ttl1800,pct2 · tr1.5x0.25 · 2 ч · без выхода по стене,638,1.9235,-10.6305,12.554,9,15,122.7193,161,25.9557,9.1914,16.7644,5,7,417.88676999999996,да
t-bid-age-45,ladder3x2..20w2-pct2-tr1.5x0.5-14400-ttl1800,pct2 · tr1.5x0.5 · 4 ч · без выхода по стене,498,1.3745,-12.0912,13.4657,11,15,68.45009999999999,131,42.4786,20.814,21.6646,6,7,556.46966,да
t-bid-age-45,ladder3x2..20w2-pct2-tr1.5x0.5-3600-ttl1800,pct2 · tr1.5x0.5 · 1 ч · без выхода по стене,800,-0.9029,-7.5261,6.6232,11,15,-72.232,186,14.9347,4.1939,10.7408,5,7,277.78542,нет
t-bid-age-45,ladder3x2..20w2-pct2-tr1.5x0.5-7200-ttl1800,pct2 · tr1.5x0.5 · 2 ч · без выхода по стене,638,2.0984,-10.4987,12.5971,9,15,133.87792,160,24.6621,9.7053,14.9568,5,7,394.5936,да
t-bid-age-45,ladder3x2..20w2-pct2-tr1.5x1-14400-ttl1800,pct2 · tr1.5x1 · 4 ч · без выхода по стене,493,0.4144,-11.0533,11.4677,10,15,20.42992,124,37.942,24.8898,13.0523,5,7,470.4808,да
t-bid-age-45,ladder3x2..20w2-pct2-tr1.5x1-3600-ttl1800,pct2 · tr1.5x1 · 1 ч · без выхода по стене,799,-1.2061,-7.5127,6.3067,12,15,-96.36739,186,15.2795,4.5713,10.7081,5,7,284.19870000000003,нет
t-bid-age-45,ladder3x2..20w2-pct2-tr1.5x1-7200-ttl1800,pct2 · tr1.5x1 · 2 ч · без выхода по стене,636,0.2971,-10.366,10.6632,9,15,18.895559999999996,154,19.9771,10.782,9.195,5,7,307.64734,да
t-bid-age-45,ladder3x2..20w2-pct2-tr1x0.25-14400-ttl1800,pct2 · tr1x0.25 · 4 ч · без выхода по стене,520,-0.5092,-12.2045,11.6953,10,15,-26.4784,140,46.1145,13.1957,32.9188,7,7,645.603,нет
t-bid-age-45,ladder3x2..20w2-pct2-tr1x0.25-3600-ttl1800,pct2 · tr1x0.25 · 1 ч · без выхода по стене,804,-1.3994,-7.5361,6.1367,11,15,-112.51176000000001,189,15.8115,3.5342,12.2773,5,7,298.83735,нет
t-bid-age-45,ladder3x2..20w2-pct2-tr1x0.25-7200-ttl1800,pct2 · tr1x0.25 · 2 ч · без выхода по стене,647,0.4553,-10.6161,11.0714,8,15,29.45791,166,29.1036,7.5793,21.5243,6,7,483.11976000000004,да
t-bid-age-45,ladder3x2..20w2-pct2-tr1x0.5-14400-ttl1800,pct2 · tr1x0.5 · 4 ч · без выхода по стене,515,0.3592,-11.8408,12.2,9,15,18.4988,139,45.4879,15.5049,29.983,6,7,632.2818100000001,да
t-bid-age-45,ladder3x2..20w2-pct2-tr1x0.5-3600-ttl1800,pct2 · tr1x0.5 · 1 ч · без выхода по стене,804,-0.8275,-7.4613,6.6337,11,15,-66.531,188,14.525,3.989,10.536,5,7,273.07000000000005,нет
t-bid-age-45,ladder3x2..20w2-pct2-tr1x0.5-7200-ttl1800,pct2 · tr1x0.5 · 2 ч · без выхода по стене,645,1.6429,-10.5613,12.2042,8,15,105.96705,165,28.0258,8.9084,19.1174,6,7,462.42569999999995,да
t-bid-age-45,ladder3x2..20w2-pct2-tr1x1-14400-ttl1800,pct2 · tr1x1 · 4 ч · без выхода по стене,507,1.2075,-10.7578,11.9653,10,15,61.22025,129,39.9279,19.9172,20.0107,5,7,515.0699099999999,да
t-bid-age-45,ladder3x2..20w2-pct2-tr1x1-3600-ttl1800,pct2 · tr1x1 · 1 ч · без выхода по стене,803,-0.7753,-7.4776,6.7023,12,15,-62.256589999999996,188,14.7435,4.5868,10.1567,5,7,277.1778,нет
t-bid-age-45,ladder3x2..20w2-pct2-tr1x1-7200-ttl1800,pct2 · tr1x1 · 2 ч · без выхода по стене,641,0.9015,-10.2285,11.13,10,15,57.78615,157,21.7858,10.2507,11.5351,5,7,342.03706,да
t-bid-age-45,ladder3x2..20w2-pct2-tr2x0.25-14400-ttl1800,pct2 · tr2x0.25 · 4 ч · без выхода по стене,488,-1.3387,-11.2738,9.9351,11,15,-65.32856000000001,126,46.1768,24.3588,21.818,5,7,581.82768,нет
t-bid-age-45,ladder3x2..20w2-pct2-tr2x0.25-3600-ttl1800,pct2 · tr2x0.25 · 1 ч · без выхода по стене,797,-0.8542,-7.6324,6.7781,11,15,-68.07973999999999,187,16.9643,4.4665,12.4977,5,7,317.23241,нет
t-bid-age-45,ladder3x2..20w2-pct2-tr2x0.25-7200-ttl1800,pct2 · tr2x0.25 · 2 ч · без выхода по стене,635,0.0748,-10.5823,10.657,9,15,4.7498000000000005,157,23.6138,10.594,13.0198,4,7,370.73666000000003,да
t-bid-age-45,ladder3x2..20w2-pct2-tr2x0.5-14400-ttl1800,pct2 · tr2x0.5 · 4 ч · без выхода по стене,487,-0.7961,-11.0325,10.2364,11,15,-38.770070000000004,125,45.7732,25.1569,20.6164,5,7,572.1650000000001,нет
t-bid-age-45,ladder3x2..20w2-pct2-tr2x0.5-3600-ttl1800,pct2 · tr2x0.5 · 1 ч · без выхода по стене,797,-0.9943,-7.6373,6.643,11,15,-79.24571,186,15.7801,4.5451,11.235,5,7,293.50986,нет
t-bid-age-45,ladder3x2..20w2-pct2-tr2x0.5-7200-ttl1800,pct2 · tr2x0.5 · 2 ч · без выхода по стене,635,0.4879,-10.5291,11.017,9,15,30.981650000000002,156,23.6985,10.9198,12.7787,5,7,369.6966,да
t-bid-age-45,ladder3x2..20w2-pct2-tr2x1-14400-ttl1800,pct2 · tr2x1 · 4 ч · без выхода по стене,485,-2.387,-10.3187,7.9317,10,15,-115.7695,123,40.0898,26.312,13.7778,4,7,493.10454,нет
t-bid-age-45,ladder3x2..20w2-pct2-tr2x1-3600-ttl1800,pct2 · tr2x1 · 1 ч · без выхода по стене,797,-0.9955,-7.5866,6.5911,12,15,-79.34135,186,14.6691,4.5643,10.1047,5,7,272.84526,нет
t-bid-age-45,ladder3x2..20w2-pct2-tr2x1-7200-ttl1800,pct2 · tr2x1 · 2 ч · без выхода по стене,634,-0.1981,-10.3536,10.1555,10,15,-12.55954,154,18.6536,10.7934,7.8602,5,7,287.26544,нет
