month,symbol,t0_ns,reason,pnl_usd,btc_5m,btc_15m,btc_30m,btc_1h,btc_4h,btc_24h,btc_range_1h,btc_off_low_4h,eth_minus_btc_1h,pool_1h,pool_4h,coin_15m,coin_1h,coin_4h,coin_24h,coin_minus_btc_1h,coin_minus_btc_4h,coin_range_1h,coin_off_low_4h,coin_vol_ratio,open_at_entry,rank_in_wave,mins_since_wave,prev_same_loss,prev_same_mins,weekend,hour_local
август,UNIUSDT,1785605567007000000,deadline,-0.66,-2.707,-8.849,-20.476,-27.198,-45.054,-34.719,38.679,2.661,-15.1,-14.287,-34.168,9.799,7.348,-68.06,-484.397,34.546,-23.006,51.395,34.381,0.627,0,1,0.0,,,1.0,21.0
август,LTCUSDT,1785605580753000000,deadline,0.91,-2.453,-8.07,-24.425,-23.062,-46.728,-33.406,38.679,2.502,-20.847,-19.299,-31.218,-13.618,-27.199,-56.497,-189.521,-4.137,-9.769,54.545,11.377,1.283,1,2,0.229,,,1.0,21.0
август,BNBUSDT,1785605603239000000,deadline,-0.12,-2.453,-8.07,-24.425,-23.062,-46.728,-33.406,38.679,2.502,-20.847,-19.299,-31.218,-3.466,-10.39,-36.269,-193.779,12.672,10.459,29.468,20.844,0.473,2,3,0.604,,,1.0,21.0
август,ICPUSDT,1785605614434000000,stop,-8.89,-2.453,-8.07,-24.425,-23.062,-46.728,-33.406,38.679,2.502,-20.847,-19.299,-31.218,-4.864,-58.055,-53.243,-67.666,-34.993,-6.515,72.993,9.742,1.295,3,4,0.79,,,1.0,21.0
август,TIAUSDT,1785605640970000000,stop,-7.88,-2.946,-11.234,-27.197,-23.774,-46.457,-40.693,38.677,3.107,-23.911,-21.629,-38.215,-39.646,-78.979,-75.965,158.631,-55.205,-29.508,88.794,3.063,0.997,4,5,1.233,,,1.0,21.0
август,TRUMPUSDT,1785605647878000000,deadline,1.65,-2.946,-11.234,-27.197,-23.774,-46.457,-40.693,38.677,3.107,-23.911,-21.629,-38.215,-41.958,-83.565,-14.025,-124.827,-59.791,32.432,119.382,28.169,0.915,5,6,1.348,,,1.0,21.0
август,VIRTUALUSDT,1785605664326000000,deadline,-0.1,-2.946,-11.234,-27.197,-23.774,-46.457,-40.693,38.677,3.107,-23.911,-21.629,-38.215,-9.139,-21.906,-3.658,-138.914,1.868,42.799,56.714,18.328,0.779,6,7,1.622,,,1.0,21.0
август,WLDUSDT,1785605690412000000,stop,-7.69,-2.946,-11.234,-27.197,-23.774,-46.457,-40.693,38.677,3.107,-23.911,-21.629,-38.215,-39.203,-52.202,-55.447,-29.431,-28.428,-8.99,88.554,46.129,0.871,7,8,2.057,,,1.0,21.0
август,BCHUSDT,1785605690738000000,deadline,1.16,-2.946,-11.234,-27.197,-23.774,-46.457,-40.693,38.677,3.107,-23.911,-21.629,-38.215,-9.615,9.634,-24.004,-52.657,33.408,22.453,38.499,33.8,0.759,8,9,2.062,,,1.0,21.0
август,XAGUSDT,1785606550792000000,deadline,1.55,-8.027,-6.42,-17.646,-30.733,-47.197,-59.041,42.368,5.135,-10.322,-35.211,-56.523,-1.732,-3.464,-17.295,-32.81,27.269,29.902,6.93,1.733,0.123,9,10,16.396,,,1.0,21.0
август,ONDOUSDT,1785607279017000000,stop,-7.9,0.176,-19.605,-18.858,-37.598,-60.242,-90.624,62.714,14.271,-2.614,-29.707,-66.868,-15.544,-28.461,-89.997,-343.272,9.137,-29.755,67.462,23.407,1.154,10,11,28.534,,,1.0,22.0
август,CRVUSDT,1785607493003000000,deadline,-1.1,-11.105,-20.483,-26.889,-54.013,-71.363,-97.182,62.772,4.938,4.722,-39.101,-73.068,4.943,9.891,-141.257,-329.67,63.904,-69.893,59.289,114.943,2.518,11,12,32.1,,,1.0,22.0
август,SUIUSDT,1785608234364000000,stop,-7.81,-10.032,3.322,-16.64,-30.448,-66.275,-77.007,46.074,9.78,7.696,-30.409,-71.35,1.474,-27.925,-76.057,-89.103,2.523,-9.782,56.006,19.197,2.061,12,13,44.456,,,1.0,22.0
август,AEROUSDT,1785608691606000000,deadline,-0.89,-10.084,-28.426,-25.212,-55.567,-91.114,-99.024,61.349,5.474,0.277,-37.634,-82.714,-17.229,-61.259,-191.052,-303.61,-5.692,-99.938,71.499,7.402,1.089,13,14,52.077,,,1.0,22.0
август,ASTERUSDT,1785609035428000000,deadline,0.53,9.027,-23.642,-22.369,-43.972,-87.37,-76.8,56.735,11.35,-10.89,-56.026,-100.791,-21.703,-15.035,-25.033,-56.563,28.937,62.337,25.096,1.673,0.858,14,15,57.807,,,1.0,22.0
август,1000PEPEUSDT,1785609037603000000,trail,0.44,9.027,-23.642,-22.369,-43.972,-87.37,-76.8,56.735,11.35,-10.89,-56.026,-100.791,-14.524,-93.66,-50.651,-97.227,-49.688,36.719,127.273,32.835,1.584,15,16,57.843,,,1.0,22.0
август,ADAUSDT,1785609070694000000,deadline,2.95,-12.874,-29.251,-34.963,-53.755,-102.907,-97.869,63.734,7.179,-39.975,-58.383,-98.356,-69.324,-57.837,-97.926,29.172,-4.081,4.98,116.347,17.483,1.282,15,17,58.395,,,1.0,22.0
август,APTUSDT,1785614402900000000,deadline,0.56,1.488,8.68,-3.679,-8.713,-75.572,-70.306,32.13,41.26,12.472,2.511,-108.693,3.635,-1.817,-120.266,-187.199,6.896,-44.693,52.689,125.092,1.428,14,1,0.0,,,1.0,0.0
август,TIAUSDT,1785614403306000000,deadline,0.57,1.488,8.68,-3.679,-8.713,-75.572,-70.306,32.13,41.26,12.472,2.511,-108.693,6.274,21.992,-262.515,15.699,30.705,-186.943,78.37,85.362,0.496,15,2,0.007,1.0,74.82,1.0,0.0
август,ENAUSDT,1785615786501000000,deadline,-0.68,6.651,7.803,17.927,18.152,-52.182,-61.186,30.582,55.704,-2.076,20.275,-84.419,-3.747,-34.865,-87.937,-78.106,-53.017,-35.755,89.966,162.54,1.076,16,3,23.06,,,1.0,0.0
август,LINKUSDT,1785615968579000000,deadline,0.85,1.518,7.1,13.986,13.746,-55.652,-61.243,30.586,54.097,-3.94,15.6,-94.3,6.248,12.505,-106.265,-201.909,-1.241,-50.613,42.463,154.724,0.629,16,4,26.095,,,1.0,0.0
август,SUIUSDT,1785616018457000000,deadline,1.03,1.518,7.1,13.986,13.746,-55.652,-61.243,30.586,54.097,-3.94,15.6,-94.3,8.938,32.851,-168.276,-139.419,19.105,-112.624,50.603,143.418,0.721,17,5,26.926,1.0,96.907,1.0,0.0
август,WLDUSDT,1785616211311000000,trail,1.46,0.272,9.388,14.673,10.989,-53.856,-60.821,30.581,55.993,-12.295,-1.319,-108.047,-29.89,16.683,-192.747,6.667,5.695,-138.892,86.609,155.616,0.756,17,6,30.14,1.0,119.026,1.0,0.0
август,ONDOUSDT,1785616212608000000,deadline,3.19,0.272,9.388,14.673,10.989,-53.856,-60.821,30.581,55.993,-12.295,-1.319,-108.047,0.0,-84.012,-194.704,-442.814,-95.0,-140.848,121.79,26.546,1.608,18,7,30.162,1.0,4.863,1.0,0.0
август,CRVUSDT,1785661130599000000,deadline,-2.66,-5.238,-12.003,-37.792,-48.073,-67.589,6.67,55.066,0.0,7.698,-10.4,0.774,-4.847,-14.528,83.13,0.0,33.546,150.719,58.196,88.063,0.465,0,1,0.0,1.0,653.808,1.0,12.0
август,BNBUSDT,1785661265841000000,deadline,-0.54,1.82,-2.642,-26.547,-43.157,-58.805,13.342,58.567,8.584,5.083,-23.053,0.0,-8.566,-34.176,-25.654,-37.581,8.981,33.151,34.294,1.715,0.164,1,2,2.254,1.0,657.71,1.0,13.0
август,ICPUSDT,1785661270648000000,deadline,1.16,1.82,-2.642,-26.547,-43.157,-58.805,13.342,58.567,8.584,5.083,-23.053,0.0,-14.57,-33.931,4.866,-77.22,9.226,63.671,58.366,39.062,0.371,2,3,2.334,1.0,751.002,1.0,13.0
август,ASTERUSDT,1785661298628000000,deadline,0.23,1.82,-2.642,-26.547,-43.157,-58.805,13.342,58.567,8.584,5.083,-23.053,0.0,-9.93,-8.277,-26.438,75.113,34.88,32.367,14.911,3.315,0.429,3,4,2.8,0.0,631.016,1.0,13.0
август,ONDOUSDT,1785661331405000000,deadline,-1.28,-1.789,-8.59,-31.928,-47.73,-68.607,7.685,58.599,3.199,2.876,-19.99,2.775,-25.628,-43.489,-146.835,98.599,4.241,-78.229,89.928,30.928,0.523,4,5,3.347,0.0,507.453,1.0,13.0
август,SUIUSDT,1785661332063000000,deadline,-0.22,-1.789,-8.59,-31.928,-47.73,-68.607,7.685,58.599,3.199,2.876,-19.99,2.775,-18.835,-31.833,-51.986,61.341,15.897,16.621,40.645,4.357,0.801,5,6,3.358,0.0,486.07,1.0,13.0
август,BCHUSDT,1785661378237000000,deadline,0.78,-1.789,-8.59,-31.928,-47.73,-68.607,7.685,58.599,3.199,2.876,-19.99,2.775,14.164,0.0,119.275,47.371,47.73,187.881,37.718,143.472,0.605,6,7,4.127,0.0,672.035,1.0,13.0
август,TIAUSDT,1785661402891000000,deadline,-0.63,-6.381,-12.706,-37.91,-55.223,-64.427,6.294,61.486,0.0,2.588,-24.174,-1.462,-30.257,-6.066,-18.176,-9.096,49.156,46.251,48.558,33.496,0.383,7,8,4.538,0.0,543.309,1.0,13.0
август,DASHUSDT,1785661408004000000,deadline,-0.97,-6.381,-12.706,-37.91,-55.223,-64.427,6.294,61.486,0.0,2.588,-24.174,-1.462,-44.276,-12.69,-63.131,-91.281,42.532,1.296,60.356,28.672,1.265,8,9,4.623,,,1.0,13.0
август,XAGUSDT,1785661499188000000,deadline,-0.27,-7.964,-13.23,-35.999,-57.397,-64.91,3.868,63.67,0.016,-3.309,-39.398,-0.618,-3.404,-5.105,-3.404,157.358,52.292,61.506,17.024,1.703,0.239,9,10,6.143,0.0,646.639,1.0,13.0
август,INJUSDT,1785666752151000000,trail,0.16,2.742,-15.14,-15.866,-26.153,-52.561,14.312,36.853,9.277,-2.327,-5.426,-8.949,4.044,14.17,89.741,114.496,40.323,142.302,52.557,102.103,0.74,10,1,0.0,,,1.0,14.0
август,LTCUSDT,1785667345150000000,deadline,-0.03,1.567,12.536,-0.332,-9.425,-44.736,28.238,30.454,19.078,3.274,-15.401,-7.782,4.474,-2.236,-15.628,110.785,7.189,29.107,35.778,22.411,0.443,11,2,9.883,0.0,785.628,1.0,14.0
август,ARBUSDT,1785667877037000000,deadline,-5.88,-0.918,1.916,-5.98,-9.821,-46.402,24.135,28.699,18.301,0.678,-18.558,-7.849,-2.444,-47.451,24.51,477.776,-37.631,70.912,66.015,30.656,0.848,12,3,18.748,,,1.0,14.0
август,KORUUSDT,1785668528494000000,deadline,-7.6,-2.232,-3.735,6.195,-9.681,-48.94,21.454,28.359,15.478,-1.285,-17.892,-15.131,-37.641,-12.579,44.276,686.406,-2.898,93.216,69.27,69.753,0.49,13,4,29.606,,,1.0,15.0
август,VIRTUALUSDT,1785668549616000000,deadline,-0.97,-2.232,-3.735,6.195,-9.681,-48.94,21.454,28.359,15.478,-1.285,-17.892,-15.131,-5.33,-42.478,-51.282,324.83,-32.797,-2.342,69.321,21.375,0.419,14,5,29.958,1.0,807.898,1.0,15.0
август,WLDUSDT,1785668589710000000,deadline,-0.88,-1.393,-2.802,3.104,-8.858,-48.12,23.058,28.356,16.318,-0.878,-15.458,-15.062,-6.313,-31.486,-93.867,289.243,-22.628,-45.747,66.33,34.865,0.97,15,6,30.626,0.0,717.355,1.0,15.0
август,TRUMPUSDT,1785669081482000000,deadline,0.93,-1.79,-6.237,-6.68,-11.155,-52.033,17.471,28.37,11.466,2.754,-21.038,-16.39,-13.85,-75.705,-89.347,133.521,-64.55,-37.314,90.153,13.889,0.868,16,7,38.822,0.0,817.161,1.0,15.0
август,APTUSDT,1785669144511000000,deadline,0.32,-1.805,-6.253,-7.613,-7.946,-52.017,16.422,28.37,11.45,3.664,-18.862,-21.238,-15.929,-5.315,-68.662,158.473,2.63,-16.645,31.909,30.228,0.359,17,8,39.873,0.0,669.003,1.0,15.0
август,1000BONKUSDT,1785670198980000000,deadline,-0.1,6.101,5.816,-4.1,8.147,-49.843,14.305,15.932,13.622,-13.882,-6.899,-43.337,10.302,0.0,-30.78,489.385,-8.147,19.063,82.333,48.259,0.721,18,9,57.447,,,1.0,15.0
август,LINKUSDT,1785670212280000000,deadline,-0.19,1.378,-2.439,-7.883,1.854,-53.357,10.658,15.938,10.086,-11.932,-10.618,-45.712,-9.633,-19.247,-108.488,260.945,-21.101,-55.132,33.747,2.411,0.434,19,10,57.669,0.0,639.093,1.0,15.0
август,SPCXUSDT,1785670990197000000,deadline,0.24,-2.978,-5.305,1.521,-9.83,-63.436,10.58,15.497,8.31,-47.395,-26.79,-49.133,-17.446,-15.612,-23.858,-43.956,-5.782,39.578,24.834,4.601,0.842,20,11,70.634,,,1.0,15.0
август,DASHUSDT,1785719320109000000,deadline,-0.82,-11.284,-15.198,-20.621,-34.169,-45.329,50.169,43.764,8.044,-10.905,-6.336,,-19.157,-44.586,-95.057,-3.198,-10.417,-49.728,60.781,16.021,1.177,0,1,0.0,1.0,725.145,0.0,5.0
август,ADAUSDT,1785720016395000000,deadline,-1.86,-1.44,-19.668,-19.999,-28.851,-48.484,32.044,44.13,7.524,-8.704,-34.236,,-42.553,-79.491,-68.966,727.794,-50.64,-20.482,128.205,5.345,0.476,1,2,11.605,0.0,1607.616,0.0,5.0
август,LTCUSDT,1785720428453000000,deadline,-0.31,-9.943,-26.477,-31.188,-37.862,-61.462,21.999,53.522,5.852,-2.476,-14.81,,-13.426,0.0,-51.271,76.767,37.862,10.192,38.091,13.462,0.477,2,3,18.472,1.0,614.721,0.0,5.0
август,BCHUSDT,1785720478643000000,deadline,-0.76,-9.943,-26.477,-31.188,-37.862,-61.462,21.999,53.522,5.852,-2.476,-14.81,,-28.249,-28.249,-84.27,207.229,9.613,-22.807,51.936,9.452,0.388,3,4,19.309,0.0,744.348,0.0,5.0
август,LINKUSDT,1785721017374000000,deadline,-4.07,-5.474,6.731,-20.061,-21.937,-57.753,28.843,53.451,19.062,-6.163,-32.666,,15.586,4.79,-16.73,237.745,26.727,41.023,44.29,23.998,1.212,4,5,28.288,1.0,593.969,0.0,5.0
август,HBARUSDT,1785721093120000000,deadline,-0.9,-5.095,1.742,-6.36,-26.968,-51.41,28.118,53.465,16.477,-16.315,-41.694,,-5.741,-22.923,-22.923,36.028,4.046,28.488,31.591,2.873,0.491,5,6,29.55,,,0.0,5.0
август,1000PEPEUSDT,1785722445703000000,deadline,-0.9,7.904,-1.377,6.287,-16.496,-57.719,35.659,41.958,19.648,-20.023,-25.208,,0.0,-45.029,-174.359,55.983,-28.533,-116.64,80.028,13.937,0.58,6,7,52.093,0.0,1768.808,0.0,6.0
август,WLDUSDT,1785722525320000000,trail,3.9,-3.579,-9.432,-11.471,-22.001,-81.867,27.495,41.992,11.465,-23.112,-28.136,,-28.526,-9.527,-66.309,210.97,12.474,15.558,82.645,47.908,0.367,7,8,53.42,1.0,645.643,0.0,6.0
август,CRVUSDT,1785722740902000000,deadline,0.32,0.538,4.703,-2.31,-18.246,-75.799,38.925,41.338,20.188,-22.726,-31.974,,-19.9,-93.827,-257.407,-49.603,-75.581,-181.608,104.686,9.98,2.365,8,9,57.013,1.0,785.25,0.0,6.0
август,ONDOUSDT,1785722992309000000,deadline,-0.79,-5.333,1.457,0.697,-8.257,-73.158,-31.548,32.899,16.604,-20.76,-28.326,,-5.359,-55.985,-406.379,-351.785,-47.728,-333.22,88.472,32.275,0.813,9,10,61.203,1.0,784.571,0.0,6.0
август,SUIUSDT,1785724052161000000,deadline,-0.05,-6.471,3.547,2.391,11.586,-60.532,-41.132,29.651,17.444,-12.174,-2.244,,13.114,18.953,-70.799,-8.723,7.368,-10.267,49.476,35.047,0.67,10,11,78.868,1.0,804.37,0.0,6.0
август,ICPUSDT,1785724052476000000,deadline,-0.12,-6.471,3.547,2.391,11.586,-60.532,-41.132,29.651,17.444,-12.174,-2.244,,19.436,0.0,-100.816,43.838,-11.586,-40.284,48.497,29.183,1.508,11,12,78.873,0.0,802.846,0.0,6.0
август,TIAUSDT,1785724277590000000,deadline,0.91,-9.861,-8.168,-4.308,-15.108,-66.946,-47.211,31.211,9.404,-15.987,-3.143,,-3.075,-42.879,-172.31,-124.544,-27.772,-105.363,76.899,18.49,1.895,12,13,82.625,1.0,806.479,0.0,6.0
август,UNIUSDT,1785728386019000000,trail,1.07,-0.825,-2.935,-13.295,-23.476,-79.978,-70.115,29.942,2.428,-15.77,-21.05,,-36.364,-43.605,-162.757,-96.386,-20.128,-82.779,55.961,39.082,0.294,13,1,0.0,1.0,1804.824,0.0,7.0
август,BNBUSDT,1785728747840000000,deadline,-1.29,0.428,-2.506,-7.372,-17.8,-72.839,-69.79,26.034,4.254,-11.781,-15.919,,-1.711,-23.899,-64.604,44.689,-6.099,8.235,32.512,13.708,0.368,14,2,6.03,1.0,880.929,0.0,7.0
август,DOGEUSDT,1785728786779000000,deadline,-3.23,-4.982,-9.215,-13.143,-24.483,-73.92,-78.798,31.735,3.24,-16.671,-9.855,,-8.574,-27.1,-100.524,-18.558,-2.617,-26.604,30.034,2.861,0.413,15,3,6.679,,,0.0,7.0
август,TRUMPUSDT,1785728793199000000,deadline,-0.11,-4.982,-9.215,-13.143,-24.483,-73.92,-78.798,31.735,3.24,-16.671,-9.855,,6.969,13.947,0.0,-116.999,38.43,73.92,27.855,48.985,0.529,16,4,6.786,0.0,754.814,0.0,7.0
август,1000BONKUSDT,1785728794218000000,trail,-0.25,-4.982,-9.215,-13.143,-24.483,-73.92,-78.798,31.735,3.24,-16.671,-9.855,,3.527,0.0,-193.638,10.589,24.483,-119.717,38.787,17.662,0.643,17,5,6.803,1.0,733.453,0.0,7.0
август,APTUSDT,1785728795213000000,trail,-0.06,-4.982,-9.215,-13.143,-24.483,-73.92,-78.798,31.735,3.24,-16.671,-9.855,,-5.365,-24.987,-56.929,-46.305,-0.504,16.991,55.466,26.911,1.035,18,6,6.82,0.0,752.51,0.0,7.0
август,PENGUUSDT,1785732705910000000,deadline,-1.12,-3.926,-11.038,-5.213,-4.672,-65.13,-101.219,31.149,23.971,4.188,6.144,-52.032,-26.148,-6.55,-35.918,19.701,-1.877,29.211,52.433,64.314,0.654,19,1,0.0,,,0.0,8.0
август,AAVEUSDT,1785732731406000000,deadline,0.41,-5.231,-13.772,-9.186,-11.551,-66.584,-105.917,31.161,19.971,1.817,-4.751,-51.571,-10.905,3.276,-11.994,-86.58,14.827,54.59,50.218,83.664,0.659,20,2,0.425,,,0.0,8.0
август,XAGUSDT,1785733500590000000,deadline,0.56,1.641,-19.987,-30.133,-22.763,-84.769,-113.942,40.484,8.1,-1.011,-9.914,-62.918,-44.308,10.281,18.865,-56.17,33.044,103.633,56.488,60.272,0.954,19,3,13.245,1.0,930.492,0.0,9.0
август,1000BONKUSDT,1785735291420000000,deadline,-0.19,-6.479,-1.147,-2.373,-28.907,-66.363,-107.921,42.212,11.913,-5.572,-26.812,-10.782,-14.104,-80.56,-101.363,-220.994,-51.653,-35.0,112.994,24.779,0.736,18,4,43.092,1.0,38.771,0.0,9.0
август,1000PEPEUSDT,1785736981102000000,deadline,-1.09,1.386,-2.022,0.924,-1.974,-53.503,-99.666,21.815,15.326,15.872,22.104,3.636,-7.003,-27.952,-34.916,-318.86,-25.978,18.586,66.573,38.692,0.407,14,5,71.253,1.0,0.757,0.0,10.0
август,ADAUSDT,1785737140893000000,deadline,3.56,2.038,-2.467,8.477,6.962,-59.728,-99.745,21.812,16.809,16.437,21.684,-2.819,-16.225,5.42,-48.518,-96.567,-1.542,11.211,54.171,43.526,0.314,15,6,73.916,1.0,45.404,0.0,10.0
август,HBARUSDT,1785737429426000000,deadline,-0.67,2.595,6.275,6.658,4.172,-51.922,-95.709,16.888,19.409,13.233,11.725,-5.327,0.0,-12.996,-41.757,-107.281,-17.168,10.165,31.81,14.48,0.544,15,7,78.725,1.0,21.481,0.0,10.0
август,DASHUSDT,1785738295390000000,deadline,0.03,-2.245,-6.94,-0.239,1.418,-65.448,-101.692,16.9,12.519,10.545,4.168,-35.37,-32.123,0.0,-32.123,-133.545,-1.418,33.324,35.45,42.071,0.562,16,8,93.158,1.0,74.238,0.0,10.0
август,LTCUSDT,1785738377354000000,deadline,-1.37,-0.94,-10.443,-7.93,-7.946,-68.122,-111.367,16.908,7.448,5.038,1.197,-30.499,-8.991,-4.497,-24.686,-62.598,3.448,43.437,33.746,42.928,0.506,17,9,94.524,1.0,29.148,0.0,10.0
август,BCHUSDT,1785738559843000000,deadline,-0.1,-4.157,-10.411,-3.998,-10.029,-49.392,-112.619,18.851,8.357,6.851,-5.437,-28.009,-9.501,-14.245,-61.437,-98.87,-4.216,-12.045,28.531,14.286,0.75,17,10,97.566,1.0,31.353,0.0,10.0
август,ICPUSDT,1785738888136000000,deadline,-0.24,1.291,-5.112,-7.531,-2.262,-57.881,-107.119,18.848,9.649,9.214,-0.17,-13.405,0.0,4.857,9.718,9.718,7.119,67.599,53.398,68.426,0.677,17,11,103.037,1.0,6.529,0.0,10.0
август,TIAUSDT,1785738904107000000,trail,0.63,-2.135,-6.355,-9.839,-1.37,-63.533,-109.783,18.854,6.953,6.707,5.982,-18.281,-18.309,33.742,61.52,-111.85,35.113,125.053,85.601,130.071,0.792,18,12,103.303,0.0,3.758,0.0,10.0
август,ONDOUSDT,1785738940001000000,trail,0.31,-2.135,-6.355,-9.839,-1.37,-63.533,-109.783,18.854,6.953,6.707,5.982,-18.281,-5.407,13.543,-32.354,-486.361,14.913,31.179,48.688,32.564,0.538,19,13,103.902,1.0,25.429,0.0,10.0
август,CRVUSDT,1785739023400000000,deadline,0.76,-13.201,-4.701,-16.698,-6.246,-67.23,-115.337,21.079,2.169,6.732,1.262,-37.791,0.0,4.978,24.938,-180.752,11.224,92.168,34.826,65.098,0.195,19,14,105.291,0.0,1.375,0.0,10.0
август,LINKUSDT,1785739023584000000,deadline,-1.15,-13.201,-4.701,-16.698,-6.246,-67.23,-115.337,21.079,2.169,6.732,1.262,-37.791,-7.267,2.425,-71.007,-128.036,8.671,-3.777,24.242,34.055,0.657,20,15,105.295,1.0,58.608,0.0,10.0
август,AVAXUSDT,1785739207701000000,deadline,2.17,-12.272,-16.217,-24.688,-18.046,-78.68,-120.83,32.264,4.773,-3.178,-4.865,-46.204,-15.579,6.245,-121.763,-256.917,24.291,-43.083,34.327,37.588,0.352,21,16,108.363,,,0.0,10.0
август,DOTUSDT,1785741301289000000,deadline,1.44,-0.863,-3.658,-4.776,-37.605,-80.01,-140.312,41.23,2.11,-39.296,-24.043,-44.146,-12.593,-20.133,51.965,50.691,17.471,131.974,39.087,89.047,0.767,19,17,143.256,,,0.0,11.0
август,SUIUSDT,1785741301461000000,deadline,0.0,-0.863,-3.658,-4.776,-37.605,-80.01,-140.312,41.23,2.11,-39.296,-24.043,-44.146,-7.296,-46.512,-36.374,-91.159,-8.907,43.635,64.252,19.02,1.077,20,18,143.259,1.0,17.488,0.0,11.0
август,TRUMPUSDT,1785745114592000000,deadline,2.68,-4.542,-7.993,-18.764,-6.523,-62.137,-150.836,31.871,5.106,9.677,-16.39,-58.875,-6.959,34.941,-20.848,-116.999,41.464,41.289,62.674,77.193,0.562,17,1,0.0,1.0,31.965,0.0,12.0
август,BNBUSDT,1785745198140000000,deadline,2.61,-11.466,-13.909,-26.84,-15.76,-68.402,-156.781,33.764,0.656,-1.405,-5.534,-58.972,-5.144,18.907,-13.706,-15.416,34.667,54.696,37.742,25.8,1.606,18,2,1.392,1.0,33.414,0.0,12.0
август,APTUSDT,1785745254181000000,deadline,0.87,-13.799,-19.974,-25.457,-18.475,-70.526,-159.081,34.409,0.0,-8.51,-17.128,-64.775,7.181,37.817,-17.908,-127.524,56.293,52.618,57.409,74.101,0.875,19,3,2.326,1.0,96.151,0.0,12.0
август,ONDOUSDT,1785745811220000000,deadline,2.61,-13.304,-37.639,-45.629,-48.634,-100.464,-166.351,59.368,0.947,-20.446,-55.366,-100.944,-24.324,-45.847,-77.957,-526.181,2.787,22.507,143.593,84.699,1.729,20,4,11.61,0.0,27.133,0.0,12.0
август,1000BONKUSDT,1785794176219000000,deadline,1.02,-12.414,-16.587,-22.072,-33.806,-48.786,1.275,38.987,4.171,7.896,4.229,10.194,0.0,3.503,63.425,-182.193,37.309,112.211,52.521,77.629,0.694,0,1,0.0,1.0,734.106,0.0,1.0
август,HBARUSDT,1785794422128000000,deadline,-0.21,-4.812,-14.72,-21.821,-30.476,-49.673,1.699,38.609,6.266,0.61,-0.71,-0.284,-19.735,11.312,18.395,143.266,41.788,68.068,76.271,66.828,1.254,1,2,4.098,1.0,680.603,0.0,2.0
август,ICPUSDT,1785794595171000000,deadline,0.3,-12.035,-24.104,-33.735,-34.126,-60.82,-34.173,44.922,1.166,5.244,-3.426,-0.191,-37.7,-4.728,37.987,114.833,29.398,98.807,61.495,57.088,0.545,2,3,6.983,1.0,686.196,0.0,2.0
август,LTCUSDT,1785794596954000000,deadline,0.6,-12.035,-24.104,-33.735,-34.126,-60.82,-34.173,44.922,1.166,5.244,-3.426,-0.191,-45.005,-42.764,24.926,-160.142,-8.638,85.747,56.51,40.853,0.833,3,4,7.012,1.0,686.225,0.0,2.0
август,SOXSUSDT,1785794700280000000,stop,-7.74,-16.079,-25.072,-35.738,-38.913,-67.88,-33.077,49.781,1.277,-2.08,-11.444,-22.116,13.349,-68.092,-15.212,504.101,-29.178,52.668,95.22,53.609,0.244,4,5,8.734,,,0.0,2.0
август,CRVUSDT,1785794732552000000,deadline,0.86,-16.079,-25.072,-35.738,-38.913,-67.88,-33.077,49.781,1.277,-2.08,-11.444,-22.116,-9.751,-53.398,-29.197,-48.567,-14.485,38.683,73.206,39.196,0.654,5,6,9.272,0.0,686.269,0.0,2.0
август,BCHUSDT,1785794770531000000,deadline,-0.52,-25.275,-34.445,-37.043,-47.207,-73.316,-41.987,57.538,2.871,-10.82,-12.191,-20.275,-18.7,-18.7,-32.68,-37.331,28.506,40.637,37.471,23.474,0.978,6,7,9.905,1.0,685.086,0.0,2.0
август,TRUMPUSDT,1785795692699000000,deadline,-0.11,4.974,22.265,-12.257,-19.471,-50.872,-16.179,54.877,31.439,9.868,-6.821,-6.62,-6.789,-27.1,-140.656,179.806,-7.629,-89.784,88.315,0.0,0.43,7,8,25.275,0.0,601.611,0.0,2.0
август,UNIUSDT,1785796746726000000,deadline,0.57,-4.141,-8.799,5.454,-35.055,-59.087,9.698,53.499,18.339,-30.779,-25.42,-28.22,2.545,-20.315,35.751,-667.3,14.74,94.838,53.435,139.319,0.364,8,9,42.842,0.0,954.363,0.0,2.0
август,ONDOUSDT,1785798756313000000,trail,0.71,5.495,-3.776,8.616,11.659,-55.744,34.933,31.585,28.693,-9.451,0.893,-20.532,-21.505,-56.255,-96.051,-218.709,-67.914,-40.307,99.677,16.19,0.567,9,10,76.335,0.0,642.415,0.0,3.0
август,1000PEPEUSDT,1785800310704000000,deadline,5.13,-8.835,-15.486,-8.882,-5.34,-75.167,-12.594,27.993,12.989,5.448,3.151,-24.014,-13.722,51.796,-88.526,55.268,57.136,-13.358,79.011,58.742,0.699,10,11,102.241,1.0,807.99,0.0,3.0
август,XAGUSDT,1785804363491000000,deadline,5.27,-1.405,-6.452,-10.534,-23.748,-78.449,6.034,40.758,6.176,-18.057,,,-11.982,27.496,10.293,49.948,51.244,88.743,82.262,39.573,1.118,10,1,0.0,0.0,935.519,0.0,4.0
август,ICPUSDT,1785832390173000000,deadline,-0.23,-12.071,-8.035,-25.037,-30.671,-46.942,200.067,30.765,11.154,-5.552,0.127,-32.049,0.0,-23.81,-127.238,249.511,6.861,-80.297,33.413,38.333,0.547,0,1,0.0,0.0,389.886,0.0,12.0
август,CRVUSDT,1785832603003000000,deadline,-0.85,-5.977,-4.467,-19.978,-21.545,-47.895,198.555,31.633,10.618,2.466,-17.141,-44.088,-14.599,-14.599,-38.835,198.807,6.947,9.06,43.86,34.23,0.841,1,2,3.547,0.0,390.536,0.0,12.0
август,XAGUSDT,1785833377487000000,deadline,8.64,8.011,6.704,3.052,-19.916,-94.537,185.808,32.379,18.165,-8.101,-23.745,-65.337,-16.935,-16.935,-20.315,85.543,2.981,74.222,54.283,18.695,0.865,2,3,16.455,0.0,231.331,0.0,12.0
август,BCHUSDT,1785833718839000000,deadline,-0.05,-2.705,-0.802,-1.384,-16.6,-84.849,179.001,30.093,15.014,-9.014,-19.314,-63.845,-14.058,-9.376,-51.354,176.695,7.223,33.495,28.156,18.806,0.334,3,4,22.144,1.0,403.668,0.0,12.0
август,UNIUSDT,1785833742624000000,deadline,-0.89,-2.705,-0.802,-1.384,-16.6,-84.849,179.001,30.093,15.014,-9.014,-19.314,-63.845,-7.728,-5.153,25.846,-410.383,11.446,110.695,61.872,64.868,0.498,4,5,22.541,0.0,373.391,0.0,12.0
август,1000BONKUSDT,1785833751817000000,deadline,-2.93,-2.705,-0.802,-1.384,-16.6,-84.849,179.001,30.093,15.014,-9.014,-19.314,-63.845,0.0,-24.805,-129.734,0.0,-8.205,-44.885,46.181,39.23,0.459,5,6,22.694,0.0,414.595,0.0,12.0
август,WLFIUSDT,1785833858560000000,deadline,-0.41,-1.51,3.777,-11.188,-19.186,-82.993,174.082,30.093,14.982,-13.281,-18.795,-59.339,-3.67,-32.937,-47.506,-89.156,-13.751,35.487,36.717,1.836,0.628,6,7,24.473,,,0.0,12.0
август,TRUMPUSDT,1785834117679000000,trail,1.26,-4.184,-5.882,-5.159,-22.907,-67.103,164.104,30.104,11.438,-14.122,-19.061,-48.454,-13.643,-54.348,-114.787,180.807,-31.441,-47.685,75.137,27.397,0.205,7,8,28.792,1.0,395.046,0.0,13.0
август,1000PEPEUSDT,1785834427103000000,deadline,-1.71,-0.535,-5.175,1.794,-20.196,-58.541,159.946,26.689,11.312,-13.512,-35.769,-41.661,-10.285,-41.012,-95.173,293.183,-20.815,-36.632,58.339,51.742,0.287,8,9,33.949,0.0,317.261,0.0,13.0
август,BNBUSDT,1785834778639000000,deadline,0.66,-2.628,-6.292,-2.518,-11.273,-57.125,160.216,22.021,8.681,-18.764,-33.468,-41.438,-11.876,-8.486,-38.917,49.505,2.787,18.208,27.179,5.099,0.873,9,10,39.808,0.0,1251.253,0.0,13.0
август,ONDOUSDT,1785834780009000000,trail,1.03,3.432,-3.083,0.535,-10.673,-47.251,161.306,22.015,11.611,-19.467,-27.309,-39.755,-21.727,-29.851,-115.685,-80.994,-19.177,-68.433,51.715,93.407,0.568,10,11,39.831,0.0,350.988,0.0,13.0
август,SUIUSDT,1785834790246000000,deadline,0.73,3.432,-3.083,0.535,-10.673,-47.251,161.306,22.015,11.611,-19.467,-27.309,-39.755,-14.451,-13.008,-56.123,87.591,-2.334,-8.872,28.944,30.483,0.468,11,12,40.001,1.0,1317.572,0.0,13.0
август,APTUSDT,1785834793183000000,deadline,-1.01,3.432,-3.083,0.535,-10.673,-47.251,161.306,22.015,11.611,-19.467,-27.309,-39.755,-5.198,-44.874,-36.276,335.065,-34.201,10.976,57.212,47.03,0.98,12,13,40.05,0.0,1251.749,0.0,13.0
август,LINKUSDT,1785835078862000000,deadline,0.68,-0.441,-3.603,-5.208,-11.886,-51.569,155.529,22.022,8.24,-20.999,-32.061,-35.66,-11.051,-26.971,-70.792,-94.971,-15.084,-19.223,50.4,22.176,0.735,13,14,44.811,1.0,1355.244,0.0,13.0
август,TIAUSDT,1785836362462000000,deadline,0.38,-2.534,-8.054,-3.132,-5.428,-45.198,142.412,19.348,7.137,-15.4,-20.377,-44.5,-2.98,-26.754,-120.73,132.89,-21.325,-75.532,44.709,66.007,0.183,14,15,66.205,0.0,1388.622,0.0,13.0
август,LTCUSDT,1785839389436000000,deadline,0.53,-4.474,-8.881,-18.846,-17.056,-45.858,115.927,27.834,3.753,10.374,-0.956,-52.759,-2.26,-13.544,-53.957,6.786,3.512,-8.099,29.385,49.977,0.899,15,16,116.654,0.0,504.318,0.0,14.0
август,WLDUSDT,1785891209516000000,trail,0.22,-1.36,-18.517,-0.031,-21.039,-49.964,92.765,36.493,5.395,-12.227,,,-37.688,-96.784,-206.854,-179.567,-75.746,-156.89,119.798,22.117,0.658,0,1,0.0,0.0,2638.726,0.0,4.0
август,ICPUSDT,1785891212260000000,deadline,2.6,-1.36,-18.517,-0.031,-21.039,-49.964,92.765,36.493,5.395,-12.227,,,-4.789,-19.13,-104.315,-66.635,1.909,-54.351,43.124,24.015,0.721,1,2,0.046,1.0,710.368,0.0,4.0
август,DOGEUSDT,1785891212375000000,deadline,0.32,-1.36,-18.517,-0.031,-21.039,-49.964,92.765,36.493,5.395,-12.227,,,-20.0,-35.658,-71.063,-27.123,-14.62,-21.099,45.806,10.03,1.247,2,3,0.048,1.0,2467.08,0.0,4.0
август,CRVUSDT,1785891580202000000,deadline,0.87,1.188,-11.275,-3.751,-17.245,-54.342,100.905,36.816,2.721,-15.553,,,4.888,-9.761,9.78,14.677,7.484,64.122,58.622,24.486,1.206,3,4,6.178,1.0,738.741,0.0,4.0
август,BCHUSDT,1785891647824000000,deadline,-2.05,1.204,-10.946,-10.681,-16.652,-53.828,99.814,36.814,3.331,-14.17,,,-14.091,-28.143,-46.816,56.764,-11.491,7.011,65.851,4.706,1.222,4,5,7.305,1.0,715.439,0.0,5.0
август,BNBUSDT,1785922008040000000,deadline,0.99,-0.998,2.854,-0.374,-5.812,-48.084,90.998,29.825,28.331,20.098,3.579,-18.363,-5.008,-18.336,-54.808,169.837,-12.524,-6.724,36.74,11.704,0.601,0,1,0.0,0.0,1183.823,0.0,13.0
август,WLDUSDT,1785977118306000000,trail,0.06,-6.388,-5.94,7.45,-3.141,-51.765,89.148,24.145,11.746,-2.253,,,-53.56,-25.276,-78.567,-56.693,-22.136,-26.802,85.524,154.39,0.783,0,1,0.0,0.0,1286.358,0.0,4.0
август,DASHUSDT,1786017775102000000,deadline,-0.13,-9.987,-15.429,-11.642,-5.654,-45.47,73.918,24.428,7.088,29.507,46.532,-62.261,-13.132,9.872,-139.384,-336.722,15.526,-93.914,82.183,46.235,0.644,0,1,0.0,0.0,4417.936,0.0,16.0
август,SUIUSDT,1786017911256000000,deadline,-0.05,-10.032,-10.063,-12.846,1.891,-44.972,69.379,24.424,8.624,28.774,52.974,-58.026,-10.352,38.639,-138.686,-220.067,36.748,-93.714,68.098,127.436,0.565,1,2,2.269,0.0,2782.86,0.0,16.0
август,TRUMPUSDT,1786017936498000000,deadline,3.12,-10.032,-10.063,-12.846,1.891,-44.972,69.379,24.424,8.624,28.774,52.974,-58.026,-27.605,13.86,-68.729,-116.279,11.969,-23.757,62.284,48.679,0.574,2,3,2.69,0.0,2843.0,0.0,16.0
август,BCHUSDT,1786017950644000000,deadline,1.24,-10.032,-10.063,-12.846,1.891,-44.972,69.379,24.424,8.624,28.774,52.974,-58.026,-4.724,28.436,-125.992,-65.728,26.545,-81.02,51.985,61.816,0.509,3,4,2.926,1.0,1863.495,0.0,16.0
август,1000BONKUSDT,1786018148284000000,deadline,-0.82,-10.013,-15.615,-26.184,-9.146,-55.93,53.488,27.649,0.016,23.47,36.797,-75.607,-43.103,43.478,-96.463,-117.647,52.624,-40.533,101.01,76.336,1.202,4,5,6.22,1.0,2829.658,0.0,16.0
август,WLDUSDT,1786018252919000000,deadline,-2.51,-12.708,-19.915,-25.538,-11.222,-48.872,46.55,28.551,0.0,21.593,20.84,-78.109,-32.69,52.753,-148.627,-445.002,63.975,-99.755,98.393,112.769,0.627,5,6,7.964,0.0,645.23,0.0,16.0
август,LINKUSDT,1786019701283000000,deadline,4.44,-5.177,6.378,-7.175,-20.012,-60.533,12.298,33.002,10.013,-1.647,-11.865,-79.731,7.376,-4.911,-62.256,-64.681,15.101,-1.723,60.189,99.243,1.442,6,7,32.103,0.0,2825.538,0.0,16.0
август,SHIB1000USDT,1786020410296000000,deadline,-2.03,-3.364,-2.155,5.042,-18.835,-54.881,13.399,31.104,11.969,-9.048,-22.12,-78.239,-10.595,-31.719,-209.761,-357.946,-12.885,-154.88,59.398,25.521,0.835,7,8,43.92,,,0.0,16.0
август,BNBUSDT,1786020666038000000,deadline,0.23,-4.388,-6.046,-2.807,-18.147,-64.99,13.125,30.187,7.576,-2.99,-18.556,-84.807,-11.796,-13.479,-43.675,-115.077,4.668,21.315,23.621,11.824,0.785,8,9,48.182,0.0,1381.636,0.0,16.0
август,DOGEUSDT,1786020793680000000,deadline,2.18,-3.21,-10.615,-6.217,-18.982,-73.513,20.83,30.188,7.327,-0.895,-21.227,-82.968,-11.586,-23.145,-137.28,-137.28,-4.162,-63.767,28.998,33.459,0.405,9,10,50.31,0.0,1892.903,0.0,16.0
август,1000PEPEUSDT,1786020898504000000,deadline,1.85,-1.613,-11.697,-6.231,-12.331,-69.712,24.879,30.184,8.678,-1.526,-19.751,-96.691,-14.265,3.573,-112.994,-254.09,15.904,-43.283,46.429,126.582,0.38,10,11,52.057,1.0,2867.828,0.0,16.0
август,ADAUSDT,1786020956395000000,trail,10.23,-7.445,-21.389,-13.284,-22.78,-78.767,19.689,30.252,1.646,-8.591,-16.568,-97.081,-20.855,-20.855,116.279,-113.636,1.925,195.047,73.145,186.269,0.616,11,12,53.022,0.0,4487.681,0.0,16.0
август,ICPUSDT,1786020985763000000,deadline,0.97,-5.709,-13.454,-11.968,-22.007,-75.006,20.826,30.251,1.909,-3.81,-26.949,-112.35,-14.333,-4.782,-52.356,-23.866,17.225,22.65,28.708,101.498,0.589,12,13,53.511,0.0,1913.76,0.0,16.0
август,TIAUSDT,1786020990302000000,trail,0.79,-5.709,-13.454,-11.968,-22.007,-75.006,20.826,30.251,1.909,-3.81,-26.949,-112.35,-30.506,-6.116,-250.597,-308.422,15.891,-175.591,61.2,89.534,1.265,13,14,53.587,0.0,2834.581,0.0,16.0
август,HBARUSDT,1786021596830000000,trail,0.35,-13.527,-25.239,-31.269,-28.688,-81.856,8.763,40.792,0.0,2.081,-26.042,-101.776,-7.253,20.364,67.222,-84.917,49.051,149.078,58.064,113.036,0.552,14,15,63.695,1.0,3543.553,0.0,17.0
август,UNIUSDT,1786021597723000000,trail,10.61,-13.527,-25.239,-31.269,-28.688,-81.856,8.763,40.792,0.0,2.081,-26.042,-101.776,-9.983,-79.306,-69.462,-27.404,-50.618,12.395,132.401,116.25,0.538,15,16,63.71,1.0,2889.258,0.0,17.0
август,CRVUSDT,1786021676227000000,deadline,21.65,-14.481,-30.915,-42.762,-35.104,-84.578,6.43,51.099,4.904,-5.681,-29.287,-108.177,-23.855,-66.508,-28.612,224.939,-31.404,55.966,138.69,52.885,1.753,16,17,65.019,0.0,1927.164,0.0,17.0
август,ONDOUSDT,1786023180601000000,trail,0.73,-9.547,-13.855,-35.571,-53.477,-78.966,40.758,66.641,2.011,4.463,-45.604,-61.484,-5.456,-48.886,-89.262,-317.125,4.591,-10.295,103.712,52.126,1.873,17,18,90.092,0.0,3029.328,0.0,17.0
август,ICPUSDT,1786041781082000000,deadline,1.16,-7.03,-14.453,-15.444,-25.018,-59.205,-55.352,35.44,0.016,-9.878,-18.153,-34.992,-28.667,-19.13,-33.429,-38.186,5.889,25.776,43.124,33.654,0.816,0,1,0.0,0.0,106.517,0.0,22.0
август,HBARUSDT,1786041890531000000,deadline,-0.18,-4.207,-17.735,-16.636,-23.38,-61.369,-57.501,35.44,0.0,-9.526,-27.347,-47.237,-1.458,0.0,-110.999,-166.284,23.38,-49.63,32.07,40.984,0.547,1,2,1.824,0.0,193.698,0.0,22.0
август,BNBUSDT,1786042009440000000,deadline,0.2,-0.248,-10.656,-20.44,-26.93,-56.373,-59.642,39.534,5.469,-5.702,-35.421,-38.806,-23.633,-28.682,-35.407,-163.116,-1.752,20.966,42.301,3.385,2.135,2,3,3.806,0.0,100.085,0.0,22.0
август,ADAUSDT,1786043839989000000,trail,0.64,-1.413,-2.577,-0.497,-18.411,-71.068,-68.205,34.81,10.662,-5.863,-17.895,-42.282,-48.828,-116.392,9.823,709.406,-97.98,80.891,186.457,104.115,1.207,3,4,34.315,0.0,275.003,0.0,23.0
август,1000PEPEUSDT,1786043904796000000,deadline,0.77,-0.714,1.118,-0.481,-16.107,-61.313,-67.751,34.813,9.854,-6.128,-34.089,-44.473,-10.703,-49.751,-42.674,-243.902,-33.644,18.639,96.429,39.441,0.586,4,5,35.395,0.0,138.97,0.0,23.0
август,VIRTUALUSDT,1786044310231000000,deadline,-0.91,0.0,-3.384,6.262,-17.085,-59.22,-74.068,26.836,8.409,-9.07,-28.963,-31.123,-13.979,-64.325,-74.679,-1.749,-47.241,-15.459,90.989,26.316,0.712,5,6,42.152,1.0,6021.934,0.0,23.0
август,LTCUSDT,1786044410253000000,deadline,0.11,-1.584,-1.242,5.314,-12.516,-54.378,-73.939,26.057,9.388,-2.35,-42.694,-45.987,6.606,-19.767,-54.717,37.552,-7.251,-0.338,39.613,17.637,0.86,6,7,43.82,0.0,3161.47,0.0,23.0
август,SUIUSDT,1786044410564000000,deadline,-2.12,-1.584,-1.242,5.314,-12.516,-54.378,-73.939,26.057,9.388,-2.35,-42.694,-45.987,-7.394,-23.623,8.888,-241.19,-11.107,63.266,54.758,41.611,0.388,7,8,43.825,1.0,182.491,0.0,23.0
август,BCHUSDT,1786044803433000000,deadline,-0.4,-1.227,-6.18,-5.063,-13.887,-66.152,-80.192,18.07,4.166,0.79,-20.872,-62.837,-18.718,-23.386,-4.686,-97.493,-9.5,61.466,42.194,18.788,0.516,8,9,50.373,0.0,177.546,0.0,23.0
август,1000BONKUSDT,1786045851916000000,trail,4.23,-1.988,0.59,-1.833,0.839,-66.041,-71.388,18.22,10.013,11.815,0.52,-66.049,-3.617,0.0,-21.661,-61.129,-0.839,44.38,61.505,76.559,0.494,9,10,67.847,1.0,221.545,0.0,23.0
август,WLDUSDT,1786045851997000000,deadline,0.44,-1.988,0.59,-1.833,0.839,-66.041,-71.388,18.22,10.013,11.815,0.52,-66.049,3.321,56.761,-127.827,-525.322,55.922,-61.786,109.562,103.992,0.566,10,11,67.849,1.0,213.671,0.0,23.0
август,CRVUSDT,1786049768103000000,deadline,0.94,-4.377,-6.083,-7.23,-3.353,-46.611,-65.557,15.418,13.791,-17.696,-0.855,-35.398,-23.31,-23.31,-303.58,449.219,-19.957,-256.969,42.056,0.0,0.384,11,1,0.0,0.0,227.483,0.0,0.0
август,UNIUSDT,1786049849127000000,deadline,1.94,-4.019,-7.059,-4.019,-2.421,-45.805,-60.474,15.416,15.035,-16.119,11.527,-39.715,-44.676,-4.984,-164.296,-169.118,-2.562,-118.491,54.849,65.245,0.452,12,2,1.35,0.0,323.816,0.0,0.0
август,BCHUSDT,1786121696726000000,deadline,1.11,-4.792,-5.855,-5.439,-7.579,-67.908,24.588,31.527,17.467,-13.967,-14.401,-53.047,-9.255,4.634,-32.318,88.785,12.213,35.591,27.791,65.268,0.368,0,1,0.0,1.0,1011.555,0.0,20.0
август,DASHUSDT,1786121759504000000,deadline,-1.86,-9.321,-12.568,-8.844,-12.614,-72.536,25.107,31.536,14.455,-19.503,-9.154,-63.901,-6.412,19.286,77.595,209.63,31.9,150.131,73.789,113.563,1.946,1,2,1.046,1.0,1493.025,0.0,20.0
август,ICPUSDT,1786121779575000000,deadline,0.25,-14.648,-17.032,-11.987,-15.171,-74.699,18.824,34.738,11.722,-19.142,-14.577,-71.803,-33.317,23.935,57.637,0.0,39.106,132.336,62.082,115.942,1.224,2,3,1.381,0.0,1081.852,0.0,20.0
август,CRVUSDT,1786121817701000000,deadline,-1.52,-14.648,-17.032,-11.987,-15.171,-74.699,18.824,34.738,11.722,-19.142,-14.577,-71.803,4.697,75.686,-97.629,-348.89,90.857,-22.93,84.507,85.227,0.509,3,4,2.016,0.0,947.206,0.0,20.0
август,TRUMPUSDT,1786121947298000000,trail,2.45,-7.986,-19.049,-14.021,-13.59,-69.438,14.849,38.572,9.467,-22.036,-20.376,-56.579,-33.875,-6.793,47.814,-47.361,6.796,117.253,81.577,96.088,1.752,4,5,4.176,0.0,1489.976,0.0,20.0
август,BNBUSDT,1786121994124000000,deadline,0.36,-7.986,-19.049,-14.021,-13.59,-69.438,14.849,38.572,9.467,-22.036,-20.376,-56.579,-6.747,6.756,-1.687,0.0,20.345,67.751,37.131,45.778,1.236,5,6,4.957,0.0,1063.078,0.0,20.0
август,SUIUSDT,1786122668427000000,deadline,2.13,-5.081,-16.043,-33.047,-39.458,-72.702,4.189,58.078,7.685,-28.835,-44.302,-55.145,-17.894,-56.447,-54.97,-160.223,-16.989,17.732,94.114,91.964,0.963,6,7,16.195,1.0,1041.137,0.0,21.0
август,LTCUSDT,1786122777542000000,deadline,-0.41,-5.899,-15.504,-32.28,-39.291,-72.46,2.272,58.079,7.437,-22.275,-54.641,-69.587,-32.694,-52.208,-2.186,4.375,-12.917,70.274,67.789,39.517,0.998,7,8,18.014,0.0,1036.121,0.0,21.0
август,UNIUSDT,1786123635116000000,trail,0.51,-5.88,-20.735,-36.206,-45.574,-86.643,-14.533,56.264,0.666,15.528,-54.448,-74.415,-22.461,-62.143,-108.857,-142.998,-16.569,-22.214,95.048,116.397,1.128,8,9,32.306,0.0,987.411,0.0,21.0
август,ADAUSDT,1786124847595000000,trail,4.19,4.068,22.673,-3.54,-35.699,-72.105,12.277,66.289,27.382,11.726,-28.196,-72.179,0.0,-95.048,-70.211,-289.358,-59.348,1.894,126.263,81.466,0.854,9,10,52.514,0.0,1159.121,0.0,21.0
август,DOGEUSDT,1786127943678000000,deadline,0.12,-12.267,-9.137,-18.489,16.558,-76.348,48.387,35.532,36.484,-17.448,11.712,-34.261,-17.219,4.314,-62.848,101.641,-12.244,13.499,44.559,31.723,0.794,10,11,104.116,0.0,1539.364,0.0,22.0
август,LINKUSDT,1786127952385000000,deadline,-0.5,-12.267,-9.137,-18.489,16.558,-76.348,48.387,35.532,36.484,-17.448,11.712,-34.261,-15.858,1.222,-113.54,-82.394,-15.336,-37.193,51.313,26.951,0.555,10,12,104.261,0.0,1544.265,0.0,22.0
август,AVAXUSDT,1786128036800000000,deadline,0.57,-4.092,-4.925,-15.501,13.489,-61.793,51.41,34.788,37.166,-20.136,4.075,-30.656,-1.563,4.693,-96.02,-91.416,-8.795,-34.227,43.784,62.943,0.431,11,13,105.668,0.0,6237.152,0.0,22.0
август,1000PEPEUSDT,1786128041897000000,trail,1.71,-4.092,-4.925,-15.501,13.489,-61.793,51.41,34.788,37.166,-20.136,4.075,-30.656,-7.135,-14.26,-84.956,-10.699,-27.749,-23.163,64.263,46.628,0.905,12,14,105.753,0.0,1150.555,0.0,22.0
август,TRUMPUSDT,1786128747497000000,trail,-0.11,-4.637,-13.466,-15.994,-1.02,-46.19,47.698,32.89,27.181,-16.047,-5.386,-16.186,-6.716,33.715,191.781,136.24,34.736,237.971,134.409,212.766,1.553,12,15,117.513,0.0,0.003,0.0,22.0
август,ONDOUSDT,1786128756616000000,trail,2.45,-4.637,-13.466,-15.994,-1.02,-46.19,47.698,32.89,27.181,-16.047,-5.386,-16.186,-40.404,2.899,-159.681,-591.603,3.919,-113.49,113.011,23.236,0.712,13,16,117.665,0.0,1598.157,0.0,22.0
август,BNBUSDT,1786317787229000000,deadline,-0.57,-19.44,-24.165,-14.326,-52.455,-44.962,-6.114,54.966,2.235,-29.242,-117.897,-70.788,-21.47,-78.818,-72.297,61.615,-26.363,-27.335,92.685,13.258,2.675,0,1,0.0,0.0,3008.55,0.0,3.0
август,ADAUSDT,1786318150695000000,trail,0.92,-6.129,-19.699,-23.32,-46.744,-44.622,-1.31,53.636,3.221,-25.522,-122.801,-73.119,-55.951,-136.226,-101.266,-175.879,-89.482,-56.644,143.223,0.0,3.018,1,2,6.058,0.0,3009.008,0.0,3.0
август,CRVUSDT,1786318206803000000,trail,1.32,-8.115,-15.003,-23.093,-49.514,-45.499,-1.418,57.419,5.474,-30.784,-122.272,-78.448,-58.799,-125.156,-79.631,436.508,-75.643,-34.132,143.642,16.928,0.98,2,3,6.993,1.0,3030.103,0.0,3.0
август,ICPUSDT,1786328275475000000,deadline,5.07,-10.278,-13.209,6.571,0.338,-52.08,32.758,78.636,35.514,11.765,-0.721,,-9.17,13.787,-126.869,-32.022,13.448,-74.789,91.785,78.631,0.533,2,1,0.0,0.0,3195.032,0.0,6.0
август,1000BONKUSDT,1786359883616000000,trail,0.2,-1.939,-5.43,-4.846,-5.968,-46.632,5.467,13.698,7.424,-4.564,2.667,-39.212,-12.161,8.123,-32.362,48.94,14.092,14.27,64.935,69.473,0.533,0,1,0.0,0.0,5085.376,0.0,15.0
август,1000PEPEUSDT,1786359894601000000,trail,0.41,-1.939,-5.43,-4.846,-5.968,-46.632,5.467,13.698,7.424,-4.564,2.667,-39.212,-20.833,-10.428,-93.071,45.439,-4.459,-46.439,48.713,17.428,0.377,1,2,0.183,0.0,3662.868,0.0,15.0
август,UNIUSDT,1786365304109000000,stop,-8.17,-11.687,-15.864,-32.87,-18.38,-45.899,5.438,40.661,4.251,-12.044,-15.144,-26.21,-29.843,-7.478,-76.733,35.044,10.902,-30.833,54.877,47.619,0.479,2,1,0.0,0.0,3955.958,0.0,16.0
август,BNBUSDT,1786365591130000000,deadline,-2.98,-14.092,-22.872,-35.202,-22.35,-48.371,-0.046,47.99,0.801,-3.87,-15.332,-29.77,-11.582,-16.537,-13.234,0.0,5.813,35.137,28.16,8.289,0.99,2,2,4.784,1.0,549.739,0.0,16.0
август,ADAUSDT,1786365606693000000,deadline,-0.24,-9.191,-24.994,-41.053,-22.771,-49.681,-2.758,50.314,0.432,-5.905,-16.487,-26.217,-20.346,10.204,-30.488,-5.094,32.975,19.193,86.646,92.593,0.885,3,3,5.043,0.0,563.338,0.0,16.0
август,INJUSDT,1786366731859000000,deadline,-0.99,-4.269,-13.81,-23.348,-35.12,-57.344,-9.657,54.53,0.17,-25.231,-34.23,-36.395,-47.011,-31.39,-6.743,-22.442,3.729,50.601,83.221,52.001,1.68,3,4,23.796,0.0,11456.143,0.0,16.0
август,ICPUSDT,1786366770876000000,trail,3.74,-4.808,-16.27,-24.086,-36.866,-55.487,-10.088,54.81,0.015,-36.802,-32.117,-41.071,-27.076,-13.556,-62.95,95.934,23.31,-7.462,54.299,18.132,1.08,4,5,24.446,0.0,394.382,0.0,16.0
август,TIAUSDT,1786368921303000000,deadline,0.3,-37.83,-41.528,-32.177,-46.419,-69.566,-69.078,54.756,2.212,-32.956,-6.237,0.547,-36.485,-30.423,0.0,-3.051,15.996,69.566,70.186,15.281,1.013,5,6,60.287,0.0,5614.381,0.0,17.0
август,1000PEPEUSDT,1786369153900000000,deadline,-0.17,-22.302,-32.878,-23.194,-33.246,-55.079,-61.603,57.965,12.18,-25.866,-0.981,-9.683,-38.141,-38.141,-20.841,-38.141,-4.895,34.238,83.536,34.928,1.138,6,7,64.163,0.0,42.149,0.0,17.0
август,ONDOUSDT,1786369156512000000,trail,-0.06,-22.302,-32.878,-23.194,-33.246,-55.079,-61.603,57.965,12.18,-25.866,-0.981,-9.683,-34.305,-42.845,-40.0,-74.032,-9.599,15.079,94.664,20.121,0.953,7,8,64.207,0.0,3817.041,0.0,17.0
август,BCHUSDT,1786369759142000000,deadline,-1.33,-6.841,-41.488,-54.097,-57.221,-60.099,-96.247,61.453,0.403,-17.488,-20.884,-14.189,-27.881,-37.14,-46.382,-115.154,20.081,13.717,46.598,9.328,1.467,8,9,74.251,0.0,3889.969,0.0,17.0
август,TRUMPUSDT,1786373913790000000,deadline,-2.45,-15.084,-35.842,-26.428,8.226,-58.396,-98.74,53.353,20.955,-35.046,0.784,-36.077,-26.631,33.49,26.774,33.49,25.264,85.17,80.107,80.754,0.798,8,1,0.0,1.0,3898.483,0.0,18.0
август,DOGEUSDT,1786373927376000000,deadline,-0.06,-15.084,-35.842,-26.428,8.226,-58.396,-98.74,53.353,20.955,-35.046,0.784,-36.077,-34.281,14.353,-21.453,-96.522,6.128,36.943,50.165,34.517,0.593,9,2,0.226,0.0,3837.336,0.0,18.0
август,DASHUSDT,1786374770110000000,deadline,-0.34,-0.232,1.377,-24.029,-1.995,-50.44,-89.46,47.555,26.12,-53.52,-26.693,-13.337,-32.072,-19.268,29.042,-220.264,-17.273,79.481,54.698,51.746,0.849,10,3,14.272,1.0,3976.481,0.0,19.0
август,LTCUSDT,1786374780555000000,deadline,-1.1,-15.562,-9.983,-45.79,-18.619,-62.174,-104.106,47.627,10.95,-76.373,-39.572,-21.176,-44.033,-26.467,-24.266,-245.902,-7.847,37.907,75.188,8.853,1.253,11,4,14.446,1.0,3937.97,0.0,19.0
август,UNIUSDT,1786379372522000000,deadline,0.84,5.949,-19.966,-25.838,-42.298,-143.993,-165.291,69.771,21.127,33.823,23.576,-58.328,-2.541,17.825,-199.302,-284.021,60.123,-55.309,114.387,74.264,1.528,11,1,0.0,1.0,63.963,0.0,20.0
август,APTUSDT,1786380404011000000,trail,1.61,-38.197,-27.889,-37.778,-62.011,-166.366,-204.416,68.376,1.064,34.995,-5.696,-59.854,-22.094,-39.023,-142.713,-197.028,22.988,23.652,68.131,8.524,1.565,11,2,17.191,1.0,8851.661,0.0,20.0
август,ADAUSDT,1786383772385000000,deadline,-2.94,6.71,1.907,2.767,-19.764,-100.453,-188.596,56.379,31.201,24.296,-4.571,1.671,-30.612,-20.429,-25.523,-141.271,-0.665,74.93,81.883,87.765,1.209,7,3,73.331,1.0,61.438,0.0,21.0
август,ONDOUSDT,1786384533799000000,deadline,-1.58,-5.508,-8.807,-5.008,10.25,-100.081,-198.765,34.569,14.55,13.402,20.622,-11.967,-34.662,8.703,-91.901,-201.647,-1.547,8.18,98.551,37.824,0.752,7,4,86.021,1.0,191.053,0.0,21.0
август,1000PEPEUSDT,1786384566893000000,deadline,1.02,-9.48,-16.18,-12.167,11.475,-95.931,-199.809,33.367,13.468,6.445,17.878,-15.051,-24.407,3.497,-31.359,-137.883,-7.978,64.572,83.887,59.775,0.607,8,5,86.573,1.0,15.793,0.0,21.0
август,VIRTUALUSDT,1786385780242000000,deadline,-0.44,-15.726,-13.415,0.063,-6.681,-129.989,-197.698,24.988,14.535,-8.959,-11.465,-74.295,-19.689,7.179,-76.526,-32.177,13.86,53.463,60.976,70.435,0.947,9,6,106.795,1.0,5421.167,0.0,22.0
август,1000BONKUSDT,1786385944415000000,deadline,-2.56,-3.707,-1.001,2.833,2.457,-123.63,-193.659,24.973,20.383,-5.128,-11.355,-55.962,0.0,-52.696,-72.816,-164.329,-55.153,50.814,93.725,102.923,0.273,10,7,109.532,0.0,342.501,0.0,22.0
август,BCHUSDT,1786386868341000000,deadline,-0.29,0.924,-3.38,-4.381,-10.492,-131.818,-201.514,24.981,16.996,-9.182,-22.827,-64.214,-4.682,-14.032,-55.892,-143.121,-3.54,75.926,18.735,32.895,0.29,11,8,124.93,1.0,44.631,0.0,22.0
август,SUIUSDT,1786386930127000000,trail,0.22,2.599,-3.38,1.221,-10.274,-137.927,-202.664,24.984,15.82,-6.47,-29.862,-52.852,1.452,-15.942,-79.205,-161.382,-5.668,58.722,43.548,67.222,0.445,12,9,125.96,0.0,4159.834,0.0,22.0
август,ICPUSDT,1786388457774000000,trail,6.12,-0.94,-0.736,-0.971,-10.591,-113.393,-201.638,32.808,12.245,3.223,-8.051,-12.897,-13.061,79.086,347.316,422.535,89.677,460.709,148.213,361.337,1.778,12,10,151.421,0.0,123.792,0.0,23.0
август,AVAXUSDT,1786388493095000000,deadline,-3.3,1.832,7.863,5.011,-10.116,-103.223,-196.641,32.789,17.843,4.565,-13.519,-17.149,18.53,0.0,-46.026,-74.958,10.116,57.196,30.826,118.528,0.3,13,11,152.01,0.0,4083.203,0.0,23.0
август,TRUMPUSDT,1786390699666000000,trail,-0.11,-20.75,-5.567,4.931,19.439,-53.1,-193.387,45.952,21.229,18.389,28.271,47.055,-13.514,-20.257,-26.991,-269.914,-39.695,26.11,67.659,20.339,1.111,11,12,188.786,1.0,37.749,0.0,23.0
август,1000PEPEUSDT,1786459082303000000,stop,-7.97,-3.471,-14.71,-26.982,-26.267,-48.123,-129.13,58.067,11.915,-26.525,-10.222,-1.191,-21.06,-42.032,-38.542,-142.164,-15.765,9.58,80.9,21.149,1.506,0,1,0.0,0.0,995.808,0.0,18.0
август,1000BONKUSDT,1786459231418000000,stop,-2.56,-13.483,-0.172,-36.071,-27.101,-49.844,-128.429,58.088,8.33,-42.27,-30.338,-17.524,8.532,8.532,25.641,-471.162,35.633,75.485,76.726,94.664,0.724,1,2,2.485,1.0,963.999,0.0,18.0
август,BCHUSDT,1786459231627000000,deadline,-2.41,-13.483,-0.172,-36.071,-27.101,-49.844,-128.429,58.088,8.33,-42.27,-30.338,-17.524,-4.697,-14.078,-79.254,-88.496,13.023,-29.41,42.293,4.701,1.032,2,3,2.489,1.0,936.054,0.0,18.0
август,ADAUSDT,1786459784091000000,deadline,1.11,-0.219,-10.517,-38.195,-31.624,-44.958,-127.197,60.648,11.887,-38.635,-28.775,-26.202,-26.954,-117.521,-154.337,-566.038,-85.898,-109.379,135.135,10.823,2.399,3,4,11.696,1.0,1024.061,0.0,18.0
август,BNBUSDT,1786459809940000000,deadline,0.11,-5.287,-16.514,-34.699,-38.862,-48.976,-130.785,60.672,7.862,-41.064,-33.741,-30.497,1.638,-21.249,42.77,146.252,17.613,91.746,39.312,67.612,1.891,4,5,12.127,1.0,1314.127,0.0,18.0
август,ASTERUSDT,1786459923650000000,deadline,0.67,-20.498,-25.348,-42.17,-38.083,-64.383,-136.271,66.915,2.539,-43.22,-53.568,-66.839,-41.446,-44.746,-39.794,-93.997,-6.664,24.588,61.595,3.331,0.849,4,6,14.022,0.0,13070.229,0.0,18.0
август,TRUMPUSDT,1786460226292000000,stop,-5.44,-13.975,-29.144,-41.513,-64.131,-72.859,-138.306,87.091,8.637,-26.594,-65.718,-80.865,-13.271,-6.64,46.729,33.333,57.491,119.588,59.801,46.729,1.126,4,7,19.066,1.0,1012.056,0.0,18.0
август,AEROUSDT,1786462585609000000,deadline,0.83,-19.562,-11.843,-21.204,-56.283,-100.467,-100.56,59.79,2.875,0.552,-65.199,-106.96,-21.578,-40.68,-232.34,43.436,15.603,-131.872,100.913,4.808,1.284,5,8,58.388,1.0,13991.536,0.0,19.0
август,TRUMPUSDT,1786467137496000000,deadline,2.44,14.884,4.741,-16.064,6.711,-121.446,-62.377,34.446,19.591,34.919,18.966,-72.897,6.78,68.213,-192.691,-67.295,61.502,-71.245,94.851,123.457,1.45,5,1,0.0,1.0,69.93,0.0,20.0
август,UNIUSDT,1786468110618000000,deadline,1.56,-4.158,-1.497,-11.647,-11.71,-132.708,-66.758,34.478,10.3,33.711,5.16,-101.37,-5.384,51.435,-353.339,-530.477,63.145,-220.63,113.116,92.416,1.062,6,2,16.219,0.0,1238.836,0.0,21.0
август,ICPUSDT,1786468140078000000,deadline,-0.17,-6.836,-5.23,-14.338,-19.27,-138.458,-72.819,34.486,8.092,25.61,13.008,-100.746,-30.919,44.504,-199.739,-165.577,63.774,-61.282,124.058,93.918,0.438,7,3,16.71,0.0,1271.428,0.0,21.0
август,1000BONKUSDT,1786468884213000000,deadline,0.54,2.363,5.737,-4.204,-18.316,-115.12,-66.06,31.501,14.875,5.074,-12.256,-95.121,-17.339,-4.34,-120.12,-664.775,13.976,-5.001,52.106,167.77,0.666,8,4,29.112,1.0,146.368,0.0,21.0
август,ONDOUSDT,1786468994183000000,deadline,2.31,-2.676,6.256,4.758,-17.56,-112.915,-62.94,30.22,16.563,8.071,-17.274,-95.317,-17.959,6.001,-118.519,-358.485,23.56,-5.604,50.975,75.529,0.761,9,5,30.945,1.0,1158.308,0.0,21.0
август,1000PEPEUSDT,1786469501198000000,deadline,2.59,-4.358,9.705,4.062,-6.622,-100.944,-55.999,27.229,22.226,6.836,3.555,-104.576,-7.158,3.583,-206.945,-258.2,10.205,-106.001,35.817,97.649,0.206,10,6,39.395,1.0,161.428,0.0,21.0
август,SUIUSDT,1786471203364000000,deadline,2.59,0.661,8.217,4.815,15.075,-93.585,-54.501,27.793,28.614,-16.363,1.97,-78.528,-14.704,11.794,-107.793,-135.096,-3.281,-14.209,39.759,111.674,0.541,11,7,67.764,0.0,1258.248,0.0,22.0
август,WLDUSDT,1786472809321000000,trail,2.98,-2.753,2.802,-9.307,-2.549,-70.222,-67.615,18.049,24.04,-6.399,2.334,-82.166,-32.758,17.959,163.984,-155.882,20.507,234.206,119.51,330.247,0.553,12,8,94.53,0.0,6875.651,0.0,22.0
август,DOTUSDT,1786472994489000000,deadline,0.95,-12.083,-10.967,-15.523,-6.611,-84.899,-62.052,20.414,14.212,-1.704,-2.981,-89.533,1.277,3.833,-84.842,-232.036,10.444,0.057,48.531,78.517,0.742,13,9,97.617,0.0,11953.151,0.0,22.0
август,AVAXUSDT,1786473220102000000,deadline,2.2,-4.253,-16.675,-21.149,-10.342,-78.683,-65.218,25.937,10.521,8.732,-8.61,-89.464,17.708,12.872,-265.916,-406.968,23.214,-187.232,38.567,189.946,0.534,14,10,101.377,1.0,1168.725,0.0,22.0
август,ADAUSDT,1786474934486000000,deadline,1.78,1.627,5.371,-23.205,-39.977,-69.121,-85.212,63.144,20.062,44.216,-0.399,-23.813,-10.787,-10.787,27.071,-433.884,29.19,96.192,43.197,92.643,0.323,11,11,129.95,0.0,12.078,0.0,23.0
август,BNBUSDT,1786543322732000000,deadline,-0.31,-16.981,-42.843,-25.731,-50.258,-59.508,-69.02,61.795,3.359,-16.076,-18.493,-7.767,-19.579,-17.95,-27.714,11.457,32.308,31.794,35.965,32.803,0.887,0,1,0.0,0.0,1149.52,0.0,18.0
август,WIFUSDT,1786543350264000000,deadline,0.25,-16.981,-42.843,-25.731,-50.258,-59.508,-69.02,61.795,3.359,-16.076,-18.493,-7.767,-21.352,-14.245,28.612,35.791,36.013,88.121,64.194,108.147,0.903,1,2,0.459,,,0.0,18.0
август,1000PEPEUSDT,1786543357504000000,deadline,-4.82,-16.981,-42.843,-25.731,-50.258,-59.508,-69.02,61.795,3.359,-16.076,-18.493,-7.767,-24.726,-35.286,-77.301,-94.704,14.973,-17.793,56.657,10.635,0.906,2,3,0.58,0.0,960.938,0.0,18.0
август,LTCUSDT,1786543388049000000,deadline,-0.86,-41.69,-54.546,-54.779,-61.086,-80.854,-78.241,76.123,2.924,-13.04,-18.61,-22.652,-8.791,2.2,-4.398,91.01,63.286,76.457,46.194,26.467,1.145,3,4,1.089,1.0,2570.115,0.0,18.0
август,TRUMPUSDT,1786543388700000000,stop,-5.23,-41.69,-54.546,-54.779,-61.086,-80.854,-78.241,76.123,2.924,-13.04,-18.61,-22.652,-54.201,-47.458,-94.467,-271.703,13.628,-13.612,81.744,0.0,0.529,4,5,1.099,0.0,1026.572,0.0,18.0
август,ADAUSDT,1786543501894000000,deadline,1.12,-27.46,-53.338,-42.302,-63.699,-75.029,-85.298,79.274,5.142,-26.816,-34.309,-28.754,-32.715,-86.768,-240.256,-219.369,-23.069,-165.227,109.409,16.438,1.81,5,6,2.986,0.0,898.607,0.0,18.0
август,ICPUSDT,1786543597483000000,deadline,-2.01,-26.623,-50.258,-49.884,-61.559,-75.608,-88.458,83.478,6.45,-30.868,-37.775,-41.341,-13.321,49.151,22.282,-217.486,110.71,97.889,102.268,62.64,0.937,6,7,4.579,1.0,1015.776,0.0,18.0
август,1000BONKUSDT,1786543597606000000,deadline,1.18,-26.623,-50.258,-49.884,-61.559,-75.608,-88.458,83.478,6.45,-30.868,-37.775,-41.341,-35.635,-66.607,-239.965,-497.026,-5.048,-164.357,80.465,49.416,1.221,7,8,4.581,0.0,1001.964,0.0,18.0
август,INJUSDT,1786544040760000000,deadline,2.49,18.188,-12.949,-26.706,-19.325,-49.686,-65.076,75.489,33.932,-8.545,-11.274,-6.239,-22.07,-41.85,-233.312,8.855,-22.525,-183.626,90.688,11.072,0.905,8,9,11.967,1.0,2714.943,0.0,18.0
август,ATOMUSDT,1786544774746000000,deadline,-3.3,-3.264,-17.912,-25.477,-34.45,-53.62,-46.502,75.589,20.608,-34.854,-67.975,-42.656,-28.169,14.144,21.231,-49.192,48.594,74.852,84.746,49.681,0.963,9,10,24.2,,,0.0,18.0
август,ASTERUSDT,1786545309244000000,deadline,0.19,-11.725,-32.233,-12.385,-54.634,-84.181,-71.477,88.153,9.324,-22.581,-60.557,-42.63,-23.225,-26.534,-52.928,-31.493,28.1,31.253,34.919,0.0,0.539,10,11,33.109,0.0,1180.808,0.0,18.0
август,XLMUSDT,1786545617677000000,deadline,1.41,0.205,-26.898,-27.681,-59.689,-83.498,-57.869,89.992,11.374,-14.343,-76.429,-69.647,-74.906,-148.699,-136.476,-81.098,-89.01,-52.978,188.679,6.293,3.333,11,12,38.249,,,0.0,18.0
август,TIAUSDT,1786550535984000000,deadline,-0.42,-2.647,-4.852,5.014,11.755,-120.302,-14.447,30.087,26.754,8.37,36.106,-63.227,-29.202,-3.253,-74.289,19.563,-15.009,46.012,68.337,49.052,1.15,12,1,0.0,0.0,2786.865,0.0,20.0
август,ONDOUSDT,1786550563771000000,deadline,-2.53,-2.647,-4.852,5.014,11.755,-120.302,-14.447,30.087,26.754,8.37,36.106,-63.227,8.985,39.051,-97.778,57.177,27.295,22.524,74.806,66.265,1.117,13,2,0.463,0.0,1114.416,0.0,20.0
август,WLDUSDT,1786553105107000000,stop,-8.2,-4.771,-7.728,5.059,-1.386,-91.415,2.269,33.189,32.396,-9.07,-10.276,-89.926,-50.222,-14.824,105.011,138.471,-13.438,196.425,109.857,162.945,0.849,13,3,42.819,0.0,1231.868,0.0,20.0
август,BCHUSDT,1786553128941000000,deadline,-0.17,-4.771,-7.728,5.059,-1.386,-91.415,2.269,33.189,32.396,-9.07,-10.276,-89.926,-9.368,-9.368,-92.894,75.579,-7.982,-1.479,28.129,23.496,0.299,14,4,43.216,1.0,1315.47,0.0,20.0
август,APTUSDT,1786553220090000000,deadline,-0.17,-5.607,-9.257,2.459,-3.56,-85.54,5.124,33.203,28.05,-11.703,-15.843,-85.775,-12.378,-82.529,-108.581,-160.279,-78.968,-23.041,83.215,8.861,0.576,15,5,44.735,0.0,2646.969,0.0,20.0
август,SUIUSDT,1786553310848000000,deadline,0.59,-9.998,-14.369,-4.915,-4.128,-86.095,-4.143,33.208,26.533,-9.925,-15.089,-83.568,-16.063,-27.713,-109.938,81.097,-23.585,-23.843,40.954,19.05,0.594,16,6,46.248,0.0,1098.458,0.0,20.0
август,UNIUSDT,1786555201404000000,trail,3.68,-3.464,-0.788,5.375,-0.914,-78.63,-1.874,17.643,31.621,-23.594,-10.631,-67.291,-36.859,-11.37,-109.766,-538.503,-10.457,-31.136,76.836,120.968,0.393,17,7,77.757,0.0,1208.156,0.0,21.0
август,TRUMPUSDT,1786557674000000000,stop,-6.19,1.986,5.487,11.517,0.425,-50.283,-19.8,23.054,28.208,-12.491,17.822,-15.679,0.0,-27.643,-190.347,-203.666,-28.069,-140.064,62.37,41.754,0.949,18,8,118.967,1.0,109.685,0.0,22.0
август,ENAUSDT,1786557738801000000,stop,-2.72,-3.687,-0.189,3.801,-3.514,-45.852,-23.763,23.063,24.463,-10.032,16.337,-14.215,-13.572,20.427,-135.18,-108.659,23.941,-89.329,44.168,39.795,0.262,19,9,120.047,1.0,15458.946,0.0,22.0
август,DOTUSDT,1786557750781000000,stop,-2.83,-3.687,-0.189,3.801,-3.514,-45.852,-23.763,23.063,24.463,-10.032,16.337,-14.215,-10.188,-22.895,-79.676,26.844,-19.381,-33.824,35.696,66.735,0.474,20,10,120.247,0.0,1168.846,0.0,22.0
август,LTCUSDT,1786558522639000000,deadline,-0.43,2.964,0.599,0.394,-9.165,-50.528,-19.412,23.06,25.901,8.265,10.14,-4.215,-19.929,-8.867,-74.873,-50.773,0.298,-24.345,35.5,31.16,0.856,14,11,133.111,1.0,8.419,0.0,22.0
август,1000BONKUSDT,1786558524720000000,trail,3.23,2.964,0.599,0.394,-9.165,-50.528,-19.412,23.06,25.901,8.265,10.14,-4.215,-30.987,49.085,53.571,-165.939,58.25,104.1,137.655,171.635,0.88,15,12,133.146,0.0,7.558,0.0,22.0
август,1000PEPEUSDT,1786558665003000000,stop,-2.57,-8.052,-3.121,-3.31,-12.332,-50.536,-25.151,23.07,21.334,8.095,11.507,-4.392,-7.179,-21.505,-117.146,-21.505,-9.173,-66.61,46.695,32.432,0.307,15,13,135.484,1.0,14.446,0.0,22.0
август,ICPUSDT,1786558724274000000,stop,-2.61,-14.431,-1.372,-7.126,-20.735,-58.863,-29.103,23.082,16.261,5.278,12.451,3.079,13.605,-18.083,-151.65,-225.764,2.652,-92.787,49.819,18.149,0.451,16,14,136.471,1.0,7.731,0.0,22.0
август,WIFUSDT,1786559011172000000,stop,-5.47,2.682,-5.596,-13.688,-0.962,-48.736,-25.503,26.341,18.948,5.204,5.898,14.229,-21.368,28.633,108.225,50.215,29.595,156.961,78.515,159.536,0.562,17,15,141.253,0.0,20.689,0.0,22.0
август,XLMUSDT,1786612615464000000,deadline,-1.18,-10.542,-24.943,-24.208,-33.277,-61.458,-38.586,41.991,5.901,-13.773,-11.529,-33.89,-24.814,-18.622,-43.344,24.938,14.655,18.114,37.313,6.223,0.233,0,1,0.0,0.0,876.611,0.0,13.0
август,TIAUSDT,1786618805300000000,deadline,0.83,1.855,2.044,4.513,-19.873,-45.744,-74.656,38.395,12.62,-15.174,-11.864,-33.132,-12.891,-86.372,48.638,55.159,-66.499,94.382,103.259,55.159,0.941,1,1,0.0,1.0,893.011,0.0,15.0
август,ONDOUSDT,1786618812013000000,deadline,3.88,1.855,2.044,4.513,-19.873,-45.744,-74.656,38.395,12.62,-15.174,-11.864,-33.132,2.993,-56.531,-62.444,-53.571,-36.658,-16.7,83.782,23.995,0.635,2,2,0.112,1.0,888.618,0.0,15.0
август,DOTUSDT,1786620129172000000,deadline,0.14,-10.69,-10.376,-11.475,-11.585,-47.085,-92.076,16.934,1.747,-23.538,-18.968,-29.248,-18.118,-14.241,-36.171,-235.473,-2.656,10.914,29.82,1.297,0.556,3,3,22.065,1.0,800.621,0.0,15.0
август,AEROUSDT,1786620189016000000,deadline,4.44,-13.822,-14.434,-18.17,-17.777,-57.145,-97.44,26.784,6.176,-23.552,-21.355,-33.746,-21.967,-53.528,-111.272,-255.066,-35.751,-54.127,56.262,0.0,1.445,4,4,23.062,0.0,2385.478,0.0,15.0
август,LTCUSDT,1786620191250000000,deadline,0.65,-13.822,-14.434,-18.17,-17.777,-57.145,-97.44,26.784,6.176,-23.552,-21.355,-33.746,-15.622,-33.415,-48.932,-132.333,-15.638,8.213,37.997,2.236,0.673,5,5,23.099,1.0,757.81,0.0,15.0
август,SUIUSDT,1786620605063000000,trail,0.31,-8.414,-29.418,-33.884,-29.387,-71.101,-118.892,37.216,1.703,-13.286,-14.597,-46.525,-18.901,-26.151,-60.808,-62.247,3.236,10.293,34.96,4.372,0.487,6,6,29.996,0.0,851.57,0.0,15.0
август,BNBUSDT,1786620605720000000,deadline,-1.13,-8.414,-29.418,-33.884,-29.387,-71.101,-118.892,37.216,1.703,-13.286,-14.597,-46.525,-14.732,-3.278,-57.05,-68.382,26.109,14.051,16.393,1.64,0.513,7,7,30.007,1.0,1039.121,0.0,15.0
август,APTUSDT,1786620627211000000,deadline,-1.28,-8.414,-29.418,-33.884,-29.387,-71.101,-118.892,37.216,1.703,-13.286,-14.597,-46.525,-8.862,0.0,-56.447,-103.581,29.387,14.654,33.706,15.991,0.454,8,8,30.365,1.0,880.44,0.0,15.0
август,1000PEPEUSDT,1786620627404000000,deadline,-1.17,-8.414,-29.418,-33.884,-29.387,-71.101,-118.892,37.216,1.703,-13.286,-14.597,-46.525,-3.715,-48.077,-142.857,-537.975,-18.69,-71.756,78.038,26.08,0.887,9,9,30.368,1.0,813.678,0.0,15.0
август,WLDUSDT,1786620661120000000,trail,10.65,-3.357,-26.874,-33.581,-25.995,-70.313,-118.473,44.905,10.986,-8.792,-14.938,-49.564,-90.221,-98.866,47.212,179.372,-72.871,117.524,114.537,109.857,0.828,10,10,30.93,1.0,975.936,0.0,15.0
август,ADAUSDT,1786620661192000000,deadline,-1.33,-3.357,-26.874,-33.581,-25.995,-70.313,-118.473,44.905,10.986,-8.792,-14.938,-49.564,-10.84,-37.838,0.0,-102.041,-11.842,70.313,59.685,16.304,0.656,11,11,30.932,0.0,1045.383,0.0,15.0
август,ICPUSDT,1786620671273000000,deadline,-2.7,-3.357,-26.874,-33.581,-25.995,-70.313,-118.473,44.905,10.986,-8.792,-14.938,-49.564,-9.174,9.191,-45.704,-272.443,35.187,24.609,41.322,55.402,0.434,12,12,31.1,1.0,846.763,0.0,15.0
август,NEARUSDT,1786620870769000000,deadline,-1.6,-7.9,-35.553,-40.752,-34.989,-77.291,-125.533,44.943,2.494,-7.341,-18.538,-57.254,-12.034,18.105,-95.465,97.324,53.094,-18.174,60.241,48.426,0.282,13,13,34.424,,,0.0,15.0
август,WIFUSDT,1786622122448000000,deadline,-1.37,-1.45,1.687,-2.143,-25.779,-60.652,-116.772,50.51,21.337,7.395,-26.888,-47.218,-35.92,-21.583,28.923,-85.776,4.197,89.574,57.678,72.622,0.539,14,14,55.286,1.0,864.938,0.0,15.0
август,KORUUSDT,1786622448600000000,trail,3.16,1.119,3.295,7.396,-26.513,-59.259,-116.82,50.504,22.458,12.753,-23.261,-43.86,-39.9,10.025,10.025,336.439,36.538,69.284,85.128,199.183,0.387,15,15,60.722,1.0,15650.053,0.0,16.0
август,WIFUSDT,1786639082259000000,deadline,-0.84,-20.734,-46.273,-25.362,-61.759,-50.517,-43.703,82.304,5.063,0.145,-73.568,-27.73,-58.182,-115.691,-158.387,-207.736,-53.932,-107.87,124.36,0.0,1.277,0,1,0.0,1.0,42.28,0.0,20.0
август,BNBUSDT,1786639082438000000,deadline,2.4,-20.734,-46.273,-25.362,-61.759,-50.517,-43.703,82.304,5.063,0.145,-73.568,-27.73,-29.552,-18.08,-34.46,-54.045,43.679,16.057,42.812,18.146,1.91,1,2,0.003,1.0,66.442,0.0,20.0
август,NEARUSDT,1786639118769000000,deadline,-1.62,-20.734,-46.273,-25.362,-61.759,-50.517,-43.703,82.304,5.063,0.145,-73.568,-27.73,-42.657,-102.968,-138.805,6.124,-41.209,-88.288,128.519,18.394,2.089,2,3,0.609,1.0,54.231,0.0,20.0
август,TRUMPUSDT,1786639150295000000,deadline,0.07,-24.629,-49.466,-36.404,-67.615,-52.378,-44.782,82.326,2.278,-0.429,-79.237,-40.609,-78.966,-64.702,-114.449,-455.801,2.914,-62.071,94.067,7.241,1.575,3,4,1.134,1.0,1154.8,0.0,20.0
август,UNIUSDT,1786639156326000000,deadline,0.59,-24.629,-49.466,-36.404,-67.615,-52.378,-44.782,82.326,2.278,-0.429,-79.237,-40.609,-34.473,-45.911,-48.766,-133.675,21.704,3.612,89.363,31.81,1.252,4,5,1.234,0.0,1171.908,0.0,20.0
август,ADAUSDT,1786639156495000000,deadline,1.84,-24.629,-49.466,-36.404,-67.615,-52.378,-44.782,82.326,2.278,-0.429,-79.237,-40.609,-38.504,-114.629,-125.409,-43.98,-47.014,-73.031,127.002,0.0,1.402,5,6,1.237,1.0,67.677,0.0,20.0
август,LTCUSDT,1786639156554000000,deadline,0.05,-24.629,-49.466,-36.404,-67.615,-52.378,-44.782,82.326,2.278,-0.429,-79.237,-40.609,-13.387,-15.615,-17.841,-70.985,52.001,34.537,37.98,29.128,0.985,6,7,1.238,0.0,46.275,0.0,20.0
август,TIAUSDT,1786639156605000000,trail,2.07,-24.629,-49.466,-36.404,-67.615,-52.378,-44.782,82.326,2.278,-0.429,-79.237,-40.609,-38.722,-124.76,-57.971,71.778,-57.145,-5.593,129.576,48.828,0.746,7,8,1.239,0.0,88.455,0.0,20.0
август,ICPUSDT,1786639157082000000,deadline,5.5,-24.629,-49.466,-36.404,-67.615,-52.378,-44.782,82.326,2.278,-0.429,-79.237,-40.609,-41.667,-32.437,-87.558,-271.37,35.178,-35.179,60.437,37.331,1.195,8,9,1.247,1.0,62.187,0.0,20.0
август,JUPUSDT,1786639159530000000,deadline,4.24,-24.629,-49.466,-36.404,-67.615,-52.378,-44.782,82.326,2.278,-0.429,-79.237,-40.609,17.836,-70.713,-76.561,-99.882,-3.098,-24.182,136.499,59.701,3.316,9,10,1.288,,,0.0,20.0
август,ASTERUSDT,1786639318049000000,deadline,0.48,-65.331,-85.972,-71.439,-107.227,-85.192,-83.444,120.916,2.763,-8.806,-98.585,-50.237,-31.541,-54.654,-71.098,-31.541,52.573,14.094,54.954,0.0,2.078,10,11,3.93,0.0,1296.813,0.0,20.0
август,BCHUSDT,1786642506743000000,deadline,-0.47,-0.95,12.255,10.033,-35.093,-88.424,-46.825,93.346,54.434,18.709,8.154,-28.474,-4.861,0.0,-383.536,-370.023,35.093,-295.112,48.638,43.967,1.705,11,12,57.075,1.0,1219.63,0.0,21.0
август,1000PEPEUSDT,1786642521600000000,deadline,1.36,-0.95,12.255,10.033,-35.093,-88.424,-46.825,93.346,54.434,18.709,8.154,-28.474,-18.861,11.351,-181.818,-505.92,46.444,-93.394,105.82,57.013,1.068,12,13,57.322,1.0,94.903,0.0,21.0
август,DOTUSDT,1786642619988000000,deadline,0.82,-10.746,4.406,7.198,-44.637,-90.978,-52.122,93.398,48.798,22.78,11.118,-32.615,-18.182,1.301,13.028,-226.348,45.938,104.006,93.677,65.479,1.619,13,14,58.962,0.0,124.676,0.0,21.0
август,USELESSUSDT,1786642866583000000,stop,-5.42,6.908,-3.355,11.889,27.752,-98.512,-45.956,67.748,55.739,28.749,38.846,-50.14,-26.511,131.969,-13.273,520.134,104.216,85.239,233.918,184.082,0.527,14,15,63.072,,,0.0,21.0
август,HYPEUSDT,1786643331316000000,deadline,-2.23,10.257,1.234,18.012,28.417,-85.18,-29.766,39.675,68.269,-0.817,39.855,-41.797,-3.464,10.406,-43.126,169.133,-18.012,42.054,84.893,68.027,1.205,15,16,70.818,,,0.0,21.0
август,CRVUSDT,1786643505585000000,trail,4.37,-12.029,11.217,15.629,-0.016,-89.712,-44.948,39.707,60.07,10.252,14.7,-52.574,0.0,-27.734,-19.826,-632.676,-27.718,69.886,63.568,55.933,0.256,16,17,73.722,0.0,5297.495,0.0,21.0
август,SUIUSDT,1786643617365000000,deadline,0.77,-8.239,8.569,1.219,20.966,-84.083,-47.191,39.707,59.974,7.716,15.141,-53.772,7.31,29.304,-99.798,-14.588,8.338,-15.715,68.663,70.619,1.47,17,18,75.585,0.0,120.413,0.0,21.0
август,HBARUSDT,1786645562531000000,deadline,-0.55,-6.202,-2.121,-0.364,-1.662,-102.235,-34.579,31.375,57.443,6.562,-10.305,-53.384,15.214,-93.303,-94.794,-27.269,-91.641,7.441,135.197,41.184,4.086,18,19,108.005,1.0,9812.015,0.0,22.0
август,ATOMUSDT,1786645695358000000,deadline,0.0,-15.015,-10.068,-6.603,-7.395,-99.65,-46.685,31.406,47.365,5.103,-7.988,-50.435,0.0,39.814,19.868,830.351,47.209,119.517,72.703,154.362,1.058,19,20,110.218,1.0,1440.943,0.0,22.0
август,AVAXUSDT,1786645784875000000,deadline,0.51,-15.031,-12.139,-4.435,-8.692,-101.701,-46.277,31.407,47.237,8.532,-11.14,-56.287,9.356,26.554,-83.423,73.76,35.246,18.277,51.41,92.767,0.296,20,21,111.71,0.0,2635.209,0.0,22.0
август,1000BONKUSDT,1786646053316000000,stop,-7.64,7.622,-11.087,-16.977,-5.064,-113.571,-49.833,31.383,54.895,5.81,-16.534,-60.365,-50.804,8.518,59.932,472.371,13.582,173.502,89.362,155.575,0.724,20,22,116.184,0.0,1322.271,0.0,22.0
август,WLDUSDT,1786647568016000000,deadline,0.28,-1.769,21.089,29.664,25.216,-87.047,-10.448,41.015,77.041,14.522,9.346,-55.382,-43.872,-98.895,-238.027,182.471,-124.11,-150.979,146.886,44.261,0.469,21,23,141.429,0.0,272.945,0.0,22.0
август,APTUSDT,1786649063101000000,deadline,0.08,0.458,-14.462,12.211,28.591,-64.504,1.357,63.314,91.131,20.859,15.008,-66.485,-16.046,-19.604,-88.496,-76.201,-48.195,-23.991,32.143,95.547,0.912,22,24,166.347,1.0,232.058,0.0,23.0
август,SUIUSDT,1786687731260000000,deadline,-3.46,-2.622,-6.362,-3.427,-5.968,-45.808,-82.194,19.384,11.356,-8.314,-0.547,-32.279,-11.696,-8.774,-62.545,-108.585,-2.806,-16.737,30.738,11.723,0.414,0,1,0.0,0.0,465.231,0.0,10.0
август,1000BONKUSDT,1786687814520000000,trail,0.44,-2.117,-8.193,-5.021,-2.59,-45.857,-78.265,19.385,10.834,-6.865,5.087,-28.515,-39.029,26.189,-229.689,190.772,28.78,-183.832,104.484,43.725,0.415,1,2,1.388,1.0,604.678,0.0,10.0
август,BNBUSDT,1786687816241000000,deadline,-1.51,-2.117,-8.193,-5.021,-2.59,-45.857,-78.265,19.385,10.834,-6.865,5.087,-28.515,-4.918,-6.556,-22.91,-58.699,-3.966,22.948,13.121,4.923,0.359,2,3,1.416,0.0,570.995,0.0,10.0
август,HYPEUSDT,1786687820208000000,deadline,-0.74,-2.117,-8.193,-5.021,-2.59,-45.857,-78.265,19.385,10.834,-6.865,5.087,-28.515,-21.104,8.82,-99.459,-82.153,11.41,-53.602,58.16,38.924,0.864,3,4,1.482,1.0,500.075,0.0,10.0
август,HBARUSDT,1786687833072000000,deadline,-0.38,-2.117,-8.193,-5.021,-2.59,-45.857,-78.265,19.385,10.834,-6.865,5.087,-28.515,-3.062,13.804,-15.293,-152.338,16.394,30.565,44.417,33.81,0.478,4,5,1.697,1.0,463.459,0.0,10.0
август,WIFUSDT,1786688185171000000,deadline,-2.31,-2.197,-13.215,-10.628,-5.435,-46.201,-86.511,19.398,4.207,-3.657,3.986,-43.346,-21.946,0.0,-72.78,-165.826,5.435,-26.579,43.988,7.337,0.367,5,6,7.565,1.0,577.892,0.0,10.0
август,XLMUSDT,1786688303070000000,deadline,-0.61,-10.428,-14.214,-16.753,-16.374,-47.209,-88.694,24.056,0.459,-2.278,0.0,-42.799,-6.277,25.189,-25.063,-154.607,41.563,22.146,43.97,37.831,0.236,6,7,9.53,1.0,1002.538,0.0,10.0
август,NEARUSDT,1786688332969000000,deadline,-2.11,-10.428,-14.214,-16.753,-16.374,-47.209,-88.694,24.056,0.459,-2.278,0.0,-42.799,-12.369,12.399,-24.707,-323.547,28.774,22.502,61.92,74.86,0.628,7,8,10.028,1.0,579.418,0.0,10.0
август,UNIUSDT,1786688813417000000,stop,-2.61,-0.396,-13.087,-29.272,-17.505,-45.561,-96.937,32.539,2.485,-1.681,2.126,-33.019,0.0,11.507,-62.821,-249.37,29.012,-17.26,68.966,163.551,0.581,8,9,18.036,0.0,587.616,0.0,10.0
август,TRUMPUSDT,1786688828860000000,deadline,-1.2,-0.158,-16.733,-26.661,-16.039,-44.639,-94.041,32.541,1.741,-4.319,-0.504,-33.041,-7.22,-21.629,-64.609,-100.143,-5.59,-19.97,36.127,0.0,0.49,9,10,18.293,0.0,587.939,0.0,10.0
август,TIAUSDT,1786688858290000000,deadline,-1.03,-0.158,-16.733,-26.661,-16.039,-44.639,-94.041,32.541,1.741,-4.319,-0.504,-33.041,-9.718,-12.953,-140.665,32.531,3.086,-96.026,64.851,19.493,0.703,10,11,18.784,0.0,615.283,0.0,10.0
август,DOGEUSDT,1786688942478000000,deadline,-0.41,-6.377,-17.686,-28.765,-21.455,-47.274,-99.631,35.751,1.536,-2.458,-7.812,-30.464,-17.177,-34.296,-59.863,-120.414,-12.841,-12.589,38.715,1.434,0.674,11,12,20.187,1.0,4996.366,0.0,10.0
август,APTUSDT,1786688944410000000,deadline,-0.91,-6.377,-17.686,-28.765,-21.455,-47.274,-99.631,35.751,1.536,-2.458,-7.812,-30.464,-9.161,-7.33,-135.673,-355.501,14.125,-88.399,56.849,18.372,1.084,12,13,20.219,0.0,419.983,0.0,10.0
август,JUPUSDT,1786689716929000000,deadline,-4.28,-2.168,-1.314,-14.399,-24.001,-46.32,-89.182,36.595,5.226,-7.969,-11.762,-27.212,-5.967,-41.617,-123.821,-193.208,-17.616,-77.501,47.761,5.974,0.663,13,14,33.094,0.0,602.447,0.0,10.0
август,ICPUSDT,1786689747067000000,deadline,8.45,-1.82,-3.118,-19.846,-28.024,-53.213,-90.402,36.605,2.676,-8.192,-8.458,-22.658,-13.806,-4.606,-45.872,-41.303,23.418,7.342,27.65,60.269,0.5,14,15,33.597,0.0,600.221,0.0,10.0
август,ENAUSDT,1786689782206000000,deadline,-5.35,1.061,-0.143,-21.693,-30.703,-53.453,-92.167,36.608,1.695,-10.549,-9.886,-31.616,-11.685,-44.258,-16.351,-220.799,-13.556,37.102,44.455,63.574,0.231,15,16,34.182,1.0,2138.216,0.0,10.0
август,ONDOUSDT,1786689782296000000,deadline,-2.26,1.061,-0.143,-21.693,-30.703,-53.453,-92.167,36.608,1.695,-10.549,-9.886,-31.616,3.014,9.047,-27.043,-95.494,39.75,26.41,39.168,69.782,0.63,16,17,34.184,0.0,927.301,0.0,10.0
август,BCHUSDT,1786690320740000000,deadline,-1.74,-6.506,-6.015,-7.47,-30.177,-61.847,-106.465,40.516,2.376,-16.076,-8.134,-32.512,-9.681,-9.681,-4.843,-391.061,20.497,57.004,29.07,63.384,0.214,17,18,43.158,1.0,532.82,0.0,10.0
август,ADAUSDT,1786690330294000000,deadline,-3.55,-6.506,-6.015,-7.47,-30.177,-61.847,-106.465,40.516,2.376,-16.076,-8.134,-32.512,-5.485,10.989,-5.485,-113.945,41.166,56.361,43.908,55.188,0.902,18,19,43.317,0.0,612.871,0.0,10.0
август,LTCUSDT,1786690361852000000,deadline,-0.42,-6.506,-6.015,-7.47,-30.177,-61.847,-106.465,40.516,2.376,-16.076,-8.134,-32.512,2.236,-6.702,-20.08,-51.157,23.475,41.767,17.885,11.191,0.29,19,20,43.843,0.0,583.421,0.0,10.0
август,1000PEPEUSDT,1786690380803000000,deadline,-2.66,-24.799,-24.878,-33.511,-55.068,-85.762,-135.29,62.056,1.048,-0.259,-15.858,-49.319,0.0,-48.616,-166.297,-245.601,6.451,-80.535,75.16,22.599,2.174,20,21,44.159,0.0,548.295,0.0,10.0
август,ATOMUSDT,1786692760359000000,trail,3.16,-2.045,-0.174,17.364,-22.28,-56.063,-127.386,51.526,25.965,13.653,-12.101,-34.203,0.0,-127.959,45.573,958.807,-105.679,101.636,162.022,118.033,0.948,21,22,83.818,1.0,544.055,0.0,11.0
август,DOTUSDT,1786693099260000000,deadline,-0.02,-5.666,-16.22,-8.172,-28.647,-62.465,-140.268,47.501,12.037,27.367,-23.103,-36.179,-18.426,-34.166,-110.836,-205.347,-5.519,-48.371,65.928,21.142,1.553,22,23,89.467,0.0,581.836,0.0,11.0
август,AVAXUSDT,1786693186098000000,deadline,-0.45,-5.906,-20.357,-10.791,-32.778,-60.306,-143.838,47.518,8.427,19.453,-21.832,-36.114,-34.386,-32.828,-87.065,-219.359,-0.05,-26.759,54.893,12.563,1.089,23,24,90.914,0.0,529.376,0.0,11.0
август,WLDUSDT,1786699201121000000,deadline,1.5,0.684,-1.654,-1.957,0.573,-70.134,-124.448,41.146,31.572,18.933,5.97,-14.743,-11.834,2.963,-61.819,-79.342,2.39,8.315,56.28,59.595,0.547,23,1,0.0,0.0,613.101,0.0,13.0
август,BZUSDT,1786699298999000000,deadline,-2.21,4.059,0.318,-1.018,1.098,-70.536,-125.43,41.143,32.497,17.978,11.024,-9.402,-23.248,-77.457,52.706,47.998,-78.555,123.241,94.373,52.706,1.004,24,2,1.631,,,0.0,13.0
август,PENDLEUSDT,1786699470718000000,deadline,-2.57,2.514,4.488,-3.371,9.25,-62.437,-128.209,41.133,34.764,18.441,4.997,-27.314,-14.948,14.993,-59.524,-111.029,5.742,2.913,59.88,45.113,0.83,25,3,4.493,,,0.0,13.0
август,1000BONKUSDT,1786699813919000000,trail,1.2,-18.751,-13.891,-23.274,2.773,-84.309,-137.339,41.206,16.951,13.903,2.545,-37.672,-17.354,-64.767,-4.344,78.844,-67.54,79.965,112.994,96.534,1.089,26,4,10.213,0.0,30.527,0.0,13.0
август,STORJUSDT,1786700411272000000,stop,-5.49,-10.354,-25.463,-17.191,-16.444,-96.876,-147.81,31.89,10.215,2.516,-35.918,-66.166,-29.372,-36.126,-478.964,745.069,-19.681,-382.089,81.577,250.871,0.478,27,5,20.169,,,0.0,13.0
август,HYPEUSDT,1786702908222000000,deadline,-1.85,5.587,11.005,11.515,0.859,-51.972,-117.58,29.749,33.359,4.367,-12.17,-39.054,-19.428,-22.952,-21.19,-184.124,-23.811,30.781,53.088,44.437,0.511,26,6,61.785,1.0,2.599,0.0,14.0
август,BNBUSDT,1786702969940000000,deadline,-1.57,-3.785,11.467,16.061,-1.877,-50.98,-118.698,29.749,33.375,2.943,-9.857,-45.034,-13.175,-32.873,-32.873,-78.534,-30.996,18.106,34.631,8.252,0.617,26,7,62.814,1.0,0.878,0.0,14.0
август,OPUSDT,1786703046385000000,deadline,-1.5,-4.294,9.748,14.054,-3.595,-55.981,-117.388,29.755,31.157,1.569,-13.525,-43.876,-11.667,-74.203,-118.883,-151.846,-70.608,-62.902,101.624,21.07,0.946,27,8,64.088,,,0.0,14.0
август,UNIUSDT,1786703190827000000,stop,-7.97,-2.37,7.962,12.379,-3.643,-53.936,-119.643,29.756,30.981,2.363,-18.982,-46.775,-40.84,-72.696,-189.655,-498.191,-69.053,-135.719,99.59,8.795,1.14,27,9,66.495,1.0,0.002,0.0,14.0
август,PENGUUSDT,1786704002110000000,deadline,-5.77,-3.673,2.816,12.057,23.567,-50.222,-114.0,34.09,33.806,3.634,7.065,-42.125,-6.505,14.668,-55.025,-283.049,-8.899,-4.804,73.23,42.491,1.13,24,10,80.016,1.0,15945.43,0.0,14.0
август,HBARUSDT,1786704098531000000,deadline,3.47,-6.456,0.684,8.647,20.392,-51.949,-115.066,34.097,31.667,1.568,11.249,-44.644,-3.075,-41.348,-36.77,-195.99,-61.739,15.178,52.284,37.043,0.406,24,11,81.624,1.0,1.091,0.0,14.0
август,TIAUSDT,1786704469203000000,deadline,-1.21,-0.573,-6.075,-7.379,15.381,-53.596,-122.173,34.104,29.768,-3.419,6.786,-46.377,-19.634,0.0,-107.039,-158.116,-15.381,-53.442,75.41,39.5,0.89,22,12,87.801,1.0,18.778,0.0,14.0
август,ICPUSDT,1786717026767000000,trail,3.0,-12.512,-3.53,-13.564,-4.584,-48.232,-193.296,39.597,5.708,0.459,0.0,-23.108,-4.585,-81.893,-41.115,116.009,-77.309,7.117,87.156,4.589,1.311,6,1,0.0,0.0,204.642,0.0,18.0
август,1000PEPEUSDT,1786739823804000000,deadline,0.56,-6.547,-4.625,-11.483,-3.402,-44.925,-83.197,18.016,14.571,6.97,6.674,-22.663,0.0,-15.106,-93.668,-104.79,-11.704,-48.743,41.604,7.57,0.354,0,1,0.0,1.0,584.049,1.0,0.0
август,HYPEUSDT,1786740285525000000,deadline,5.12,-0.97,-9.628,-10.834,-11.58,-44.945,-79.482,18.527,13.615,8.281,5.691,-15.611,-3.591,1.797,-51.823,-316.577,13.376,-6.877,26.944,65.088,0.4,1,2,7.695,1.0,365.52,1.0,0.0
август,WIFUSDT,1786742400365000000,deadline,3.32,-2.735,-8.059,-6.137,-8.932,-47.984,-86.764,15.303,10.669,0.256,-3.554,-27.969,-21.93,-14.631,-21.93,-14.631,-5.699,26.055,43.956,58.954,0.571,2,3,42.943,1.0,661.498,1.0,1.0
август,ONDOUSDT,1786742402013000000,deadline,1.84,-2.735,-8.059,-6.137,-8.932,-47.984,-86.764,15.303,10.669,0.256,-3.554,-27.969,-6.173,6.18,-94.83,-258.724,15.113,-46.846,40.148,65.278,0.314,3,4,42.97,1.0,627.584,1.0,1.0
август,ATOMUSDT,1786743117344000000,trail,1.91,-1.081,-1.177,-5.198,-9.169,-45.063,-89.409,12.263,12.023,8.85,-3.097,-28.2,6.725,-33.49,-197.628,-145.695,-24.321,-152.566,94.086,94.98,0.352,4,5,54.892,0.0,646.738,1.0,1.0
август,TRUMPUSDT,1786912263157000000,deadline,-1.88,-0.888,-7.94,-5.659,-20.576,-46.712,-0.349,23.331,0.0,10.346,-9.971,-27.683,-7.077,-35.286,-105.116,49.822,-14.71,-58.404,49.575,7.087,0.483,0,1,0.0,1.0,3482.771,0.0,0.0
август,ONDOUSDT,1786916567002000000,deadline,8.11,-24.762,-22.798,-29.494,-30.142,-48.456,-46.722,55.9,23.174,-24.138,-72.74,-93.644,-48.632,-78.788,-108.761,76.947,-48.645,-60.305,122.175,15.295,1.899,1,1,0.0,0.0,2647.343,0.0,1.0
август,HYPEUSDT,1786917761825000000,deadline,2.65,-12.318,-9.539,-25.983,-30.651,-45.953,-46.332,55.905,22.425,-13.843,-67.533,-105.256,5.242,-53.847,-69.372,33.292,-23.197,-23.419,71.603,10.49,1.242,2,2,19.914,0.0,2715.83,0.0,2.0
август,KORUUSDT,1786917774800000000,trail,0.57,-12.318,-9.539,-25.983,-30.651,-45.953,-46.332,55.905,22.425,-13.843,-67.533,-105.256,-77.063,-63.55,-77.063,41.284,-32.899,-31.109,91.366,4.57,1.739,3,3,20.13,0.0,4846.462,0.0,2.0
август,ATOMUSDT,1786919282551000000,deadline,-0.11,-5.537,-9.797,-18.719,-32.182,-49.724,-47.754,50.673,18.405,3.194,-23.942,-58.049,-27.454,-75.137,-108.918,-149.153,-42.955,-59.193,103.235,20.69,1.661,4,4,45.259,0.0,2708.938,0.0,2.0
август,BNBUSDT,1786919491541000000,deadline,0.74,-2.006,-16.454,-0.796,-29.816,-50.808,-51.312,49.204,16.061,4.699,-25.741,-64.381,-13.245,-18.203,-36.34,-100.115,11.613,14.468,28.183,6.636,1.684,5,5,48.742,1.0,3366.482,0.0,2.0
август,CRCLUSDT,1786919701428000000,deadline,1.21,-6.018,-17.0,-10.073,-35.998,-55.681,-55.019,49.222,12.361,-6.493,-30.095,-66.295,-39.03,-77.756,-81.888,0.0,-41.758,-26.207,79.765,0.0,2.511,6,6,52.24,,,0.0,2.0
август,ADAUSDT,1786919793791000000,deadline,1.9,-9.682,-20.503,-17.391,-42.709,-61.621,-60.96,49.252,6.364,-8.445,-30.492,-63.865,-34.052,-45.351,11.403,-101.466,-2.642,73.024,113.895,63.037,1.782,7,7,53.78,1.0,3584.391,0.0,2.0
август,WLDUSDT,1786919954519000000,trail,2.47,-7.298,-22.273,-25.257,-41.001,-63.455,-64.651,46.655,5.488,-2.279,-39.403,-74.519,-11.344,-153.76,-216.667,109.07,-112.759,-153.212,173.197,17.065,1.569,8,8,56.459,0.0,3438.706,0.0,2.0
август,XLMUSDT,1786920416977000000,deadline,1.79,6.142,-12.946,-29.379,-22.066,-62.098,-64.223,43.735,6.653,25.594,0.0,-69.544,-6.398,12.821,-63.613,-138.889,34.887,-1.515,64.02,32.113,1.899,9,9,64.166,1.0,3598.565,0.0,2.0
август,PUMPFUNUSDT,1786922431932000000,trail,15.96,6.05,-8.299,11.629,-5.979,-49.637,-39.954,46.813,26.98,-6.17,0.266,-70.147,3.741,3.741,-247.994,-244.436,9.72,-198.358,71.055,52.632,1.117,10,10,97.749,,,0.0,3.0
август,APTUSDT,1786922877913000000,trail,4.08,-6.219,-15.145,1.098,2.085,-55.996,-38.606,46.826,24.331,-6.566,2.171,-72.265,-30.704,-40.261,-211.042,-336.682,-42.346,-155.046,55.823,130.655,0.699,11,11,105.182,1.0,3628.891,0.0,3.0
август,1000PEPEUSDT,1786922953098000000,deadline,7.27,-10.467,-11.85,-10.928,-2.309,-62.478,-45.37,46.85,19.018,-4.201,0.601,-77.741,0.0,23.374,-69.471,-183.136,25.682,-6.993,73.844,182.034,1.187,12,12,106.435,0.0,2782.155,0.0,3.0
август,UNIUSDT,1786922966418000000,deadline,-0.44,-10.467,-11.85,-10.928,-2.309,-62.478,-45.37,46.85,19.018,-4.201,0.601,-77.741,-30.423,-18.276,-90.717,142.371,-15.967,-28.239,51.877,79.975,0.706,13,13,106.657,1.0,3617.96,0.0,3.0
август,XAGUSDT,1786923217979000000,trail,3.99,2.086,-0.828,-20.699,9.225,-54.305,-40.16,46.833,22.752,-1.213,1.666,-75.353,-24.517,6.148,9.225,18.467,-3.077,63.53,47.619,61.824,2.018,14,14,110.85,0.0,17913.883,0.0,3.0
август,TRUMPUSDT,1786961470489000000,deadline,-1.0,-1.248,-0.664,-0.758,-15.524,-46.256,51.028,20.952,2.118,-4.728,-9.356,-31.925,-28.429,-21.337,-14.235,71.788,-5.813,32.022,28.51,14.276,0.247,0,1,0.0,1.0,567.91,0.0,14.0
август,WLDUSDT,1786961483317000000,trail,2.35,-1.248,-0.664,-0.758,-15.524,-46.256,51.028,20.952,2.118,-4.728,-9.356,-31.925,-5.562,-22.21,-69.08,351.382,-6.686,-22.823,47.301,47.526,0.438,1,2,0.214,0.0,562.766,0.0,14.0
август,TIAUSDT,1786961947406000000,deadline,0.11,-5.023,-5.134,0.111,-12.675,-44.997,49.171,13.971,0.537,-3.367,-0.167,-28.834,-19.953,3.333,-72.775,-33.212,16.008,-27.778,43.319,13.347,0.274,2,3,7.949,1.0,4042.11,0.0,14.0
август,ADAUSDT,1786961964294000000,trail,-0.24,-5.023,-5.134,0.111,-12.675,-44.997,49.171,13.971,0.537,-3.367,-0.167,-28.834,-11.481,-51.458,-175.042,-130.459,-38.783,-130.045,63.218,5.75,1.141,3,4,8.23,0.0,462.45,0.0,14.0
август,ATOMUSDT,1786961975813000000,trail,0.06,-5.023,-5.134,0.111,-12.675,-44.997,49.171,13.971,0.537,-3.367,-0.167,-28.834,-27.855,-34.795,-137.741,-434.202,-22.12,-92.744,55.866,6.988,2.036,4,5,8.422,1.0,471.231,0.0,14.0
август,SUIUSDT,1786961988556000000,deadline,0.0,-5.023,-5.134,0.111,-12.675,-44.997,49.171,13.971,0.537,-3.367,-0.167,-28.834,-5.925,-11.843,-56.006,-25.133,0.832,-11.009,23.714,20.793,0.318,5,6,8.634,1.0,4312.675,0.0,14.0
август,ENAUSDT,1786962015897000000,trail,0.22,-5.323,-5.434,-0.885,-12.943,-45.28,49.029,13.972,0.237,-5.84,2.949,-36.492,-30.03,-9.629,-86.001,-14.437,3.314,-40.72,33.735,19.314,0.647,6,7,9.09,1.0,4292.223,0.0,14.0
август,HYPEUSDT,1787023791422000000,deadline,6.22,0.343,3.45,3.903,-10.445,-56.606,120.199,25.015,9.403,-27.976,-36.572,,-8.443,-3.379,-35.365,62.925,7.066,21.24,62.532,27.114,0.859,0,1,0.0,0.0,1497.16,0.0,7.0
август,ATOMUSDT,1787024562157000000,deadline,-2.67,2.684,3.714,7.274,-8.058,-52.246,123.791,23.788,15.733,-14.874,-16.912,,-7.077,-63.336,-35.286,-275.482,-55.278,16.96,113.314,78.515,0.723,1,2,12.846,0.0,922.473,0.0,7.0
август,WLDUSDT,1787025611620000000,stop,-2.65,0.702,-0.966,9.097,11.331,-54.87,117.398,23.587,21.341,-4.514,24.785,,-18.27,-3.05,-406.79,-1038.819,-14.381,-351.92,94.57,86.154,1.043,2,3,30.337,0.0,988.245,0.0,8.0
август,WIFUSDT,1787025643176000000,deadline,3.24,0.702,-0.966,9.097,11.331,-54.87,117.398,23.587,21.341,-4.514,24.785,,-29.586,-22.206,-203.488,-196.364,-33.537,-148.619,66.766,29.762,2.048,3,4,30.863,0.0,4479.703,0.0,8.0
август,TRUMPUSDT,1787083567893000000,deadline,1.86,-10.446,-12.486,-23.152,-26.759,-45.736,47.3,33.755,0.015,3.059,-28.2,-54.292,-14.306,-35.689,-49.893,35.945,-8.93,-4.157,42.98,43.165,0.273,0,1,0.0,1.0,1794.752,0.0,0.0
август,ONDOUSDT,1787083570184000000,deadline,-6.99,-10.446,-12.486,-23.152,-26.759,-45.736,47.3,33.755,0.015,3.059,-28.2,-54.292,-15.119,-27.182,-95.981,-66.185,-0.423,-50.244,45.427,21.244,0.565,1,2,0.038,0.0,2540.308,0.0,0.0
август,1000BONKUSDT,1787083579800000000,deadline,-3.17,-10.446,-12.486,-23.152,-26.759,-45.736,47.3,33.755,0.015,3.059,-28.2,-54.292,-17.116,-51.173,12.876,117.086,-24.414,58.612,64.295,99.567,0.996,2,3,0.198,0.0,6215.483,0.0,0.0
август,TIAUSDT,1787108401773000000,deadline,-0.06,0.078,-6.091,-7.132,-8.42,-45.844,37.864,12.144,0.964,-21.799,-21.121,,-26.667,-23.341,30.171,173.41,-14.921,76.015,63.503,53.763,0.671,0,1,0.0,0.0,2200.216,0.0,7.0
август,ATOMUSDT,1787108556558000000,deadline,-0.29,-2.3,-9.288,-6.262,-4.973,-47.071,36.106,13.386,3.281,-15.637,-14.502,,14.164,0.0,0.0,21.262,4.973,47.071,49.505,56.899,0.761,1,2,2.58,1.0,1151.885,0.0,7.0
август,XLMUSDT,1787108600674000000,deadline,6.07,-0.746,-6.246,-3.714,-2.285,-49.441,34.867,13.385,3.67,-12.42,-10.888,,-25.79,12.945,19.43,51.982,15.23,68.871,45.249,65.062,2.085,2,3,3.315,0.0,2866.395,0.0,7.0
август,INJUSDT,1787108720266000000,trail,2.93,-0.016,-4.134,-3.559,-3.917,-52.603,35.499,13.387,2.193,-11.938,-10.049,,12.08,12.08,196.85,339.321,15.997,249.453,43.436,219.482,1.312,3,4,5.308,0.0,9169.255,0.0,7.0
август,CRVUSDT,1787108722092000000,deadline,-2.01,-0.016,-4.134,-3.559,-3.917,-52.603,35.499,13.387,2.193,-11.938,-10.049,,-4.165,-24.938,-66.225,-147.783,-21.021,-13.622,41.667,16.694,0.722,4,5,5.339,0.0,7546.38,0.0,7.0
август,1000PEPEUSDT,1787108723601000000,deadline,0.53,-0.016,-4.134,-3.559,-3.917,-52.603,35.499,13.387,2.193,-11.938,-10.049,,-19.298,-26.996,0.0,129.26,-23.079,52.603,46.404,70.093,0.839,5,6,5.364,0.0,2828.357,0.0,7.0
август,ICPUSDT,1787108771770000000,deadline,1.49,-5.318,-9.434,-14.137,-9.232,-59.906,30.757,16.506,0.016,-5.106,-9.012,,-4.564,-59.01,-22.779,-331.126,-49.778,37.127,68.493,50.482,1.419,6,7,6.167,0.0,6292.786,0.0,7.0
август,ADAUSDT,1787108805994000000,deadline,1.53,-5.318,-9.434,-14.137,-9.232,-59.906,30.757,16.506,0.016,-5.106,-9.012,,-11.501,11.527,40.462,98.837,20.76,100.369,51.813,52.083,0.412,7,8,6.737,1.0,2307.847,0.0,7.0
август,TRUMPUSDT,1787108815001000000,deadline,0.78,-5.318,-9.434,-14.137,-9.232,-59.906,30.757,16.506,0.016,-5.106,-9.012,,-7.117,-7.117,-7.117,203.488,2.115,52.789,42.735,35.74,0.46,8,9,6.887,0.0,179.268,0.0,7.0
август,DOTUSDT,1787108850687000000,deadline,1.99,-8.722,-11.75,-16.669,-11.874,-57.568,28.855,18.844,0.0,-10.362,-7.429,,-13.252,-21.186,-23.828,340.285,-9.312,33.739,47.771,85.653,0.552,9,10,7.482,1.0,6687.965,0.0,7.0
август,WIFUSDT,1787108921374000000,deadline,1.12,-10.261,-9.717,-19.245,-10.913,-58.697,27.074,20.76,0.763,-13.214,-12.77,,0.0,-36.63,0.0,89.021,-25.717,58.697,51.471,14.728,0.438,10,11,8.66,0.0,1147.758,0.0,7.0
август,HYPEUSDT,1787109844626000000,deadline,-0.01,-1.678,13.352,3.902,-2.144,-53.177,41.542,22.846,16.08,18.325,16.044,,6.858,3.428,-13.687,-141.868,5.572,39.49,46.257,39.56,0.465,11,12,24.048,0.0,1191.491,0.0,7.0
август,BCHUSDT,1787109927439000000,deadline,-0.18,-5.562,11.672,3.156,-2.797,-56.4,38.933,22.85,14.336,17.935,10.148,,14.771,9.843,0.0,29.586,12.64,56.4,49.164,79.286,0.429,12,13,25.428,1.0,6746.298,0.0,7.0
август,LTCUSDT,1787111689055000000,deadline,0.82,2.084,2.084,-3.792,0.109,-61.942,28.485,22.854,12.282,23.539,23.184,,2.248,33.822,33.822,45.147,33.713,95.764,38.202,58.77,0.387,13,14,54.788,1.0,6752.12,0.0,7.0
август,1000BONKUSDT,1787111895320000000,deadline,-1.03,-2.628,-3.094,-3.98,-4.399,-61.655,27.29,22.862,9.06,26.84,18.803,,-42.992,4.32,4.32,184.697,8.719,65.974,86.356,30.316,0.393,14,15,58.226,1.0,216.342,0.0,7.0
август,ONDOUSDT,1787112168010000000,deadline,-0.86,-1.431,-5.021,-4.664,-3.467,-57.23,33.644,22.862,8.857,21.498,12.54,2.458,-9.208,64.935,-9.208,-133.374,68.402,48.022,98.31,124.417,1.267,15,16,62.771,1.0,224.615,0.0,8.0
август,NEARUSDT,1787112347770000000,deadline,3.99,-3.344,-9.792,-5.583,-6.546,-51.436,31.105,22.872,4.685,18.915,7.261,10.56,0.0,63.012,94.817,-226.438,69.558,146.253,81.403,224.072,0.47,16,17,65.767,1.0,6808.598,0.0,8.0
август,APTUSDT,1787112384805000000,deadline,0.11,-3.702,-11.734,-7.618,-1.649,-49.22,28.258,22.872,4.296,11.187,11.102,30.175,-9.383,43.388,102.467,234.525,45.037,151.687,71.375,164.185,0.865,17,18,66.384,0.0,2925.781,0.0,8.0
август,WLDUSDT,1787112521818000000,deadline,1.85,-3.142,-7.634,-7.681,1.603,-53.256,25.083,22.873,4.047,17.546,9.203,13.201,-6.339,31.817,-112.888,-348.944,30.214,-59.632,76.118,89.6,0.394,18,19,68.667,1.0,1356.008,0.0,8.0
август,ENAUSDT,1787112542400000000,trail,2.49,-1.494,-8.209,-6.127,1.338,-55.95,25.114,22.873,4.063,11.298,12.17,14.447,-15.447,38.227,206.486,211.447,36.889,262.436,80.923,247.561,0.715,19,20,69.01,0.0,2382.351,0.0,8.0
август,AVAXUSDT,1787112614077000000,deadline,0.69,-0.622,-5.288,-5.505,1.401,-51.424,28.556,22.873,4.063,15.646,9.069,15.446,-9.438,25.257,33.175,113.057,23.856,84.599,55.109,60.193,0.778,20,21,70.205,1.0,6720.466,0.0,8.0
август,SUIUSDT,1787114001163000000,deadline,2.34,-5.58,-0.669,2.458,-4.135,-47.839,23.366,15.831,9.651,0.839,-16.831,2.81,-10.669,-7.623,87.733,153.369,-3.488,135.571,25.938,93.947,0.346,21,22,93.323,1.0,2283.691,0.0,8.0
август,JUPUSDT,1787114010334000000,deadline,2.91,-5.58,-0.669,2.458,-4.135,-47.839,23.366,15.831,9.651,0.839,-16.831,2.81,-11.969,-17.943,24.024,102.906,-13.808,71.863,29.958,66.345,0.24,22,23,93.476,1.0,6826.836,0.0,8.0
август,UNIUSDT,1787114276421000000,trail,0.63,4.417,-6.277,8.994,2.208,-46.609,17.973,15.827,12.375,11.037,-13.806,5.625,-12.103,3.03,54.828,128.874,0.822,101.437,51.5,76.313,1.272,23,24,97.911,1.0,2928.358,0.0,8.0
август,UNIUSDT,1787167736527000000,trail,20.85,0.147,-20.515,-9.793,0.586,-205.872,542.416,57.553,78.338,47.321,40.81,19.12,-48.282,-8.554,-34.13,647.22,-9.14,171.742,97.032,106.721,0.648,0,1,0.0,0.0,663.584,0.0,23.0
август,BNBUSDT,1787167782942000000,trail,8.82,-11.583,-26.305,-19.358,-3.136,-75.341,530.963,57.587,72.505,41.225,39.398,-65.39,-9.723,3.245,-35.558,215.41,6.382,39.782,30.819,39.082,0.433,1,2,0.774,0.0,3893.216,0.0,23.0
август,BNBUSDT,1787188087839000000,deadline,0.52,-23.057,-28.21,-26.99,-26.072,-60.438,749.644,66.475,52.627,28.199,-1.448,,-42.905,-22.293,-41.322,369.022,3.779,19.116,54.261,17.586,1.176,0,1,0.0,0.0,158.366,0.0,5.0
август,WIFUSDT,1787188089870000000,deadline,-0.62,-23.057,-28.21,-26.99,-26.072,-60.438,749.644,66.475,52.627,28.199,-1.448,,-60.811,27.267,47.814,776.557,53.338,108.252,149.558,165.86,1.18,1,2,0.034,0.0,1077.317,0.0,5.0
август,ATOMUSDT,1787195467251000000,deadline,1.25,-29.757,-45.043,-52.698,-86.463,-48.032,733.539,115.801,6.893,-72.358,-104.225,,-27.1,-120.805,-180.12,454.545,-34.342,-132.088,135.87,6.798,0.957,2,1,0.0,1.0,1208.508,0.0,7.0
август,ADAUSDT,1787195477294000000,deadline,1.67,-29.757,-45.043,-52.698,-86.463,-48.032,733.539,115.801,6.893,-72.358,-104.225,,-145.396,-177.134,-177.134,535.406,-90.671,-129.102,218.579,5.467,1.022,3,2,0.167,0.0,1197.091,0.0,7.0
август,APTUSDT,1787199851907000000,deadline,2.26,-0.952,3.854,16.678,40.913,-52.902,772.263,63.948,62.693,26.074,30.795,-35.571,-5.361,37.688,-58.656,519.09,-3.225,-5.754,80.458,108.44,0.299,4,1,0.0,0.0,1213.725,0.0,8.0
август,SUIUSDT,1787199952955000000,deadline,10.48,-1.976,-2.798,19.961,45.531,-47.792,772.727,63.933,64.973,23.471,23.312,-39.771,-17.111,18.603,-124.136,665.753,-26.927,-76.344,65.705,102.453,0.267,5,2,1.684,0.0,1172.622,0.0,8.0
август,LTCUSDT,1787204882746000000,trail,0.93,-17.847,-24.374,-16.21,6.444,-46.889,800.326,45.914,78.025,-38.18,0.54,-59.346,-10.677,-8.543,-48.926,533.664,-14.987,-2.037,27.79,66.71,0.234,4,1,0.0,0.0,1307.629,0.0,9.0
август,BNBUSDT,1787204980227000000,trail,8.01,-17.329,-20.701,-20.701,11.538,-53.489,801.011,45.911,78.664,-35.698,-6.926,-60.419,-17.555,-3.196,-12.773,400.732,-14.734,40.716,33.573,54.654,0.203,5,2,1.625,0.0,33.049,0.0,9.0
август,ONDOUSDT,1787205038806000000,trail,5.55,-22.333,-27.697,-25.188,2.682,-58.005,795.596,42.086,73.612,-31.186,-4.518,-60.795,-20.249,58.309,-173.74,664.606,55.628,-115.734,104.348,120.27,0.654,6,3,2.601,1.0,1303.608,0.0,9.0
август,TIAUSDT,1787205441558000000,trail,11.07,-4.28,-23.216,-37.89,-18.593,-44.997,797.568,45.82,70.2,-11.12,-14.207,-69.963,-27.959,-43.424,-144.305,782.667,-24.831,-99.308,68.536,15.601,0.289,7,4,9.314,1.0,1366.564,0.0,9.0
август,WIFUSDT,1787205799564000000,trail,11.21,-0.418,-3.285,-27.651,-13.615,-56.802,810.757,45.799,74.715,-15.824,-23.701,-83.448,13.68,-34.037,-88.016,788.504,-20.422,-31.214,54.645,124.481,0.311,8,5,15.28,1.0,54.743,0.0,10.0
август,UNIUSDT,1787205858627000000,trail,3.54,-1.427,-6.742,-27.429,-13.949,-59.511,809.303,45.812,71.869,-13.56,-20.398,-89.915,-11.056,36.101,-195.334,882.264,50.05,-135.823,102.38,151.685,0.319,9,6,16.265,0.0,526.385,0.0,10.0
август,1000BONKUSDT,1787205878366000000,trail,2.08,-1.427,-6.742,-27.429,-13.949,-59.511,809.303,45.812,71.869,-13.56,-20.398,-89.915,-12.29,-77.33,-197.025,600.0,-63.381,-137.513,90.238,4.103,0.19,10,7,16.594,1.0,1317.364,0.0,10.0
август,NEARUSDT,1787206399271000000,trail,5.87,-2.162,-2.378,-23.081,-10.741,-45.699,816.98,45.808,72.74,-24.933,2.95,-58.548,-23.148,5.804,-159.817,775.0,16.545,-114.118,63.805,70.093,0.273,11,8,25.275,0.0,1326.733,0.0,10.0
август,WIFUSDT,1787233011975000000,trail,9.69,-12.198,-54.423,-59.41,-20.666,-56.012,1002.102,90.661,19.559,20.314,4.594,-27.233,19.305,-12.829,196.464,1323.636,7.837,252.476,147.72,270.449,1.046,0,1,0.0,0.0,277.63,0.0,17.0
август,BCHUSDT,1787233014444000000,trail,0.82,-12.198,-54.423,-59.41,-20.666,-56.012,1002.102,90.661,19.559,20.314,4.594,-27.233,13.831,83.565,50.902,621.027,104.232,106.914,128.913,140.056,0.875,1,2,0.041,1.0,1781.45,0.0,17.0
август,BNBUSDT,1787236725434000000,trail,4.26,-6.08,-5.605,-42.459,44.629,-50.426,922.464,109.419,67.043,48.776,69.162,-24.778,-3.116,56.417,-29.521,587.362,11.789,20.905,105.969,62.725,0.747,0,1,0.0,0.0,367.535,0.0,18.0
август,LTCUSDT,1787237036451000000,trail,2.71,-11.538,-8.268,-71.452,-19.996,-45.658,919.185,90.112,55.428,27.254,30.129,-27.763,0.0,50.869,19.015,507.423,70.865,64.674,73.809,72.218,0.58,1,2,5.184,0.0,288.488,0.0,18.0
август,BNBUSDT,1787318451124000000,deadline,-0.11,-29.678,-44.161,-52.615,15.198,-77.237,702.332,110.385,74.267,30.074,1.204,95.503,-16.191,57.829,98.258,558.842,42.631,175.496,94.354,111.807,0.451,0,1,0.0,0.0,1126.685,0.0,17.0
август,KORUUSDT,1787339413997000000,deadline,1.32,19.642,26.79,-23.792,-40.033,-86.986,634.544,114.026,55.246,6.608,-96.415,-132.509,-24.39,-43.817,-72.816,98.765,-3.784,14.171,107.579,9.79,0.409,0,1,0.0,0.0,6791.221,0.0,23.0
август,ATOMUSDT,1787341128554000000,trail,14.59,-2.72,7.793,37.912,7.066,-44.913,624.091,94.674,75.389,-11.698,-62.169,-73.188,-25.79,-102.367,-140.217,495.251,-109.434,-95.304,129.282,25.924,0.631,1,2,28.576,0.0,2187.589,0.0,23.0
август,XAGUSDT,1787375461189000000,deadline,1.14,-229.338,-232.971,-250.537,-207.996,-184.364,197.519,294.431,21.191,-297.192,-277.036,-24.265,-30.325,-34.642,-17.351,0.0,173.354,167.013,34.762,0.0,0.637,0,1,0.0,0.0,7350.648,1.0,9.0
август,KORUUSDT,1787375473099000000,deadline,5.45,-229.338,-232.971,-250.537,-207.996,-184.364,197.519,294.431,21.191,-297.192,-277.036,-24.265,-131.836,-122.19,-59.026,-643.519,85.807,125.338,148.441,0.0,0.615,1,2,0.199,0.0,358.553,1.0,9.0
август,SNXXUSDT,1787386183065000000,deadline,0.75,1.06,3.855,-7.481,-22.667,-119.594,63.619,45.386,115.878,-16.693,-62.199,-327.341,0.0,6.631,80.16,-46.174,29.298,199.754,33.135,279.292,0.07,2,1,0.0,,,1.0,12.0
август,KORUUSDT,1787393522800000000,deadline,-1.04,-13.958,-23.833,-51.165,-66.561,-64.453,-160.283,83.785,5.057,-7.747,-104.745,-112.479,-19.646,-34.331,-4.919,-286.807,32.231,59.534,34.449,4.924,0.108,1,1,0.0,0.0,60.815,1.0,14.0
август,XAGUSDT,1787435611592000000,deadline,-0.06,-1.923,-8.622,-30.023,-50.624,-48.269,-201.989,57.367,6.49,-55.406,-177.684,-193.588,-18.821,-17.376,-21.711,-36.132,33.248,26.559,23.209,0.0,2.268,0,1,0.0,0.0,762.457,1.0,1.0
август,ATOMUSDT,1787441595457000000,stop,-8.37,-7.869,-8.492,-9.996,-6.091,-50.337,-185.612,37.011,25.314,20.342,-18.924,-67.319,0.0,-25.365,-181.024,-181.024,-19.273,-130.687,57.216,83.333,0.167,1,1,0.0,0.0,1521.204,1.0,3.0
август,NEARUSDT,1787459732771000000,trail,0.63,-11.707,8.58,4.138,-9.448,-51.763,-229.484,53.645,32.076,-15.114,11.019,-267.987,-27.337,-38.23,-430.22,-1460.674,-28.783,-378.457,137.061,16.474,0.587,0,1,0.0,0.0,4000.222,1.0,8.0
август,SPCXUSDT,1787459764003000000,deadline,0.38,-12.819,3.789,-8.025,-16.051,-60.231,-233.979,53.684,24.925,-16.272,0.0,-263.964,-2.226,-5.192,-14.081,-92.647,10.858,46.149,8.906,1.485,0.371,1,2,0.521,0.0,29558.926,1.0,8.0
август,KORUUSDT,1787460508598000000,deadline,0.82,-17.673,-23.425,-29.559,-29.299,-73.198,-240.985,53.765,9.761,-50.541,-41.001,-312.623,0.0,9.809,83.992,-19.56,39.108,157.19,44.096,108.965,1.376,2,3,12.93,1.0,876.427,1.0,8.0
август,SNXXUSDT,1787465224566000000,deadline,0.9,0.355,-1.459,-20.141,-62.881,-136.731,-140.478,138.956,67.545,41.61,-16.747,-230.075,-40.241,-100.0,-100.0,-86.782,-37.119,36.731,107.744,0.0,1.638,2,1,0.0,0.0,1061.663,1.0,10.0
август,XLMUSDT,1787471822753000000,trail,4.24,-18.814,-13.106,-37.034,-16.584,-126.107,-172.599,54.151,55.884,26.349,56.621,-1.958,-10.488,84.701,-124.417,-779.284,101.285,1.69,152.231,143.77,0.278,3,1,0.0,0.0,5811.671,1.0,11.0
август,ATOMUSDT,1787535058446000000,deadline,-0.42,2.241,-26.041,-57.75,-25.784,-101.378,-7.415,80.724,17.424,-1.637,-15.158,,-19.023,-69.401,-283.951,0.0,-43.617,-182.572,114.358,19.096,0.838,0,1,0.0,1.0,1341.948,0.0,5.0
август,BNBUSDT,1787547133441000000,trail,0.25,-21.993,-48.326,-55.142,-28.638,-73.482,15.804,56.841,0.0,9.309,24.524,-67.324,-35.822,-30.108,-91.194,187.518,-1.47,-17.712,54.645,28.843,0.4,1,1,0.0,1.0,3567.343,0.0,8.0
август,ATOMUSDT,1787596702237000000,deadline,-1.22,-35.149,-27.2,-6.078,5.577,-115.169,186.089,66.572,49.356,17.747,79.018,-123.321,-12.937,45.543,-121.561,-403.978,39.966,-6.392,90.674,104.712,0.586,0,1,0.0,1.0,782.432,0.0,22.0
август,TRUMPUSDT,1787596735401000000,deadline,-0.31,-35.149,-27.2,-6.078,5.577,-115.169,186.089,66.572,49.356,17.747,79.018,-123.321,-73.171,12.3,-274.791,-968.935,6.723,-159.622,126.945,128.577,0.357,1,2,0.553,0.0,7890.238,0.0,22.0
август,BNBUSDT,1787599154942000000,deadline,0.32,-24.282,-8.592,-19.912,-16.323,-114.232,191.698,53.92,59.844,-33.393,-55.79,-166.67,-18.5,-48.241,-135.021,32.899,-31.918,-20.789,57.029,45.832,0.925,2,3,40.878,0.0,668.434,0.0,23.0
август,ATOMUSDT,1787644140157000000,trail,0.8,-50.187,-61.832,-66.295,-53.202,-47.701,345.311,89.328,0.362,0.862,-13.264,-38.476,-51.948,-19.544,-90.556,-242.038,33.658,-42.855,130.548,52.493,1.193,0,1,0.0,1.0,550.01,0.0,11.0
август,TRUMPUSDT,1787644142697000000,trail,2.82,-50.187,-61.832,-66.295,-53.202,-47.701,345.311,89.328,0.362,0.862,-13.264,-38.476,-93.458,-48.98,-69.246,-165.389,4.223,-21.545,176.374,145.651,0.29,1,2,0.042,1.0,548.725,0.0,11.0
август,ADAUSDT,1787644180390000000,deadline,-4.35,-50.187,-61.832,-66.295,-53.202,-47.701,345.311,89.328,0.362,0.862,-13.264,-38.476,-89.127,-93.541,-150.576,113.688,-40.339,-102.875,148.381,4.498,0.967,2,3,0.671,0.0,7238.052,0.0,11.0
август,XLMUSDT,1787644283776000000,deadline,0.54,-79.61,-98.163,-100.227,-87.251,-89.923,312.398,141.246,16.143,7.225,-81.929,-112.95,-81.841,-132.316,-202.122,-91.978,-45.065,-112.2,180.505,20.672,1.925,3,4,2.394,0.0,2694.596,0.0,11.0
август,BNBUSDT,1787651432942000000,deadline,-5.24,-20.437,-41.899,-31.991,-40.49,-146.415,264.102,49.417,36.109,31.711,15.796,-171.322,-29.88,-60.993,-224.609,32.932,-20.502,-78.194,68.503,4.283,0.569,2,1,0.0,0.0,624.655,0.0,13.0
август,TRUMPUSDT,1787651525698000000,stop,-7.76,-44.643,-72.075,-73.58,-78.477,-184.781,224.239,102.334,13.738,39.442,1.405,-208.178,-110.339,-90.09,-253.725,-61.602,-11.613,-68.944,148.76,83.333,0.52,3,2,1.546,0.0,72.86,0.0,13.0
август,BCHUSDT,1787651528738000000,deadline,-3.9,-44.643,-72.075,-73.58,-78.477,-184.781,224.239,102.334,13.738,39.442,1.405,-208.178,-51.699,-3.711,-295.389,-36.982,74.767,-110.608,92.799,112.613,0.144,4,3,1.597,0.0,6929.561,0.0,13.0
август,1000BONKUSDT,1787654923221000000,stop,-8.39,18.509,19.722,19.507,-23.682,-139.807,209.811,99.312,72.966,23.521,-26.039,-142.481,3.142,-84.086,-233.129,40.997,-60.404,-93.322,172.739,85.524,0.527,5,4,58.171,0.0,7388.728,0.0,14.0
август,ONDOUSDT,1787655778408000000,stop,-2.92,-8.96,-15.238,0.631,36.304,-165.224,225.729,65.977,57.629,9.002,10.255,-97.108,-5.259,58.216,-241.335,220.489,21.912,-76.111,107.866,82.228,0.347,6,5,72.424,0.0,7293.71,0.0,15.0
август,ATOMUSDT,1787658329855000000,stop,-2.5,-20.672,-12.736,7.918,-20.445,-168.783,72.639,55.672,37.092,25.209,-4.517,-118.541,-51.447,-19.355,45.455,-208.861,1.09,214.237,77.569,197.759,0.626,7,6,114.949,0.0,176.315,0.0,15.0
август,BNBUSDT,1787686418228000000,deadline,-1.67,-6.846,-43.065,-41.215,-39.328,-45.995,-7.087,50.001,13.937,-3.174,-63.639,-26.936,-25.744,-35.719,-4.3,-75.423,3.608,41.695,38.715,12.922,0.322,0,1,0.0,1.0,342.158,0.0,23.0
август,NEARUSDT,1787688078469000000,trail,0.83,6.318,15.657,2.752,-30.651,-71.124,22.339,67.944,26.594,6.371,-51.796,-71.611,5.362,-95.541,-245.687,-341.615,-64.89,-174.563,128.617,26.867,0.981,1,2,27.671,0.0,3742.09,0.0,0.0
август,LTCUSDT,1787688191143000000,stop,-8.03,-8.279,8.369,-1.586,-42.795,-78.984,31.135,68.002,18.115,2.643,-61.718,-98.923,1.972,-68.52,-64.63,-141.858,-25.725,14.354,82.791,9.866,0.661,2,3,29.549,0.0,7425.731,0.0,0.0
август,ATOMUSDT,1787688227058000000,stop,-7.82,-8.279,8.369,-1.586,-42.795,-78.984,31.135,68.002,18.115,2.643,-61.718,-98.923,6.494,19.506,19.506,78.483,62.301,98.49,77.872,98.296,0.417,3,4,30.147,1.0,372.375,0.0,0.0
август,TRUMPUSDT,1787690376486000000,stop,-9.44,-9.021,-31.376,-21.75,-29.417,-71.239,-38.764,40.657,2.251,-14.729,-53.811,-106.874,-87.796,-74.725,-57.244,-715.461,-45.308,13.996,186.005,26.643,0.701,4,5,65.971,1.0,526.96,0.0,0.0
август,DRAMUSDT,1787690805192000000,trail,-0.14,-2.828,-28.181,-46.531,-33.867,-100.941,-50.43,81.495,23.884,-6.601,-91.774,-179.21,-28.389,50.072,33.923,342.289,83.938,134.864,83.63,89.767,0.84,5,6,73.116,,,0.0,0.0
август,ADAUSDT,1787690827394000000,deadline,-0.17,-30.166,-54.366,-66.926,-55.705,-130.971,-73.477,89.188,3.029,-14.555,-90.021,-184.919,-112.57,-112.57,-236.22,-405.098,-56.865,-105.25,199.241,28.544,1.333,6,7,73.486,1.0,537.425,0.0,0.0
август,KORUUSDT,1787692084784000000,trail,2.98,-20.08,-33.803,-90.666,-100.277,-126.686,-124.41,135.877,15.052,-8.738,-111.644,-159.856,-38.462,-71.874,186.824,1015.417,28.403,313.51,135.135,216.963,0.268,6,8,94.443,0.0,3619.123,0.0,1.0
август,ATOMUSDT,1787700029442000000,deadline,0.49,-18.996,-19.856,-8.347,-15.921,-54.637,2.337,51.776,123.728,21.146,-20.36,-126.566,-6.527,19.634,-90.615,65.746,35.555,-35.978,97.975,275.168,0.496,4,1,0.0,1.0,132.431,0.0,3.0
август,ATOMUSDT,1787737226353000000,trail,3.67,-9.628,11.065,-42.386,-56.17,-75.57,-170.089,82.864,12.534,1.025,-71.214,-75.484,19.557,-77.469,39.19,-19.481,-21.299,114.76,117.111,58.901,1.957,0,1,0.0,0.0,376.521,0.0,13.0
август,TRUMPUSDT,1787737235000000000,trail,0.06,-9.628,11.065,-42.386,-56.17,-75.57,-170.089,82.864,12.534,1.025,-71.214,-75.484,-22.472,-17.986,-40.377,-923.957,38.185,35.193,121.622,36.166,0.75,1,2,0.144,1.0,752.475,0.0,13.0
август,BNBUSDT,1787744291940000000,deadline,-4.59,-22.813,-35.068,-37.462,-33.142,-73.211,-129.707,63.467,23.251,34.686,-3.141,-7.883,-14.172,35.607,91.664,80.114,68.749,164.875,99.347,158.593,3.544,1,1,0.0,1.0,713.147,0.0,15.0
август,ATOMUSDT,1787750152548000000,stop,-7.75,1.358,-23.583,-16.428,-32.801,-81.236,-85.883,104.567,29.681,-26.933,-46.348,-60.098,-25.674,-19.268,84.361,136.986,13.533,165.597,154.44,183.486,1.771,1,1,0.0,0.0,67.478,0.0,17.0
август,ONDOUSDT,1787754871019000000,trail,1.3,-3.978,-46.476,-42.1,-8.042,-57.354,-144.312,63.967,40.2,4.735,-44.147,-98.642,-79.802,-41.436,-144.888,-376.401,-33.394,-87.534,119.279,22.241,1.192,2,1,0.0,1.0,1516.056,0.0,18.0
август,ATOMUSDT,1787761382755000000,deadline,-4.0,4.655,-9.591,-3.216,23.95,-60.832,-140.929,40.748,59.752,13.798,24.502,-189.022,-19.894,-52.875,-364.917,-169.824,-76.825,-304.084,126.246,66.89,1.01,1,1,0.0,1.0,93.088,0.0,20.0
август,BNBUSDT,1787761617504000000,deadline,1.46,-9.952,-12.382,-4.767,6.864,-77.371,-137.232,33.769,57.547,0.863,-28.075,-251.768,-14.345,18.71,-103.782,-17.209,11.847,-26.41,45.97,66.522,0.603,2,2,3.912,1.0,48.754,0.0,20.0
август,BNBUSDT,1787834115838000000,deadline,1.14,-17.167,1.726,-2.406,-13.726,-55.711,129.345,59.589,36.935,-6.56,-8.986,-86.023,-12.735,-19.796,-89.862,72.784,-6.071,-34.151,39.671,29.842,1.133,0,1,0.0,0.0,951.958,0.0,16.0
август,WIFUSDT,1787834212672000000,trail,0.36,-28.252,-18.257,-14.309,-25.491,-65.789,108.834,59.665,24.025,2.919,-4.151,-78.081,-28.612,-19.093,-242.65,285.293,6.398,-176.862,129.125,77.108,0.431,1,2,1.614,0.0,9978.771,0.0,16.0
август,ATOMUSDT,1787835244629000000,trail,2.65,-2.271,-3.62,-29.203,-22.035,-69.324,123.778,43.8,20.269,4.241,-0.13,-93.848,-13.236,-13.236,-91.924,-270.793,8.798,-22.6,66.269,66.711,0.27,2,3,18.813,1.0,987.207,0.0,16.0
август,ETHFIUSDT,1787837403572000000,trail,0.29,-8.466,-2.345,9.137,-25.341,-143.119,166.6,38.922,28.716,13.524,23.523,-83.128,-12.03,1.721,-165.821,273.997,27.062,-22.701,103.235,86.775,0.496,3,4,54.796,,,0.0,17.0
август,WIFUSDT,1787837653577000000,trail,0.24,-21.637,-11.189,-9.147,-24.654,-134.678,124.316,52.258,16.837,1.25,-26.473,-137.033,-23.73,28.626,-168.382,421.418,53.28,-33.703,147.479,130.12,0.554,3,5,58.962,0.0,2.146,0.0,17.0
август,ATOMUSDT,1787860460959000000,deadline,5.47,2.114,-3.325,-12.253,-3.175,-45.226,195.647,44.781,33.4,18.373,22.916,-10.898,-6.532,26.212,99.01,261.569,29.388,144.236,52.288,139.165,0.297,0,1,0.0,0.0,172.505,0.0,23.0
август,KORUUSDT,1787865092700000000,trail,-0.11,6.013,11.069,8.728,11.457,-58.782,181.033,23.837,43.149,20.058,30.602,-35.508,-23.596,-37.7,-9.452,-253.573,-49.157,49.33,66.225,317.228,0.265,1,1,0.0,0.0,2757.971,0.0,1.0
август,LTCUSDT,1787865510251000000,deadline,3.39,-11.109,5.113,7.002,10.344,-82.214,158.698,25.803,41.192,8.467,14.318,-69.383,14.039,-4.004,-81.446,0.0,-14.348,0.767,48.067,56.395,0.56,2,2,6.959,1.0,2890.38,0.0,1.0
август,ASTERUSDT,1787866770833000000,deadline,1.49,-8.541,-2.736,-4.26,5.777,-72.958,165.142,25.806,40.088,-25.586,-16.935,-57.859,-23.984,-18.351,-91.087,-78.574,-24.128,-18.13,73.54,25.521,0.383,3,3,27.969,0.0,20216.711,0.0,1.0
август,ATOMUSDT,1787889429314000000,stop,-8.35,-3.145,-9.706,-21.503,-14.495,-54.718,125.946,37.03,20.337,9.876,4.421,,-6.527,-32.552,-192.184,254.521,-18.057,-137.466,84.912,39.344,0.583,0,1,0.0,0.0,240.284,0.0,7.0
август,WLDUSDT,1787890008911000000,deadline,-0.96,-15.491,-11.059,-27.315,-30.871,-60.213,112.286,45.854,6.984,8.193,-11.276,-132.662,-34.534,-2.475,-167.924,9.911,28.397,-107.711,136.139,94.953,0.62,1,2,9.66,0.0,12714.354,0.0,8.0
август,CRVUSDT,1787890124300000000,deadline,-1.76,-9.739,-10.853,-19.971,-11.454,-52.554,118.313,56.796,17.898,17.085,-7.694,-135.656,-24.953,0.0,-187.174,253.286,11.454,-134.62,112.57,31.368,0.333,2,3,11.583,1.0,12774.661,0.0,8.0
август,WIFUSDT,1787890172776000000,trail,1.31,-13.906,-23.1,-19.512,-21.938,-59.698,112.09,56.843,9.678,14.337,-3.36,-117.547,-64.635,0.0,-64.635,189.394,21.938,-4.937,148.699,74.906,0.403,3,4,12.391,0.0,837.088,0.0,8.0
август,KORUUSDT,1787893680191000000,trail,0.78,5.707,-6.478,-5.826,-13.55,-134.916,121.666,53.468,9.884,-3.574,0.0,-200.872,-23.585,0.0,-112.202,-181.058,13.55,22.714,118.203,81.03,0.475,3,5,70.848,1.0,303.765,0.0,9.0
август,WIFUSDT,1787894318066000000,trail,1.61,8.813,7.856,-6.151,-37.614,-142.143,129.534,55.542,15.65,-3.925,-49.802,-228.562,-18.605,-110.599,-236.579,223.916,-72.985,-94.435,130.475,46.816,0.295,4,6,81.479,0.0,43.008,0.0,9.0
август,ICPUSDT,1787894395682000000,deadline,-0.63,10.72,-0.603,6.696,-34.693,-159.942,134.072,55.516,20.392,-9.594,-58.578,-236.275,-12.448,-57.827,-298.267,16.646,-23.135,-138.324,66.473,29.167,0.326,5,7,82.773,0.0,12848.358,0.0,9.0
август,ATOMUSDT,1787910270058000000,deadline,2.09,-10.761,-7.966,-8.293,-54.396,-61.166,-118.35,64.595,9.912,31.301,-48.514,-51.022,-26.846,-66.845,-204.351,-191.419,-12.449,-143.185,100.942,33.761,1.583,0,1,0.0,1.0,109.718,0.0,13.0
август,LTCUSDT,1787910297341000000,deadline,1.4,-10.761,-7.966,-8.293,-54.396,-61.166,-118.35,64.595,9.912,31.301,-48.514,-51.022,-28.548,-30.581,-67.032,-293.767,23.815,-5.866,44.99,8.187,0.407,1,2,0.455,0.0,488.193,0.0,13.0
август,WLDUSDT,1787911233307000000,trail,0.48,-5.322,1.78,-13.283,-29.793,-51.023,-90.275,35.535,5.644,35.06,-16.619,-57.331,7.578,0.0,-117.236,-207.612,29.793,-66.214,116.103,117.467,0.579,2,3,16.054,1.0,113.241,0.0,14.0
август,ONDOUSDT,1787911255391000000,trail,1.65,-5.322,1.78,-13.283,-29.793,-51.023,-90.275,35.535,5.644,35.06,-16.619,-57.331,5.47,-19.1,-70.575,-268.688,10.694,-19.553,87.479,27.412,0.734,3,4,16.422,0.0,2400.406,0.0,14.0
август,BCHUSDT,1787911339027000000,trail,0.46,-3.002,-2.347,-13.723,-16.894,-65.13,-93.361,30.892,5.568,27.072,-17.486,-72.345,-3.804,42.033,-49.224,-259.451,58.927,15.906,79.909,61.256,1.653,4,5,17.816,1.0,4088.867,0.0,14.0
август,WIFUSDT,1787911406175000000,trail,3.25,-5.539,-5.047,-13.918,-13.931,-70.987,-91.456,30.906,1.124,28.43,-17.922,-79.744,-28.182,-14.111,-116.387,61.611,-0.18,-45.4,136.599,14.151,0.238,5,6,18.935,0.0,176.378,0.0,14.0
август,ADAUSDT,1787911470893000000,trail,1.1,-9.779,-9.073,-23.312,-22.545,-74.826,-99.289,35.125,1.011,22.022,-20.335,-90.535,-72.115,-100.671,-161.982,-377.446,-78.126,-87.156,140.436,4.845,1.292,6,7,20.014,1.0,3433.568,0.0,14.0
август,ICPUSDT,1787911647480000000,trail,0.46,-15.307,-24.283,-25.654,-27.69,-84.763,-123.243,41.164,0.468,1.264,-51.872,-121.773,-46.006,-37.673,-149.007,-281.748,-9.983,-64.244,71.429,8.41,0.47,7,8,22.957,1.0,36.333,0.0,14.0
август,KORUUSDT,1787913316194000000,trail,3.48,4.958,17.191,19.963,-7.233,-62.415,-34.406,57.814,44.875,20.163,1.5,-54.245,-19.029,-9.524,-89.75,-340.7,-2.291,-27.334,47.664,52.707,0.214,8,9,50.769,0.0,245.673,0.0,14.0
август,KORUUSDT,1787936799896000000,trail,3.53,1.725,-16.284,-7.088,-53.179,-217.352,-326.168,184.539,111.371,-37.577,-8.597,-240.178,-81.379,-253.998,-272.3,-217.186,-200.819,-54.949,376.448,38.76,0.935,0,1,0.0,0.0,216.455,0.0,21.0
август,ATOMUSDT,1787940782455000000,deadline,0.74,1.222,-8.466,1.054,-17.969,-109.774,-308.427,60.948,123.229,-0.082,-36.582,-120.787,-13.514,-20.257,-20.257,-346.179,-2.287,89.518,54.127,193.103,0.376,0,1,0.0,0.0,268.528,0.0,22.0
август,ONDOUSDT,1787940843396000000,deadline,-0.38,-6.069,-15.966,-1.852,-22.323,-106.435,-285.516,60.982,117.684,2.22,-43.262,-120.791,-53.446,-84.128,-232.044,-585.729,-61.805,-125.609,110.294,76.945,0.478,1,2,1.016,0.0,390.096,0.0,22.0
август,DRAMUSDT,1787943000506000000,deadline,-0.68,-15.208,-35.025,-47.436,-84.662,-236.353,-333.127,96.643,58.497,-27.243,-140.629,-406.074,-21.417,-33.868,-142.807,7.159,50.794,93.546,35.772,59.374,0.323,2,3,36.968,1.0,3983.975,0.0,22.0
август,XLMUSDT,1787946356271000000,deadline,3.36,-11.251,-21.114,-17.349,15.079,-158.976,-307.598,71.476,89.008,39.045,69.056,-176.892,-11.249,56.625,-160.665,-461.869,41.546,-1.689,118.243,142.776,0.587,3,4,92.897,0.0,4794.528,0.0,23.0
август,BNBUSDT,1787946391336000000,deadline,0.5,-12.564,-17.542,-15.986,21.451,-156.356,-310.963,71.478,88.722,35.014,66.013,-182.548,-5.806,39.364,-131.843,-313.687,17.914,24.513,71.159,51.087,0.758,4,5,93.481,0.0,1614.363,0.0,23.0
август,WIFUSDT,1787946481975000000,trail,0.76,-19.495,-19.791,-24.29,23.682,-168.446,-311.743,71.523,82.487,42.489,57.531,-217.121,0.0,74.888,-408.745,-934.412,51.206,-240.3,143.707,100.1,0.476,5,6,94.992,0.0,433.438,0.0,23.0
август,1000PEPEUSDT,1787950375100000000,deadline,1.65,2.417,7.708,-8.728,1.861,-55.069,-322.385,42.09,19.785,-22.423,10.968,-55.209,21.852,10.914,-91.817,-570.547,9.053,-36.748,54.511,113.01,0.309,6,1,0.0,0.0,13779.085,1.0,0.0
август,WLDUSDT,1787950442318000000,trail,1.4,-7.763,-0.052,-12.447,-8.202,-58.119,-322.15,42.105,16.043,-10.761,4.342,-79.586,-10.576,-73.568,-290.414,-814.491,-65.366,-232.295,105.876,23.879,0.513,7,2,1.12,0.0,523.03,1.0,0.0
август,TRUMPUSDT,1788122410388000000,stop,-10.93,-13.811,-27.925,-23.006,-10.692,-53.633,72.288,30.279,0.28,-1.15,-37.721,-61.45,-102.443,-35.7,-198.986,-619.866,-25.008,-145.352,218.949,88.353,0.62,0,1,0.0,0.0,6394.703,0.0,0.0
август,CRCLUSDT,1788122410524000000,stop,-8.27,-13.811,-27.925,-23.006,-10.692,-53.633,72.288,30.279,0.28,-1.15,-37.721,-61.45,-8.932,-8.932,-66.6,148.56,1.76,-12.967,24.584,8.948,0.473,1,2,0.002,0.0,19777.83,0.0,0.0
август,BNBUSDT,1788122410740000000,stop,-7.77,-13.811,-27.925,-23.006,-10.692,-53.633,72.288,30.279,0.28,-1.15,-37.721,-61.45,-18.582,-4.294,-54.123,86.668,6.397,-0.49,31.505,10.034,0.876,2,3,0.006,0.0,2663.656,0.0,0.0
август,ADAUSDT,1788123695594000000,trail,0.52,-25.921,-10.415,-37.636,-52.919,-98.826,49.622,70.675,13.682,-19.377,-50.706,-117.199,0.0,-122.911,-223.844,-9.945,-69.991,-125.018,179.194,39.98,1.534,3,4,21.42,0.0,3390.7,0.0,1.0
август,DRAMUSDT,1788123706707000000,stop,-2.58,-25.921,-10.415,-37.636,-52.919,-98.826,49.622,70.675,13.682,-19.377,-50.706,-117.199,0.0,-15.966,-49.505,-30.115,36.953,49.321,21.322,5.333,0.999,4,5,21.605,1.0,2770.995,0.0,1.0
август,KORUUSDT,1788126120500000000,stop,-7.72,-9.521,0.713,21.421,-11.413,-50.662,70.034,71.545,55.476,-55.745,-14.832,-90.184,-28.182,-18.806,-212.079,-37.541,-7.393,-161.417,51.813,14.151,0.508,5,6,61.835,0.0,3106.12,0.0,1.0
август,SPCXUSDT,1788131413891000000,deadline,-0.28,4.561,-12.64,-17.568,-39.941,-83.622,15.221,48.607,18.117,-14.836,-111.997,-226.659,-4.972,-12.067,-20.567,-2.132,27.874,63.055,13.503,0.0,2.298,3,1,0.0,0.0,10936.978,0.0,3.0
август,ONDOUSDT,1788131668652000000,stop,-7.99,-0.14,-12.574,-17.259,-26.158,-84.998,14.782,40.208,20.228,-10.713,-85.152,-224.974,-39.784,-121.195,-317.68,-68.008,-95.037,-232.681,131.241,5.709,1.376,4,2,4.246,1.0,2937.245,0.0,3.0
август,WIFUSDT,1788131826076000000,stop,-5.19,-14.146,-7.786,-14.642,-23.626,-83.587,11.228,37.043,16.287,-14.139,-90.011,-223.981,-25.523,-96.3,-331.519,-302.73,-72.674,-247.932,174.002,35.953,2.752,5,3,6.87,0.0,2971.377,0.0,3.0
август,ADAUSDT,1788131826695000000,stop,-5.21,-14.146,-7.786,-14.642,-23.626,-83.587,11.228,37.043,16.287,-14.139,-90.011,-223.981,-45.455,-135.135,-366.569,-203.777,-111.509,-282.982,182.648,20.336,3.694,6,4,6.88,0.0,54.675,0.0,3.0
август,ATOMUSDT,1788131826958000000,stop,-5.23,-14.146,-7.786,-14.642,-23.626,-83.587,11.228,37.043,16.287,-14.139,-90.011,-223.981,6.789,-40.541,-120.643,-166.778,-16.915,-37.056,94.98,102.81,1.035,7,5,6.884,0.0,2933.796,0.0,3.0
август,JUPUSDT,1788131832328000000,trail,0.26,-14.146,-7.786,-14.642,-23.626,-83.587,11.228,37.043,16.287,-14.139,-90.011,-223.981,-33.097,-140.318,-409.463,-343.564,-116.692,-325.876,175.522,4.746,1.568,8,6,6.974,0.0,16703.191,0.0,3.0
август,ATOMUSDT,1788138204052000000,deadline,0.23,-2.336,-2.721,-0.462,30.907,-57.517,-30.309,97.302,128.973,17.278,69.449,,0.0,27.491,-47.749,-188.299,-3.416,9.768,109.664,181.438,0.676,1,1,0.0,1.0,77.364,0.0,5.0
август,TRUMPUSDT,1788140305899000000,stop,-2.6,5.159,3.756,16.833,-30.099,-106.623,-33.523,69.276,113.849,-24.241,-77.937,,-71.339,-29.499,-566.188,-969.466,0.6,-459.566,152.156,390.865,0.48,2,2,35.031,1.0,188.075,0.0,5.0
август,BNBUSDT,1788140599835000000,deadline,1.54,-3.832,-1.518,23.917,-34.672,-107.041,-33.753,69.303,109.974,-23.044,-48.809,,-7.298,-36.385,-163.793,-91.185,-1.713,-56.752,59.889,85.445,0.907,3,3,39.93,1.0,121.748,0.0,5.0
август,BNBUSDT,1788183204336000000,deadline,1.03,-10.942,-17.447,-30.815,-27.419,-97.625,-106.306,82.176,39.943,-1.134,11.143,-33.362,-10.201,-17.475,-26.189,-159.345,9.944,71.436,48.14,23.395,1.13,0,1,0.0,0.0,460.247,0.0,17.0
август,ATOMUSDT,1788183928937000000,trail,0.4,-18.642,-7.883,-11.314,13.462,-90.671,-101.857,66.717,50.993,-27.135,8.606,-57.905,-13.643,27.397,-47.587,-174.497,13.936,43.084,102.459,61.856,0.265,1,2,12.077,0.0,520.389,0.0,17.0
август,TRUMPUSDT,1788183973300000000,trail,2.18,-20.594,-33.863,-15.898,11.21,-107.621,-117.576,66.788,40.407,-23.751,-5.004,-67.937,-63.158,-12.696,-146.138,-766.823,-23.906,-38.517,152.542,85.47,0.62,2,3,12.816,1.0,706.036,0.0,17.0
август,STORJUSDT,1788184238961000000,deadline,-1.1,-11.391,-15.195,-7.392,15.976,-97.465,-133.252,65.24,39.544,-25.175,-1.337,-81.501,-6.046,-39.168,-116.592,-689.946,-55.144,-19.127,93.769,3.026,0.188,3,4,17.244,1.0,24566.261,0.0,17.0
август,ADAUSDT,1788217209192000000,trail,-0.11,-4.708,-8.79,-21.977,-47.718,-55.505,19.325,56.998,1.846,10.38,-20.72,-4.626,-20.121,-35.158,-65.098,10.091,12.559,-9.593,65.524,45.57,0.275,0,1,0.0,1.0,1409.946,0.0,3.0
август,1000PEPEUSDT,1788217209991000000,deadline,-0.9,-4.708,-8.79,-21.977,-47.718,-55.505,19.325,56.998,1.846,10.38,-20.72,-4.626,11.239,-27.988,-58.594,-124.723,19.73,-3.089,58.939,28.145,0.431,1,2,0.013,0.0,4195.675,0.0,3.0
август,DASHUSDT,1788217210102000000,trail,2.96,-4.708,-8.79,-21.977,-47.718,-55.505,19.325,56.998,1.846,10.38,-20.72,-4.626,13.417,-86.34,-452.026,235.429,-38.623,-396.521,133.988,35.858,0.544,2,3,0.015,1.0,30467.248,0.0,3.0
август,LTCUSDT,1788217329253000000,deadline,2.13,-11.725,-15.386,-33.13,-60.807,-71.749,13.989,68.291,5.292,15.108,-40.21,-14.511,-10.301,-34.936,-79.787,-53.333,25.871,-8.038,35.059,0.0,0.348,3,4,2.001,0.0,4868.604,0.0,3.0
август,TRUMPUSDT,1788218271098000000,trail,0.2,5.343,-0.319,-15.704,-43.668,-81.19,21.472,59.97,12.251,10.05,-15.321,-18.683,-24.722,-41.135,-49.322,16.549,2.532,31.868,90.872,45.643,0.61,4,5,17.698,0.0,524.151,0.0,3.0
сентябрь,TRUMPUSDT,1788228128601000000,trail,2.85,-9.277,-19.198,-10.526,-45.593,-81.697,95.041,61.167,1.086,0.419,-30.183,,-37.578,-111.894,-237.316,249.141,-66.301,-155.619,155.071,16.793,1.031,0,1,0.0,,,0.0,6.0
сентябрь,WIFUSDT,1788228156267000000,trail,3.85,-9.277,-19.198,-10.526,-45.593,-81.697,95.041,61.167,1.086,0.419,-30.183,,-15.252,-90.817,-95.814,336.842,-45.224,-14.118,132.383,30.644,0.633,1,2,0.461,,,0.0,6.0
сентябрь,BNBUSDT,1788228199135000000,deadline,0.16,-10.182,-27.754,-14.196,-43.606,-80.93,95.835,61.168,1.047,0.646,-34.677,,-18.786,-33.189,-21.67,123.113,10.417,59.26,47.778,15.951,0.383,2,3,1.176,,,0.0,6.0
сентябрь,ICPUSDT,1788229148961000000,deadline,3.65,0.077,-8.766,-37.37,-50.934,-77.309,46.667,61.733,8.627,-3.226,-28.465,,-29.094,-66.253,33.459,143.763,-15.319,110.767,104.21,41.859,0.69,3,4,17.006,,,0.0,6.0
сентябрь,KORUUSDT,1788230152394000000,trail,4.93,19.749,12.437,5.914,-13.335,-45.785,68.249,54.332,26.816,13.538,-0.681,,-117.98,-47.529,9.56,629.442,-34.193,55.345,191.022,72.15,2.233,4,5,33.73,,,0.0,6.0
сентябрь,BNBUSDT,1788250191738000000,deadline,-0.65,-32.29,-42.319,-37.884,-61.017,-57.975,23.226,67.357,4.409,14.279,-53.182,-50.68,-20.299,-26.083,-67.821,48.175,34.934,-9.846,31.963,2.907,1.118,0,1,0.0,0.0,96.543,0.0,12.0
сентябрь,TRUMPUSDT,1788250265686000000,trail,1.81,-26.017,-45.181,-25.458,-53.706,-55.008,16.134,67.358,4.345,15.84,-78.432,-73.526,-12.744,-75.981,-208.247,-208.247,-22.275,-153.239,157.38,38.429,0.94,1,2,1.232,0.0,263.951,0.0,12.0
сентябрь,NEARUSDT,1788253952764000000,trail,7.71,3.42,-6.024,-4.291,-61.213,-132.129,-98.474,74.944,8.799,-13.083,-87.414,-170.018,-20.725,15.601,-183.486,433.369,76.813,-51.357,88.266,36.477,0.924,2,1,0.0,,,0.0,13.0
сентябрь,BNBUSDT,1788279657034000000,deadline,-1.59,-7.755,-39.473,-58.813,-27.256,-46.196,-140.805,75.92,23.622,8.502,-10.608,-41.996,-26.243,-13.139,-27.697,-71.118,14.118,18.5,45.315,17.572,0.495,0,1,0.0,1.0,235.068,0.0,20.0
сентябрь,STORJUSDT,1788281423174000000,trail,9.83,20.09,13.441,-1.56,-60.364,-50.966,-142.769,102.61,36.896,-18.687,-108.159,-25.494,15.748,-46.948,-34.472,-325.525,13.415,16.494,132.075,63.291,0.426,1,2,29.436,,,0.0,20.0
сентябрь,ATOMUSDT,1788284803454000000,deadline,-3.49,-7.443,-9.518,0.568,-0.736,-52.585,-175.141,44.304,25.016,5.346,26.554,-16.587,-20.188,40.623,74.728,88.435,41.359,127.313,74.174,95.303,0.766,1,3,85.774,,,0.0,21.0
сентябрь,BNBUSDT,1788297062539000000,deadline,3.25,-21.932,-39.138,-27.222,-19.297,-48.072,-216.176,49.341,98.489,-2.205,-21.072,-56.825,-26.463,-11.779,-71.711,-173.812,7.519,-23.639,42.748,63.789,1.538,1,1,0.0,1.0,34.136,0.0,1.0
сентябрь,NEARUSDT,1788297467468000000,deadline,-3.44,-3.296,-41.838,-37.229,-33.904,-45.107,-219.537,61.055,89.217,-10.882,-52.199,-71.747,-73.607,-36.939,-273.055,101.659,-3.036,-227.949,158.898,15.915,0.832,2,2,6.749,0.0,529.54,0.0,1.0
сентябрь,ONDOUSDT,1788313800216000000,deadline,9.78,-8.978,-32.75,-64.246,-56.114,-45.569,-215.668,73.439,0.742,-22.079,-71.983,,-59.172,-94.34,-129.26,-314.212,-38.226,-83.691,119.048,5.956,1.462,0,1,0.0,,,0.0,5.0
сентябрь,ATOMUSDT,1788337981650000000,deadline,-0.8,-25.317,-37.316,-31.468,-62.316,-47.103,-92.121,65.094,0.804,4.967,-37.935,-8.372,-41.04,13.755,-54.645,-155.51,76.072,-7.542,68.681,34.459,1.025,0,1,0.0,1.0,646.293,0.0,12.0
сентябрь,WIFUSDT,1788338539769000000,deadline,-0.11,-6.577,-30.451,-44.546,-72.719,-58.242,-103.149,75.679,2.428,-15.107,-61.006,-32.305,-81.591,-131.913,-186.68,-10.272,-59.194,-128.438,143.959,5.144,0.395,1,2,9.302,0.0,1626.811,0.0,12.0
сентябрь,ONDOUSDT,1788338878317000000,deadline,0.17,-11.125,-24.372,-64.314,-76.359,-78.291,-130.984,88.655,8.923,-32.176,-62.319,-55.858,-40.912,-78.603,-75.713,-141.741,-2.244,2.577,132.042,23.529,0.854,2,3,14.944,0.0,176.107,0.0,12.0
сентябрь,LTCUSDT,1788338945342000000,deadline,-0.06,-16.614,-32.164,-67.499,-88.264,-89.797,-136.335,96.466,4.413,-26.299,-76.719,-64.468,-28.583,-83.249,-115.361,88.825,5.015,-25.564,88.043,4.097,1.273,3,4,16.062,,,0.0,12.0
сентябрь,TRUMPUSDT,1788342131800000000,deadline,0.0,2.521,-26.397,-53.404,-58.207,-141.263,-173.62,69.816,11.268,-66.456,-63.269,-152.899,-35.923,-44.863,-301.573,-565.476,13.344,-160.31,126.183,22.584,1.17,4,5,69.169,0.0,1300.251,0.0,13.0
сентябрь,HBARUSDT,1788345091131000000,deadline,4.21,-9.828,-7.35,-17.607,-27.375,-122.354,-196.003,41.129,12.925,-13.002,-66.198,-118.423,-16.371,-42.183,-81.323,-186.402,-14.808,41.031,50.56,8.206,1.207,5,6,118.491,,,0.0,14.0
сентябрь,BNBUSDT,1788345163941000000,deadline,3.04,-17.255,-13.918,-19.274,-26.432,-126.153,-204.367,36.936,5.625,-12.555,-53.498,-117.715,-4.394,-14.633,-64.065,-69.849,11.799,62.088,33.705,16.146,1.635,6,7,119.705,0.0,554.945,0.0,14.0
сентябрь,PUMPFUNUSDT,1788346122723000000,trail,2.59,-6.521,2.668,-18.39,-12.537,-139.192,-209.795,39.699,7.236,-32.116,-28.716,-165.125,16.722,-82.781,-302.96,-534.989,-70.244,-163.769,143.096,26.303,0.645,7,8,135.685,,,0.0,14.0
сентябрь,DRAMUSDT,1788346899196000000,trail,2.96,11.528,8.533,7.316,-10.303,-129.648,-172.781,62.157,52.1,-2.717,-23.876,-148.413,-1.83,-1.83,-85.284,-188.544,8.473,44.364,32.943,14.663,0.561,8,9,148.626,,,0.0,15.0
сентябрь,STORJUSDT,1788347112874000000,trail,2.04,-15.447,13.752,9.116,-5.224,-136.981,-188.784,62.053,43.649,-10.172,-34.566,-204.715,9.665,-48.046,-111.394,-335.925,-42.822,25.587,106.212,16.119,0.414,9,10,152.187,0.0,1043.458,0.0,15.0
сентябрь,BNBUSDT,1788387727240000000,deadline,1.57,-11.256,-9.741,-32.507,-28.442,-47.022,-15.089,51.035,1.935,-14.968,-29.399,-16.581,-4.373,-26.182,-21.828,82.341,2.26,25.195,46.668,8.758,1.132,0,1,0.0,0.0,452.683,0.0,2.0
сентябрь,ATOMUSDT,1788483059935000000,deadline,2.06,-12.957,-22.174,-9.031,-13.719,-50.088,524.814,43.952,29.425,6.134,,,-33.156,-6.649,-111.842,379.834,7.07,-61.754,73.187,13.324,0.626,0,1,0.0,1.0,2175.926,0.0,4.0
сентябрь,LTCUSDT,1788483316851000000,deadline,0.18,-10.507,-43.891,-26.521,-30.695,-50.886,512.882,54.196,18.887,17.732,,,-52.509,-52.509,-100.639,304.19,-21.814,-49.752,86.022,1.955,1.119,1,2,4.282,1.0,2163.404,0.0,4.0
сентябрь,NEARUSDT,1788483511265000000,deadline,0.28,-21.099,-44.4,-22.969,-37.291,-58.527,503.034,59.736,8.93,14.873,,,-56.295,-51.203,-152.053,435.016,-13.912,-93.526,87.494,10.304,0.917,2,3,7.522,1.0,2860.72,0.0,4.0
сентябрь,ONDOUSDT,1788483782700000000,deadline,2.85,8.045,-15.103,-31.817,-19.311,-50.7,505.552,60.182,16.982,3.783,-50.415,,-57.851,-52.37,-176.919,391.592,-33.059,-126.219,119.147,8.319,0.935,3,4,12.046,0.0,2170.493,0.0,5.0
сентябрь,XLMUSDT,1788494572571000000,deadline,0.44,-6.679,-8.175,-3.378,-14.51,-51.962,400.893,28.246,19.707,-16.007,-21.355,-41.241,-5.459,-21.798,-81.257,315.493,-7.288,-29.294,60.076,60.44,0.275,4,1,0.0,,,0.0,8.0
сентябрь,ATOMUSDT,1788537717745000000,deadline,3.79,-11.454,-20.16,0.113,66.458,-227.6,-232.953,96.893,95.619,-21.476,78.286,-184.933,-26.991,20.339,-339.869,-308.197,-46.119,-112.269,74.425,193.103,0.65,0,1,0.0,0.0,670.34,0.0,20.0
сентябрь,ATOMUSDT,1788753746556000000,trail,2.64,-2.751,-1.62,-8.549,-31.449,-83.439,-48.449,53.183,9.067,-29.173,-47.392,-73.673,-12.618,-93.867,-62.775,0.0,-62.418,20.664,126.342,50.794,0.413,0,1,0.0,0.0,3360.468,0.0,8.0
сентябрь,ADAUSDT,1788755073694000000,trail,0.58,5.048,6.318,12.455,-14.139,-55.931,-25.328,33.238,19.103,-26.248,-3.747,-75.399,4.562,-67.935,-201.072,-45.393,-53.796,-145.142,100.319,32.022,1.359,1,2,22.119,,,0.0,8.0
сентябрь,BNBUSDT,1788755712039000000,deadline,-0.2,1.37,-9.666,-2.864,-13.965,-65.696,-35.346,23.673,8.64,-12.811,0.874,-98.41,-5.361,-20.075,-77.179,-213.911,-6.11,-11.483,41.572,17.464,0.631,2,3,32.758,0.0,5863.08,0.0,8.0
сентябрь,KORUUSDT,1788766561600000000,deadline,0.1,-29.611,-43.95,-47.629,-61.081,-58.623,-73.713,70.472,5.812,-16.473,-38.115,0.048,-33.827,-42.248,81.266,81.266,18.833,139.889,89.096,102.872,0.698,1,1,0.0,0.0,8800.185,0.0,11.0
сентябрь,ADAUSDT,1788766866494000000,trail,3.38,-11.491,-52.852,-66.505,-69.747,-66.106,-88.014,79.301,6.021,-20.991,-67.309,-22.258,-132.784,-182.232,-177.758,-137.3,-112.485,-111.652,199.536,0.0,2.218,2,2,5.082,0.0,62.815,0.0,11.0
сентябрь,BNBUSDT,1788773644422000000,deadline,0.28,-4.254,-10.377,-0.189,-2.87,-47.257,-66.888,18.56,62.833,3.954,35.94,-4.178,-9.393,4.031,-46.791,-180.691,6.901,0.466,40.296,71.699,0.5,2,1,0.0,1.0,28.873,0.0,13.0
сентябрь,ATOMUSDT,1788773644621000000,trail,12.03,-4.254,-10.377,-0.189,-2.87,-47.257,-66.888,18.56,62.833,3.954,35.94,-4.178,-36.81,-42.918,175.439,175.439,-40.048,222.696,92.365,233.144,1.407,3,2,0.003,0.0,120.856,0.0,13.0
сентябрь,BNBUSDT,1788791961829000000,deadline,-1.76,4.039,-4.061,-13.777,-47.868,-45.937,-73.788,53.718,5.572,-30.585,-51.209,-2.59,-17.478,-45.583,-16.136,-21.502,2.285,29.801,48.485,0.0,0.848,0,1,0.0,0.0,48.126,0.0,18.0
сентябрь,WIFUSDT,1788794953873000000,deadline,0.42,-6.336,-2.581,-19.249,-4.693,-47.093,-70.917,59.224,30.706,-1.064,-32.702,-5.726,-73.733,-50.808,-195.721,189.215,-46.116,-148.628,190.344,13.947,1.345,1,2,49.867,1.0,7366.726,0.0,19.0
сентябрь,KORUUSDT,1788796526700000000,trail,7.19,-0.952,9.234,-34.397,-52.724,-72.236,-102.298,74.868,21.899,-17.536,-131.352,-68.376,-12.658,-4.223,46.689,237.889,48.501,118.925,29.573,72.34,0.388,2,3,76.081,0.0,259.237,0.0,19.0
сентябрь,ATOMUSDT,1788801668556000000,deadline,-1.6,4.021,15.773,21.685,34.803,-59.604,-66.53,46.412,61.666,29.269,52.066,-76.624,-24.111,54.678,-218.676,421.914,19.875,-159.073,163.142,128.519,0.998,2,1,0.0,0.0,236.44,0.0,21.0
сентябрь,ATOMUSDT,1788843272858000000,deadline,4.58,-7.503,-11.219,-7.909,-21.68,-66.514,-118.161,26.517,4.729,6.54,-7.819,-61.615,-6.09,67.485,30.562,379.507,89.164,97.076,109.689,117.139,1.352,0,1,0.0,1.0,452.385,0.0,8.0
сентябрь,ONDOUSDT,1788843633314000000,trail,1.2,-7.04,-14.348,-17.91,-28.68,-80.173,-130.876,33.964,1.564,-1.62,-24.356,-98.767,-42.395,-87.048,-316.929,-172.594,-58.368,-236.756,111.762,2.662,0.731,1,2,6.008,0.0,5756.052,0.0,9.0
сентябрь,LTCUSDT,1788848281453000000,deadline,5.38,-1.338,0.714,-15.062,-30.383,-99.935,-154.612,60.976,15.108,-1.762,-34.048,-159.178,-29.064,-79.523,-159.555,18.252,-49.14,-59.621,96.557,10.943,0.473,1,1,0.0,0.0,5842.722,0.0,10.0
сентябрь,ADAUSDT,1788848376694000000,deadline,8.57,-7.181,-10.005,-19.66,-37.826,-97.256,-152.375,60.981,14.368,-6.509,-48.471,-168.294,-45.914,-68.713,-234.234,-190.045,-30.887,-136.978,110.701,9.234,1.661,2,2,1.587,0.0,1225.4,0.0,10.0
сентябрь,XLMUSDT,1788952014577000000,trail,0.69,-15.988,-28.037,-43.382,-31.635,-62.983,40.701,55.496,4.752,-7.842,-21.677,-113.299,-37.254,-26.638,-168.067,-147.368,4.997,-105.084,74.786,5.345,0.474,0,1,0.0,0.0,7383.038,0.0,15.0
сентябрь,BCHUSDT,1788975179844000000,deadline,-6.44,-14.418,-8.831,6.582,-0.102,-99.052,25.718,27.735,93.247,-7.075,57.171,-67.452,0.0,34.965,-42.406,27.174,35.067,56.646,65.815,205.452,0.856,0,1,0.0,,,0.0,21.0
сентябрь,DRAMUSDT,1788983844192000000,deadline,-0.29,-12.583,-18.449,-44.278,-30.885,-51.196,-16.537,58.059,10.077,-43.42,-126.491,-93.493,-22.654,-17.808,9.74,104.884,13.077,60.936,71.359,66.939,1.165,1,1,0.0,0.0,10448.513,0.0,23.0
сентябрь,ADAUSDT,1788985761295000000,trail,0.07,1.458,-0.575,-1.138,-38.145,-47.895,-45.07,56.068,13.96,-26.487,-95.751,-88.966,-42.036,-156.971,-111.317,-361.664,-118.827,-63.422,215.76,51.862,1.549,2,2,31.952,0.0,2048.868,0.0,0.0
сентябрь,BNBUSDT,1788985761440000000,stop,-7.68,1.458,-0.575,-1.138,-38.145,-47.895,-45.07,56.068,13.96,-26.487,-95.751,-88.966,0.0,-51.351,-33.843,-182.691,-13.207,14.052,74.708,23.145,2.094,3,3,31.954,1.0,2987.863,0.0,0.0
сентябрь,KORUUSDT,1788989667398000000,stop,-7.68,-9.421,3.392,-12.128,-11.004,-77.47,-41.323,34.035,34.022,2.901,0.0,-135.622,-8.2,28.807,20.559,200.921,39.811,98.03,82.068,86.921,0.184,4,1,0.0,0.0,3134.173,0.0,1.0
сентябрь,ADAUSDT,1788990500695000000,deadline,-1.76,-15.226,-13.873,-3.2,-12.481,-76.163,-49.916,34.059,26.91,-5.196,-51.408,-159.619,-46.86,-42.194,-216.49,-323.462,-29.713,-140.327,94.162,33.066,1.224,3,2,13.888,0.0,0.271,0.0,1.0
сентябрь,BNBUSDT,1789033102024000000,deadline,-3.8,-4.394,-15.611,-17.515,-12.058,-53.21,-161.636,24.133,25.351,5.545,-24.945,-142.512,-22.281,-31.998,-78.926,-518.724,-19.939,-25.715,34.892,20.979,0.235,0,1,0.0,1.0,689.503,0.0,13.0
сентябрь,LTCUSDT,1789033121549000000,deadline,1.25,-4.394,-15.611,-17.515,-12.058,-53.21,-161.636,24.133,25.351,5.545,-24.945,-142.512,-28.593,-26.692,-94.679,-361.157,-14.634,-41.469,38.234,22.993,0.166,1,2,0.325,0.0,2839.171,0.0,13.0
сентябрь,ONDOUSDT,1789033218819000000,deadline,-1.77,-16.877,-23.686,-15.189,-14.55,-57.148,-166.617,32.233,17.217,-4.069,-37.139,-149.014,-59.205,-19.813,-186.474,-604.849,-5.263,-129.326,65.23,25.59,0.402,2,3,1.947,0.0,3105.869,0.0,13.0
сентябрь,TRUMPUSDT,1789043950699000000,trail,0.01,-50.112,-86.019,-82.178,-121.022,-131.623,-302.264,125.878,1.116,-30.345,-102.389,-92.24,-105.105,-169.07,-100.15,-1213.333,-48.049,31.473,192.21,15.198,1.144,3,1,0.0,1.0,11456.88,0.0,16.0
сентябрь,TRUMPUSDT,1789044423500000000,stop,-5.58,-32.988,-84.039,-106.06,-134.444,-149.861,-333.458,143.051,4.632,-32.683,-117.594,-108.176,-100.2,-144.638,-120.0,-1237.251,-10.195,29.861,197.368,30.457,1.349,3,2,7.88,0.0,0.104,0.0,16.0
сентябрь,BNBUSDT,1789053473739000000,deadline,3.07,-3.751,4.686,-10.688,37.934,-86.052,-166.972,62.838,89.613,5.624,38.341,-102.949,7.062,21.216,-130.937,-426.969,-16.718,-44.885,59.28,85.409,0.581,0,1,0.0,1.0,95.34,0.0,19.0
сентябрь,ONDOUSDT,1789056466817000000,trail,1.57,-22.04,-8.118,-24.649,-30.38,-87.669,-207.071,44.852,58.311,22.593,-29.622,-123.841,-25.855,-51.576,-144.763,-633.936,-21.196,-57.094,100.806,66.686,0.667,1,2,49.885,1.0,145.135,0.0,20.0
сентябрь,ADAUSDT,1789056584095000000,trail,4.07,-20.081,-25.115,-44.761,-51.275,-98.472,-203.664,61.366,42.424,19.948,-65.018,-139.686,-57.471,-165.798,-221.385,-375.522,-114.523,-122.913,187.861,72.78,0.87,2,3,51.839,1.0,860.243,0.0,20.0
сентябрь,WIFUSDT,1789057637974000000,trail,2.9,-13.895,1.743,-33.967,-22.64,-105.367,-208.674,59.428,38.247,42.292,-77.492,-176.546,-36.383,-123.648,-357.143,-832.138,-101.007,-251.776,219.092,10.444,0.954,3,4,69.404,0.0,4136.794,0.0,20.0
сентябрь,ADAUSDT,1789081489094000000,deadline,1.36,-6.339,-19.24,-24.039,-41.585,-52.785,-161.19,54.888,0.821,-17.489,-49.237,-101.853,-77.108,-119.962,-199.905,-218.527,-78.376,-147.12,165.129,4.859,0.688,0,1,0.0,0.0,324.301,0.0,3.0
сентябрь,BNBUSDT,1789124610704000000,trail,3.28,-14.947,-11.471,-8.603,-22.709,-47.634,-116.512,32.541,8.578,-28.863,-62.317,-135.906,-8.425,-22.434,-44.768,-64.228,0.275,2.866,44.969,12.664,0.401,0,1,0.0,0.0,942.504,0.0,15.0
сентябрь,ADAUSDT,1789124616256000000,trail,0.08,-14.947,-11.471,-8.603,-22.709,-47.634,-116.512,32.541,8.578,-28.863,-62.317,-135.906,-29.6,-93.137,-316.243,-439.924,-70.429,-268.61,138.545,9.906,1.025,1,2,0.093,0.0,476.847,0.0,15.0
сентябрь,DRAMUSDT,1789124817196000000,trail,1.0,-13.45,-16.693,-22.124,-28.96,-56.028,-111.826,37.111,3.606,-29.708,-111.041,-157.574,-10.103,-43.631,-1.685,-211.186,-14.672,54.343,48.879,37.219,0.07,2,3,3.442,1.0,2106.686,0.0,15.0
сентябрь,ATOMUSDT,1789152723922000000,trail,0.22,-9.086,-31.949,-23.512,-67.745,-218.029,-27.726,92.58,17.035,-46.882,-122.197,-206.514,-18.248,-42.476,-475.914,-847.741,25.27,-257.885,127.971,48.99,1.847,0,1,0.0,0.0,4917.358,0.0,22.0
сентябрь,ATOMUSDT,1789162010935000000,deadline,1.05,1.952,3.116,12.721,-1.422,-59.779,22.332,34.768,69.105,-2.598,13.384,-82.843,-30.358,-54.512,-149.97,-862.549,-53.091,-90.191,66.991,55.113,0.618,0,1,0.0,0.0,0.328,1.0,1.0
сентябрь,ATOMUSDT,1789288700347000000,deadline,3.32,-9.465,-20.131,-34.007,-29.986,-44.569,-59.715,50.248,10.527,-36.482,-77.033,-114.272,-31.506,-50.314,-100.125,-365.408,-20.329,-55.556,94.817,12.658,2.282,0,1,0.0,0.0,1869.954,1.0,12.0
сентябрь,ONDOUSDT,1789288755605000000,deadline,2.03,-7.167,-22.703,-36.704,-34.765,-47.044,-62.841,50.26,8.038,-40.132,-75.482,-115.376,-58.106,-95.514,-146.847,-256.264,-60.748,-99.803,105.202,0.0,2.045,1,2,0.921,0.0,3753.926,1.0,12.0
сентябрь,WLDUSDT,1789288766287000000,deadline,0.77,-7.167,-22.703,-36.704,-34.765,-47.044,-62.841,50.26,8.038,-40.132,-75.482,-115.376,-51.112,-111.76,-166.709,-308.688,-76.995,-119.665,133.573,15.436,1.905,2,3,1.099,,,1.0,12.0
сентябрь,LTCUSDT,1789291488749000000,deadline,-1.45,-2.931,-8.839,-5.717,-31.963,-62.552,-72.218,38.828,5.488,-41.639,-37.122,-122.598,-1.862,-29.701,-141.336,-75.758,2.262,-78.784,57.717,26.134,1.54,3,4,46.473,0.0,4063.283,1.0,13.0
сентябрь,XAGUSDT,1789291489091000000,deadline,-0.17,-2.931,-8.839,-5.717,-31.963,-62.552,-72.218,38.828,5.488,-41.639,-37.122,-122.598,1.551,-3.101,-15.485,-10.844,28.862,47.067,10.856,4.655,0.723,4,5,46.479,,,1.0,13.0
сентябрь,KORUUSDT,1789294975199000000,deadline,-0.06,-5.927,-1.864,-1.733,-8.062,-69.661,-80.022,36.222,26.136,-47.963,-2.131,-114.139,-13.31,-35.414,-161.713,-322.442,-27.352,-92.053,111.062,76.097,1.96,5,6,104.581,1.0,4901.616,1.0,14.0
сентябрь,WIFUSDT,1789295824475000000,deadline,2.39,5.629,8.642,6.776,9.49,-59.471,-68.137,20.993,34.8,-11.786,21.3,-99.786,-26.596,-47.771,-89.852,-300.052,-57.26,-30.381,74.667,59.013,0.907,6,7,118.735,0.0,3874.64,1.0,14.0
сентябрь,AVAXUSDT,1789295870602000000,deadline,1.5,5.629,8.642,6.776,9.49,-59.471,-68.137,20.993,34.8,-11.786,21.3,-99.786,-1.365,8.196,-139.954,-147.909,-1.294,-80.483,34.12,72.862,0.508,7,8,119.504,,,1.0,14.0
сентябрь,SUIUSDT,1789295885657000000,deadline,1.03,1.329,4.927,1.876,7.94,-63.689,-71.952,21.001,30.945,-11.931,3.856,-99.551,-2.812,-1.406,-157.807,-207.96,-9.347,-94.119,36.568,83.676,0.463,8,9,119.755,,,1.0,14.0
сентябрь,ADAUSDT,1789295885685000000,deadline,5.59,1.329,4.927,1.876,7.94,-63.689,-71.952,21.001,30.945,-11.931,3.856,-99.551,0.0,0.0,-139.692,-177.543,-7.94,-76.003,39.082,83.744,0.68,9,10,119.756,0.0,2768.068,1.0,14.0
сентябрь,1000BONKUSDT,1789295996916000000,deadline,0.47,-3.842,3.858,-2.254,9.704,-66.271,-73.646,16.939,29.364,-3.448,-4.713,-105.081,-32.585,3.634,-178.38,-289.242,-6.07,-112.11,61.751,69.495,0.806,10,11,121.609,,,1.0,14.0
сентябрь,TRUMPUSDT,1789296193684000000,deadline,3.08,-8.65,-2.425,-5.617,-2.19,-69.906,-82.721,15.217,22.268,-9.462,-3.537,-107.1,-40.568,-30.457,-170.17,-209.372,-28.267,-100.264,71.283,61.475,0.392,11,12,124.889,1.0,4196.009,1.0,14.0
сентябрь,ICPUSDT,1789296615973000000,trail,3.52,6.613,-9.611,-2.45,-2.685,-62.979,-77.952,17.806,25.091,-21.479,-21.358,-121.487,-15.026,-18.776,-202.728,-369.565,-16.091,-139.749,45.147,83.46,0.6,12,13,131.927,0.0,17550.398,1.0,14.0
сентябрь,NEARUSDT,1789296647471000000,trail,2.31,6.613,-9.611,-2.45,-2.685,-62.979,-77.952,17.806,25.091,-21.479,-21.358,-121.487,-73.689,-120.794,-154.772,-329.392,-118.109,-91.793,139.738,17.498,0.715,13,14,132.452,0.0,13311.658,1.0,14.0
сентябрь,ETHFIUSDT,1789301179075000000,stop,-8.01,1.16,-1.095,6.742,15.623,-44.912,-75.144,38.625,40.851,1.351,2.532,-62.882,0.0,51.972,-214.286,-1454.191,36.349,-169.373,127.737,126.27,0.748,14,1,0.0,,,1.0,16.0
сентябрь,BCHUSDT,1789301201843000000,trail,0.17,1.16,-1.095,6.742,15.623,-44.912,-75.144,38.625,40.851,1.351,2.532,-62.882,-13.429,-8.957,-62.361,-325.239,-24.58,-17.448,76.199,76.784,0.739,15,2,0.379,1.0,5187.007,1.0,16.0
сентябрь,SNXXUSDT,1789301220062000000,stop,-5.25,-0.326,-1.238,4.563,13.271,-45.429,-75.234,38.625,40.89,-1.596,4.896,-61.401,-49.261,-91.1,-295.127,-727.869,-104.371,-249.698,99.01,0.0,0.627,16,3,0.683,,,1.0,16.0
сентябрь,PUMPFUNUSDT,1789343752832000000,trail,11.94,0.912,5.317,10.94,7.86,-60.47,-60.856,32.939,25.149,-12.14,0.971,-127.667,-5.677,0.0,-140.017,-670.376,-7.86,-79.546,93.723,54.255,0.86,0,1,0.0,0.0,16521.238,0.0,3.0
сентябрь,ATOMUSDT,1789433223953000000,trail,0.42,-8.193,-7.425,-18.765,-43.875,-176.167,146.471,47.174,3.081,26.354,,,-19.011,-6.345,-193.026,-100.566,37.529,-16.859,69.841,38.241,0.465,0,1,0.0,0.0,2168.359,0.0,4.0
сентябрь,ONDOUSDT,1789433855918000000,deadline,-1.97,-4.386,-6.642,-12.046,-25.085,-148.872,151.827,41.713,4.634,22.818,,,-19.757,-14.12,-210.41,300.029,10.965,-61.538,53.733,22.676,0.512,1,2,10.533,0.0,2172.922,0.0,4.0
сентябрь,ADAUSDT,1789434106793000000,deadline,-5.71,-12.276,-14.735,-16.643,-38.446,-149.538,138.097,48.047,1.22,28.541,-9.953,,-4.805,-19.194,-220.969,186.092,19.252,-71.431,52.885,24.096,0.661,2,3,14.714,0.0,2060.126,0.0,5.0
сентябрь,DRAMUSDT,1789436169800000000,deadline,-1.31,11.897,6.536,17.766,-15.465,-111.128,165.412,45.518,27.564,6.598,-5.08,,-42.591,-21.341,155.656,5.35,-5.876,266.784,62.377,166.697,0.919,3,4,49.097,0.0,5045.485,0.0,5.0
сентябрь,WLDUSDT,1789437972211000000,stop,-2.68,4.547,-13.654,-3.901,13.858,-103.922,115.249,42.39,23.652,11.916,-8.008,,-28.721,-80.519,-167.353,-20.904,-94.378,-63.431,99.502,0.0,0.744,4,5,79.138,0.0,2246.329,0.0,6.0
сентябрь,TIAUSDT,1789437982785000000,stop,-2.61,4.547,-13.654,-3.901,13.858,-103.922,115.249,42.39,23.652,11.916,-8.008,,-36.343,19.68,-116.473,53.597,5.821,-12.551,98.204,53.597,0.644,5,6,79.314,,,0.0,6.0
сентябрь,WIFUSDT,1789438037175000000,stop,-5.23,-2.889,-9.816,-7.739,7.494,-111.172,101.156,42.41,18.942,7.163,-8.109,,-10.73,-5.368,-179.325,-148.148,-12.861,-68.153,80.559,16.138,0.539,6,7,80.22,0.0,2129.513,0.0,6.0
сентябрь,TRUMPUSDT,1789441215391000000,stop,-5.14,7.415,4.921,-5.365,0.218,-82.616,37.16,29.78,20.589,-12.27,1.653,,10.025,25.1,-64.677,116.515,24.882,17.939,40.06,106.275,0.323,7,8,133.191,0.0,2176.607,0.0,7.0
сентябрь,NEARUSDT,1789441314870000000,deadline,-6.91,-5.78,-1.902,-11.834,-5.548,-89.217,29.321,29.801,13.537,-15.647,-0.49,,-24.57,0.0,-240.385,313.294,5.548,-151.168,102.627,28.818,0.722,8,9,134.849,0.0,2261.68,0.0,7.0
сентябрь,BNBUSDT,1789441343141000000,deadline,-1.29,-10.764,-7.876,-17.431,-14.227,-89.269,19.235,29.819,7.579,-21.16,-6.966,,11.113,11.113,6.943,-45.58,25.34,96.212,36.076,45.999,0.398,9,10,135.32,0.0,5129.345,0.0,7.0
сентябрь,ATOMUSDT,1789441382959000000,deadline,-1.01,-16.681,-8.213,-18.552,-22.306,-91.737,12.97,30.961,4.169,-28.439,-14.01,,-18.939,-87.774,31.726,-75.33,-65.469,123.463,94.877,63.654,0.259,9,11,135.983,0.0,0.001,0.0,7.0
сентябрь,WIFUSDT,1789446396860000000,deadline,-1.7,-13.729,-12.173,-13.562,-34.855,-59.028,-12.559,38.562,1.561,5.055,-5.588,-92.312,-16.438,10.989,-256.684,-530.146,45.844,-197.657,104.281,44.101,0.904,9,1,0.0,1.0,73.391,0.0,8.0
сентябрь,AEROUSDT,1789446412207000000,stop,-7.7,-13.729,-12.173,-13.562,-34.855,-59.028,-12.559,38.562,1.561,5.055,-5.588,-92.312,-23.306,-41.16,-186.916,-303.189,-6.305,-127.888,80.863,0.0,0.782,10,2,0.256,,,0.0,8.0
сентябрь,ONDOUSDT,1789450537513000000,trail,0.05,2.454,19.445,-16.616,-14.261,-60.169,-5.523,46.343,23.906,-1.429,-16.807,-136.035,5.719,-22.812,-115.819,-42.686,-8.551,-55.65,85.739,17.177,0.602,7,1,0.0,1.0,34.703,0.0,9.0
сентябрь,ADAUSDT,1789454924983000000,deadline,2.29,-8.953,-8.011,-28.008,-14.63,-61.061,-47.963,48.246,9.345,0.693,-12.332,-102.829,-43.838,0.0,-154.143,-220.096,14.63,-93.082,58.708,68.966,0.532,5,1,0.0,1.0,99.394,0.0,10.0
сентябрь,ONDOUSDT,1789456074618000000,deadline,-0.63,-6.227,-6.084,-23.236,-55.558,-68.773,-55.955,67.656,10.464,-8.974,-53.928,-75.053,0.0,-76.574,-54.008,-196.133,-21.016,14.765,97.171,20.046,1.029,4,2,19.161,0.0,41.015,0.0,11.0
сентябрь,NEARUSDT,1789457396263000000,trail,1.15,0.026,9.304,1.619,-17.743,-71.415,-57.997,39.304,16.209,-6.569,2.482,-34.403,-29.387,-153.4,-190.004,-206.186,-135.656,-118.589,189.474,16.871,1.268,4,3,41.188,1.0,26.398,0.0,11.0
сентябрь,BCHUSDT,1789458720143000000,deadline,2.18,-8.493,-25.928,-35.655,-39.963,-101.332,-113.225,44.465,0.572,-7.496,-37.49,-94.066,-40.669,-54.152,-76.542,-67.598,-14.188,24.79,72.595,0.0,1.005,5,4,63.253,0.0,2439.559,0.0,11.0
сентябрь,BNBUSDT,1789458981438000000,deadline,0.78,-13.372,-29.672,-54.537,-41.881,-102.406,-125.425,56.072,0.39,-2.986,-37.243,-102.261,-30.692,-39.03,-84.64,-142.089,2.852,17.766,60.174,4.2,0.627,5,5,67.608,1.0,44.47,0.0,11.0
сентябрь,ATOMUSDT,1789459257541000000,trail,2.13,1.483,-12.677,-45.287,-46.099,-97.671,-123.365,56.86,6.807,-3.203,-40.378,-94.144,12.618,114.723,63.412,-75.047,160.822,161.082,170.132,147.059,0.968,6,6,72.209,1.0,57.694,0.0,12.0
сентябрь,ATOMUSDT,1789466555857000000,stop,-7.79,-9.25,-3.588,3.577,5.1,-99.22,-147.142,25.863,31.056,-11.245,21.321,-31.439,-6.262,-37.453,101.266,12.547,-42.553,200.485,112.782,204.604,0.883,5,1,0.0,0.0,14.53,0.0,14.0
сентябрь,TIAUSDT,1789467614596000000,stop,-2.69,-3.014,7.063,-8.48,9.849,-73.591,-132.56,27.71,35.4,2.692,26.979,-28.338,-28.785,14.455,-116.976,-318.614,4.606,-43.384,77.945,96.182,0.673,6,2,17.646,1.0,309.435,0.0,14.0
сентябрь,WIFUSDT,1789467668969000000,trail,0.6,-6.873,5.23,-6.172,5.451,-75.975,-132.051,27.721,31.669,3.205,18.294,-30.323,-5.552,39.041,-109.89,-585.774,33.59,-33.915,72.222,72.748,0.627,7,3,18.552,1.0,113.03,0.0,14.0
сентябрь,WLDUSDT,1789468150614000000,trail,0.79,-12.694,-12.214,-8.046,3.54,-66.49,-135.229,26.279,25.917,1.88,9.167,-12.309,-5.363,-42.746,-45.406,-291.743,-46.286,21.084,72.444,48.531,0.917,8,4,26.579,1.0,247.375,0.0,14.0
сентябрь,ATOMUSDT,1789479562043000000,trail,0.06,-58.526,-77.396,-87.011,-75.68,-77.667,-229.5,114.189,12.923,-54.372,-29.037,-29.807,-133.333,-82.961,-275.344,104.031,-7.281,-197.677,250.965,0.0,1.833,0,1,0.0,1.0,4.963,0.0,17.0
сентябрь,ATOMUSDT,1789482817222000000,trail,-0.49,-34.394,-19.195,-34.89,-72.384,-96.443,-309.118,97.067,16.213,-77.931,-55.269,-38.743,-32.072,-51.216,-195.584,64.767,21.167,-99.141,115.83,25.806,1.326,0,2,54.253,0.0,0.019,0.0,18.0
сентябрь,DRAMUSDT,1789487934304000000,deadline,1.03,3.869,21.919,19.125,79.741,-47.565,-256.351,102.902,129.633,12.898,73.076,,-30.864,-48.931,-173.586,-36.291,-128.672,-126.021,61.92,5.466,1.304,0,1,0.0,1.0,618.616,0.0,19.0
сентябрь,BNBUSDT,1789488255331000000,trail,0.05,-1.608,3.767,20.151,63.943,-52.252,-251.949,90.015,121.282,2.552,34.702,,-8.351,16.743,-8.351,-59.54,-47.199,43.901,43.182,105.574,0.623,1,2,5.35,0.0,217.898,0.0,20.0
сентябрь,ONDOUSDT,1789491756282000000,trail,2.92,-2.251,1.074,1.126,-17.225,-74.226,-297.516,41.082,108.987,14.832,0.0,,-23.399,-52.493,-243.135,-377.997,-35.268,-168.909,79.156,148.765,0.841,2,3,63.7,1.0,341.927,0.0,21.0
сентябрь,WIFUSDT,1789492092070000000,trail,3.74,-12.268,-31.891,-25.955,-19.122,-103.287,-319.294,35.917,85.31,1.679,-8.503,,-71.863,67.265,-71.863,-547.368,86.387,31.424,200.445,280.481,1.239,3,4,69.296,0.0,217.068,0.0,21.0
сентябрь,ATOMUSDT,1789492096254000000,trail,-0.25,-12.268,-31.891,-25.955,-19.122,-103.287,-319.294,35.917,85.31,1.679,-8.503,,-38.462,19.342,-158.328,19.342,38.465,-55.041,96.525,117.188,0.475,4,5,69.366,1.0,78.861,0.0,21.0
сентябрь,WLDUSDT,1789492096421000000,trail,1.17,-12.268,-31.891,-25.955,-19.122,-103.287,-319.294,35.917,85.31,1.679,-8.503,,-67.15,-10.805,-216.931,-414.723,8.317,-113.645,108.167,131.507,0.675,5,6,69.369,0.0,210.135,0.0,21.0
сентябрь,ATOMUSDT,1789507303253000000,deadline,-2.98,8.249,7.852,-15.05,-5.443,-60.881,-390.866,53.051,121.851,11.025,3.087,-124.208,6.609,-6.601,-225.952,-447.95,-1.157,-165.072,92.47,113.56,0.842,0,1,0.0,1.0,184.855,0.0,1.0
сентябрь,WLDUSDT,1789507339411000000,deadline,-0.95,-7.821,1.214,-19.391,-5.29,-67.62,-401.409,53.099,112.654,7.709,-0.9,-137.399,-13.702,24.759,-159.33,-651.616,30.049,-91.71,145.445,261.898,0.702,1,2,0.603,0.0,219.041,0.0,1.0
сентябрь,COINUSDT,1789509013795000000,deadline,-0.9,-13.485,-1.732,-33.468,-47.008,-176.069,-401.514,60.734,92.019,-7.12,-35.645,-309.013,0.0,-60.325,-436.433,-969.646,-13.317,-260.364,71.779,178.19,0.183,2,3,28.509,,,0.0,1.0
сентябрь,TRUMPUSDT,1789509096495000000,trail,2.99,-13.539,0.397,-30.132,-45.137,-185.772,-403.611,60.738,91.351,-4.478,-70.804,-310.668,-10.724,-132.415,-661.654,-777.228,-87.278,-475.882,193.237,97.561,0.876,3,4,29.887,1.0,1000.961,0.0,1.0
сентябрь,WIFUSDT,1789509546776000000,trail,1.59,-17.419,-37.962,-25.947,-64.092,-198.13,-419.463,75.405,66.778,0.342,-91.836,-332.094,-67.912,-129.359,-335.903,-724.101,-65.267,-137.773,165.242,179.814,0.558,4,5,37.392,0.0,255.878,0.0,1.0
сентябрь,ATOMUSDT,1789567337237000000,deadline,-1.78,-13.33,-8.354,-13.423,-25.599,-53.75,-118.242,49.503,6.645,-15.756,-27.851,-27.815,-33.267,0.0,40.214,-415.867,25.599,93.965,126.836,73.974,0.706,0,1,0.0,1.0,755.704,0.0,18.0
сентябрь,ICPUSDT,1789574053548000000,trail,4.63,-3.942,11.912,9.387,28.665,-55.994,-92.614,55.28,57.095,7.862,11.251,-149.5,-28.421,-24.37,-303.987,-345.912,-53.036,-247.993,89.577,20.4,0.493,1,1,0.0,0.0,4399.139,0.0,19.0
сентябрь,WLDUSDT,1789645324640000000,trail,0.92,-9.628,-26.191,-25.969,-21.121,-44.586,16.308,38.011,3.678,0.237,-12.286,-45.518,-45.589,-37.574,-138.151,89.698,-16.453,-93.564,56.573,0.0,0.585,0,1,0.0,1.0,2059.663,0.0,15.0
сентябрь,ATOMUSDT,1789652268157000000,deadline,11.11,-33.624,-59.35,-74.788,-101.048,-69.017,67.641,106.412,5.503,-24.358,-56.387,-9.611,-52.288,-78.227,-142.487,146.667,22.821,-73.47,85.414,19.75,0.749,0,1,0.0,1.0,1175.174,0.0,17.0
сентябрь,WIFUSDT,1789652271515000000,trail,5.1,-33.624,-59.35,-74.788,-101.048,-69.017,67.641,106.412,5.503,-24.358,-56.387,-9.611,-27.233,-124.056,-161.204,321.308,-23.008,-92.186,147.46,16.411,2.047,1,2,0.056,0.0,2247.756,0.0,17.0
сентябрь,BNBUSDT,1789662840137000000,deadline,1.41,-14.623,-18.529,-29.319,8.08,-49.577,113.301,47.655,74.874,0.06,52.723,55.431,-5.502,16.543,-45.212,203.623,8.463,4.365,39.912,62.318,0.394,1,1,0.0,0.0,2756.845,0.0,20.0
сентябрь,WLDUSDT,1789663059900000000,trail,1.28,-7.149,-12.582,-8.023,-3.328,-46.236,117.063,43.461,81.165,-7.988,24.868,55.379,7.983,29.333,0.0,496.79,32.661,46.236,93.06,134.735,0.678,2,2,3.663,0.0,211.451,0.0,20.0
сентябрь,WIFUSDT,1789679246168000000,deadline,2.72,-8.087,-2.954,-18.272,-16.005,-47.446,39.894,33.342,6.738,15.393,1.789,-21.703,-42.849,0.0,-95.898,242.424,16.005,-48.452,59.172,64.97,0.539,0,1,0.0,0.0,385.423,0.0,1.0
сентябрь,TIAUSDT,1789679996279000000,deadline,9.92,0.588,-2.458,-5.032,-13.333,-45.248,51.379,33.345,5.796,1.795,-17.082,-7.88,-36.869,-25.554,17.109,521.114,-12.22,62.357,68.318,40.011,0.418,1,2,12.502,1.0,3475.704,0.0,1.0
сентябрь,ATOMUSDT,1789683203777000000,deadline,2.69,-10.759,-9.203,-25.903,-19.224,-45.859,67.766,33.989,4.116,-8.738,-20.128,-33.737,-38.486,-76.677,12.895,381.016,-57.453,58.754,83.709,51.78,0.488,2,3,65.96,0.0,274.261,0.0,2.0
сентябрь,WLDUSDT,1789850813000000000,stop,-2.65,-1.908,-0.443,-14.422,-11.917,-71.31,9.761,24.257,1.626,16.773,-4.394,7.015,-4.604,-22.978,-18.391,240.566,-11.061,52.919,87.517,163.858,0.615,0,1,0.0,0.0,3058.562,1.0,0.0
сентябрь,DASHUSDT,1789852026329000000,deadline,-1.49,-2.674,-2.008,-11.854,-29.307,-79.265,-1.343,44.836,13.007,34.697,-10.633,-47.076,-13.589,-44.03,-135.906,-371.765,-14.723,-56.641,68.039,71.955,0.463,1,2,20.222,,,1.0,1.0
сентябрь,ATOMUSDT,1789852104255000000,trail,2.82,-4.756,0.949,-11.955,-32.806,-83.262,-10.0,44.847,10.6,30.188,-10.27,-43.362,-17.391,-23.175,-103.448,-57.737,9.631,-20.186,69.686,58.411,0.523,2,3,21.521,0.0,2574.699,1.0,1.0
сентябрь,CRCLUSDT,1789852140567000000,deadline,1.09,-13.376,-1.492,-16.376,-35.859,-87.737,-10.103,43.35,5.985,26.976,-18.466,-59.668,-8.708,-24.995,-92.822,-23.91,10.864,-5.085,27.236,0.0,1.238,3,4,22.126,,,1.0,1.0
сентябрь,BNBUSDT,1789852261560000000,deadline,2.32,-14.9,-5.045,-25.668,-44.273,-90.24,-19.979,44.988,0.0,18.958,-28.718,-87.989,-17.085,-36.726,-108.087,-61.494,7.546,-17.847,38.178,0.0,0.393,4,5,24.143,0.0,2891.835,1.0,1.0
сентябрь,XAGUSDT,1789872253029000000,deadline,0.34,-30.648,-36.029,-54.957,-50.456,-65.649,-78.709,68.165,8.921,-15.916,-50.034,,-10.523,-16.526,-19.525,-6.016,33.929,46.123,25.583,1.505,4.082,0,1,0.0,1.0,9409.399,1.0,6.0
сентябрь,MSFTUSDT,1789872301507000000,deadline,-0.08,-43.494,-51.403,-73.793,-62.917,-82.912,-92.355,77.782,1.205,-49.875,-68.638,,-3.232,-3.232,-10.294,5.661,59.685,72.618,3.839,0.0,0.617,1,2,0.808,,,1.0,6.0
сентябрь,SOXSUSDT,1789879539838000000,deadline,-0.37,-13.201,-6.53,-7.761,-2.265,-117.347,-72.912,24.893,31.339,-1.223,33.553,-196.397,-11.721,-25.749,42.423,78.051,-23.484,159.77,30.509,135.585,2.03,2,1,0.0,,,1.0,8.0
сентябрь,ATOMUSDT,1789879585510000000,deadline,-1.6,-10.194,-4.764,-9.747,3.585,-112.626,-72.424,24.89,32.65,-2.849,15.565,-202.551,-11.716,35.315,-279.361,-64.103,31.729,-166.736,82.111,154.854,0.87,3,2,0.761,0.0,264.414,1.0,8.0
сентябрь,WIFUSDT,1789964789344000000,trail,0.38,-0.295,-10.627,-18.325,-26.929,-60.992,97.046,41.74,49.122,-23.809,-40.522,-88.069,-44.379,-122.309,-227.493,44.776,-95.38,-166.501,133.73,100.05,0.621,0,1,0.0,0.0,4505.353,0.0,8.0
сентябрь,BNBUSDT,1790054190432000000,deadline,0.3,-13.097,-7.753,-16.498,-29.307,-61.13,492.149,34.034,6.673,-20.637,-65.189,-69.545,-1.272,-25.377,-94.506,197.172,3.93,-33.376,39.435,15.289,0.37,0,1,0.0,0.0,3115.728,0.0,9.0
сентябрь,ATOMUSDT,1790114588178000000,trail,10.87,-9.328,-16.752,-16.312,-21.634,-47.283,-61.721,24.456,2.776,-11.791,1.11,61.327,-22.247,-66.445,56.054,-66.445,-44.811,103.336,72.464,89.989,0.493,0,1,0.0,1.0,3676.474,0.0,2.0
сентябрь,XLMUSDT,1790148957577000000,stop,-7.66,-16.719,-12.799,-19.596,-22.841,-50.058,125.533,38.272,0.012,-23.5,-32.927,-28.077,-58.903,-54.397,-27.273,398.104,-31.556,22.785,154.968,73.462,1.189,0,1,0.0,0.0,19792.875,0.0,11.0
сентябрь,ATOMUSDT,1790150730218000000,trail,2.13,1.405,1.824,-13.789,-33.358,-58.306,77.217,57.312,21.683,-3.317,-98.325,-84.539,-11.056,-120.284,-174.008,186.02,-86.926,-115.702,143.885,22.185,0.908,1,2,29.544,0.0,513.818,0.0,12.0
сентябрь,ATOMUSDT,1790158876378000000,trail,1.85,-6.852,-8.645,-1.947,-13.939,-85.349,-25.218,33.398,12.201,-11.346,-10.981,-83.847,-27.685,-66.189,-185.286,232.955,-52.249,-99.937,133.259,33.426,0.585,1,1,0.0,0.0,93.544,0.0,14.0
сентябрь,XLMUSDT,1790163403735000000,stop,-7.65,-3.287,-13.856,-39.493,-31.117,-78.595,-54.861,60.545,6.216,-0.694,-79.252,-135.917,-27.92,-41.822,-210.142,170.859,-10.704,-131.546,107.326,9.341,0.77,1,1,0.0,1.0,14.769,0.0,15.0
сентябрь,TRUMPUSDT,1790163438600000000,stop,-7.78,-7.377,-10.834,-37.868,-39.412,-81.381,-59.591,60.545,6.298,-11.724,-75.022,-127.917,-32.362,-110.092,-301.395,27.907,-70.68,-220.014,208.72,13.934,1.104,2,2,0.581,0.0,10804.723,0.0,15.0
сентябрь,DRAMUSDT,1790181876765000000,deadline,1.06,1.285,-7.914,-22.071,-23.953,-158.066,-247.047,104.711,76.054,17.837,-23.513,-402.962,-25.782,-59.419,-154.287,-169.922,-35.466,3.78,69.467,30.789,0.451,0,1,0.0,0.0,11324.173,0.0,20.0
сентябрь,ATOMUSDT,1790186324078000000,stop,-7.89,-8.587,15.873,25.11,37.473,-180.707,-270.279,83.06,94.304,-6.08,24.402,-320.231,,,,,,,,,0.315,1,1,0.0,0.0,293.62,0.0,21.0
