sym,day,in_pool
0GUSDT,2026-01-01,1
1000BONKUSDT,2026-01-01,1
1000PEPEUSDT,2026-01-01,1
AAVEUSDT,2026-01-01,1
ACTUSDT,2026-01-01,1
ADAUSDT,2026-01-01,1
AEROUSDT,2026-01-01,1
ANIMEUSDT,2026-01-01,1
APTUSDT,2026-01-01,1
ARBUSDT,2026-01-01,1
ASTERUSDT,2026-01-01,1
ATOMUSDT,2026-01-01,1
ATUSDT,2026-01-01,1
AVAXUSDT,2026-01-01,1
AVNTUSDT,2026-01-01,1
BATUSDT,2026-01-01,1
BCHUSDT,2026-01-01,1
BEATUSDT,2026-01-01,1
BNBUSDT,2026-01-01,1
CCUSDT,2026-01-01,1
CRVUSDT,2026-01-01,1
DASHUSDT,2026-01-01,1
DOGEUSDT,2026-01-01,1
DOTUSDT,2026-01-01,1
DYDXUSDT,2026-01-01,1
EIGENUSDT,2026-01-01,1
ENAUSDT,2026-01-01,1
ETCUSDT,2026-01-01,1
FARTCOINUSDT,2026-01-01,1
FILUSDT,2026-01-01,1
GALAUSDT,2026-01-01,1
HBARUSDT,2026-01-01,1
HUSDT,2026-01-01,1
HYPEUSDT,2026-01-01,1
ICNTUSDT,2026-01-01,1
ICPUSDT,2026-01-01,1
INJUSDT,2026-01-01,1
IPUSDT,2026-01-01,1
JELLYJELLYUSDT,2026-01-01,1
JUPUSDT,2026-01-01,1
LDOUSDT,2026-01-01,1
LIGHTUSDT,2026-01-01,1
LINKUSDT,2026-01-01,1
LTCUSDT,2026-01-01,1
LUNA2USDT,2026-01-01,1
MERLUSDT,2026-01-01,1
MNTUSDT,2026-01-01,1
MONUSDT,2026-01-01,1
MOODENGUSDT,2026-01-01,1
MOVEUSDT,2026-01-01,1
NEARUSDT,2026-01-01,1
ONDOUSDT,2026-01-01,1
OPUSDT,2026-01-01,1
ORDIUSDT,2026-01-01,1
PENGUUSDT,2026-01-01,1
PIEVERSEUSDT,2026-01-01,1
PIPPINUSDT,2026-01-01,1
POPCATUSDT,2026-01-01,1
PUMPFUNUSDT,2026-01-01,1
RESOLVUSDT,2026-01-01,1
RIVERUSDT,2026-01-01,1
SEIUSDT,2026-01-01,1
SHIB1000USDT,2026-01-01,1
SOLUSDT,2026-01-01,1
SPXUSDT,2026-01-01,1
SQDUSDT,2026-01-01,1
STABLEUSDT,2026-01-01,1
STRKUSDT,2026-01-01,1
SUIUSDT,2026-01-01,1
TAOUSDT,2026-01-01,1
TIAUSDT,2026-01-01,1
TNSRUSDT,2026-01-01,1
TONUSDT,2026-01-01,1
TRUMPUSDT,2026-01-01,1
TRUTHUSDT,2026-01-01,1
TRXUSDT,2026-01-01,1
UNIUSDT,2026-01-01,1
USELESSUSDT,2026-01-01,1
VIRTUALUSDT,2026-01-01,1
WIFUSDT,2026-01-01,1
WLDUSDT,2026-01-01,1
WLFIUSDT,2026-01-01,1
XAUTUSDT,2026-01-01,1
XLMUSDT,2026-01-01,1
XMRUSDT,2026-01-01,1
XPLUSDT,2026-01-01,1
XRPUSDT,2026-01-01,1
ZBTUSDT,2026-01-01,1
ZECUSDT,2026-01-01,1
ZENUSDT,2026-01-01,1
0GUSDT,2026-01-02,1
1000BONKUSDT,2026-01-02,1
1000PEPEUSDT,2026-01-02,1
AAVEUSDT,2026-01-02,1
ACTUSDT,2026-01-02,1
ADAUSDT,2026-01-02,1
AEROUSDT,2026-01-02,1
ANIMEUSDT,2026-01-02,1
APTUSDT,2026-01-02,1
ARBUSDT,2026-01-02,1
ASTERUSDT,2026-01-02,1
ATOMUSDT,2026-01-02,1
ATUSDT,2026-01-02,1
AVAXUSDT,2026-01-02,1
AVNTUSDT,2026-01-02,1
BCHUSDT,2026-01-02,1
BEATUSDT,2026-01-02,1
BNBUSDT,2026-01-02,1
CCUSDT,2026-01-02,1
CRVUSDT,2026-01-02,1
DASHUSDT,2026-01-02,1
DOGEUSDT,2026-01-02,1
DOTUSDT,2026-01-02,1
DYDXUSDT,2026-01-02,1
EIGENUSDT,2026-01-02,1
ENAUSDT,2026-01-02,1
ETCUSDT,2026-01-02,1
FARTCOINUSDT,2026-01-02,1
FILUSDT,2026-01-02,1
GALAUSDT,2026-01-02,1
HBARUSDT,2026-01-02,1
HUSDT,2026-01-02,1
HYPEUSDT,2026-01-02,1
ICNTUSDT,2026-01-02,1
ICPUSDT,2026-01-02,1
INJUSDT,2026-01-02,1
IPUSDT,2026-01-02,1
JELLYJELLYUSDT,2026-01-02,1
JUPUSDT,2026-01-02,1
LDOUSDT,2026-01-02,1
LIGHTUSDT,2026-01-02,1
LINKUSDT,2026-01-02,1
LTCUSDT,2026-01-02,1
LUNA2USDT,2026-01-02,1
LYNUSDT,2026-01-02,1
MERLUSDT,2026-01-02,1
MNTUSDT,2026-01-02,1
MONUSDT,2026-01-02,1
MOODENGUSDT,2026-01-02,1
MOVEUSDT,2026-01-02,1
NEARUSDT,2026-01-02,1
ONDOUSDT,2026-01-02,1
OPUSDT,2026-01-02,1
ORDIUSDT,2026-01-02,1
PENGUUSDT,2026-01-02,1
PIEVERSEUSDT,2026-01-02,1
PIPPINUSDT,2026-01-02,1
POPCATUSDT,2026-01-02,1
PUMPFUNUSDT,2026-01-02,1
RIVERUSDT,2026-01-02,1
SEIUSDT,2026-01-02,1
SHIB1000USDT,2026-01-02,1
SOLUSDT,2026-01-02,1
SPXUSDT,2026-01-02,1
SQDUSDT,2026-01-02,1
STABLEUSDT,2026-01-02,1
STRKUSDT,2026-01-02,1
SUIUSDT,2026-01-02,1
TAOUSDT,2026-01-02,1
TIAUSDT,2026-01-02,1
TNSRUSDT,2026-01-02,1
TONUSDT,2026-01-02,1
TRUMPUSDT,2026-01-02,1
TRUTHUSDT,2026-01-02,1
TRXUSDT,2026-01-02,1
UNIUSDT,2026-01-02,1
USELESSUSDT,2026-01-02,1
VIRTUALUSDT,2026-01-02,1
WIFUSDT,2026-01-02,1
WLDUSDT,2026-01-02,1
WLFIUSDT,2026-01-02,1
XAUTUSDT,2026-01-02,1
XLMUSDT,2026-01-02,1
XMRUSDT,2026-01-02,1
XPLUSDT,2026-01-02,1
XRPUSDT,2026-01-02,1
ZBTUSDT,2026-01-02,1
ZECUSDT,2026-01-02,1
ZENUSDT,2026-01-02,1
0GUSDT,2026-01-03,1
1000BONKUSDT,2026-01-03,1
1000PEPEUSDT,2026-01-03,1
AAVEUSDT,2026-01-03,1
ACTUSDT,2026-01-03,1
ADAUSDT,2026-01-03,1
AEROUSDT,2026-01-03,1
ANIMEUSDT,2026-01-03,1
APTUSDT,2026-01-03,1
ARBUSDT,2026-01-03,1
ASTERUSDT,2026-01-03,1
ATOMUSDT,2026-01-03,1
ATUSDT,2026-01-03,1
AVAXUSDT,2026-01-03,1
AVNTUSDT,2026-01-03,1
BCHUSDT,2026-01-03,1
BEATUSDT,2026-01-03,1
BNBUSDT,2026-01-03,1
CCUSDT,2026-01-03,1
CRVUSDT,2026-01-03,1
DASHUSDT,2026-01-03,1
DOGEUSDT,2026-01-03,1
DOTUSDT,2026-01-03,1
DYDXUSDT,2026-01-03,1
EIGENUSDT,2026-01-03,1
ENAUSDT,2026-01-03,1
ETCUSDT,2026-01-03,1
FARTCOINUSDT,2026-01-03,1
FILUSDT,2026-01-03,1
FLOWUSDT,2026-01-03,1
GALAUSDT,2026-01-03,1
HBARUSDT,2026-01-03,1
HUSDT,2026-01-03,1
HYPEUSDT,2026-01-03,1
ICNTUSDT,2026-01-03,1
ICPUSDT,2026-01-03,1
INJUSDT,2026-01-03,1
IPUSDT,2026-01-03,1
JELLYJELLYUSDT,2026-01-03,1
JUPUSDT,2026-01-03,1
LDOUSDT,2026-01-03,1
LIGHTUSDT,2026-01-03,1
LINKUSDT,2026-01-03,1
LTCUSDT,2026-01-03,1
LUNA2USDT,2026-01-03,1
LYNUSDT,2026-01-03,1
MERLUSDT,2026-01-03,1
MNTUSDT,2026-01-03,1
MONUSDT,2026-01-03,1
MOODENGUSDT,2026-01-03,1
MOVEUSDT,2026-01-03,1
NEARUSDT,2026-01-03,1
ONDOUSDT,2026-01-03,1
OPUSDT,2026-01-03,1
ORDIUSDT,2026-01-03,1
PENGUUSDT,2026-01-03,1
PIEVERSEUSDT,2026-01-03,1
PIPPINUSDT,2026-01-03,1
POPCATUSDT,2026-01-03,1
PUMPFUNUSDT,2026-01-03,1
RIVERUSDT,2026-01-03,1
SEIUSDT,2026-01-03,1
SHIB1000USDT,2026-01-03,1
SOLUSDT,2026-01-03,1
SPXUSDT,2026-01-03,1
SQDUSDT,2026-01-03,1
STABLEUSDT,2026-01-03,1
STRKUSDT,2026-01-03,1
SUIUSDT,2026-01-03,1
TAOUSDT,2026-01-03,1
TIAUSDT,2026-01-03,1
TONUSDT,2026-01-03,1
TRUMPUSDT,2026-01-03,1
TRUTHUSDT,2026-01-03,1
TRXUSDT,2026-01-03,1
UNIUSDT,2026-01-03,1
USELESSUSDT,2026-01-03,1
VIRTUALUSDT,2026-01-03,1
WIFUSDT,2026-01-03,1
WLDUSDT,2026-01-03,1
WLFIUSDT,2026-01-03,1
XAUTUSDT,2026-01-03,1
XLMUSDT,2026-01-03,1
XMRUSDT,2026-01-03,1
XPLUSDT,2026-01-03,1
XRPUSDT,2026-01-03,1
ZBTUSDT,2026-01-03,1
ZECUSDT,2026-01-03,1
ZENUSDT,2026-01-03,1
0GUSDT,2026-01-04,1
1000BONKUSDT,2026-01-04,1
1000PEPEUSDT,2026-01-04,1
AAVEUSDT,2026-01-04,1
ACTUSDT,2026-01-04,1
ADAUSDT,2026-01-04,1
AEROUSDT,2026-01-04,1
ANIMEUSDT,2026-01-04,1
APTUSDT,2026-01-04,1
ARBUSDT,2026-01-04,1
ASTERUSDT,2026-01-04,1
ATOMUSDT,2026-01-04,1
ATUSDT,2026-01-04,1
AVAXUSDT,2026-01-04,1
AVNTUSDT,2026-01-04,1
BCHUSDT,2026-01-04,1
BEATUSDT,2026-01-04,1
BNBUSDT,2026-01-04,1
CCUSDT,2026-01-04,1
CRVUSDT,2026-01-04,1
DASHUSDT,2026-01-04,1
DOGEUSDT,2026-01-04,1
DOTUSDT,2026-01-04,1
DYDXUSDT,2026-01-04,1
EIGENUSDT,2026-01-04,1
ENAUSDT,2026-01-04,1
ETCUSDT,2026-01-04,1
FARTCOINUSDT,2026-01-04,1
FILUSDT,2026-01-04,1
FLOWUSDT,2026-01-04,1
GALAUSDT,2026-01-04,1
HBARUSDT,2026-01-04,1
HUSDT,2026-01-04,1
HYPEUSDT,2026-01-04,1
ICNTUSDT,2026-01-04,1
ICPUSDT,2026-01-04,1
INJUSDT,2026-01-04,1
IPUSDT,2026-01-04,1
JELLYJELLYUSDT,2026-01-04,1
JUPUSDT,2026-01-04,1
LDOUSDT,2026-01-04,1
LIGHTUSDT,2026-01-04,1
LINKUSDT,2026-01-04,1
LTCUSDT,2026-01-04,1
LUNA2USDT,2026-01-04,1
LYNUSDT,2026-01-04,1
MERLUSDT,2026-01-04,1
MNTUSDT,2026-01-04,1
MONUSDT,2026-01-04,1
MOODENGUSDT,2026-01-04,1
MOVEUSDT,2026-01-04,1
NEARUSDT,2026-01-04,1
ONDOUSDT,2026-01-04,1
OPUSDT,2026-01-04,1
ORDIUSDT,2026-01-04,1
PENGUUSDT,2026-01-04,1
PIEVERSEUSDT,2026-01-04,1
PIPPINUSDT,2026-01-04,1
POPCATUSDT,2026-01-04,1
PUMPFUNUSDT,2026-01-04,1
RIVERUSDT,2026-01-04,1
SEIUSDT,2026-01-04,1
SHIB1000USDT,2026-01-04,1
SOLUSDT,2026-01-04,1
SPXUSDT,2026-01-04,1
SQDUSDT,2026-01-04,1
STABLEUSDT,2026-01-04,1
STRKUSDT,2026-01-04,1
SUIUSDT,2026-01-04,1
TAOUSDT,2026-01-04,1
TIAUSDT,2026-01-04,1
TONUSDT,2026-01-04,1
TRUMPUSDT,2026-01-04,1
TRUTHUSDT,2026-01-04,1
TRXUSDT,2026-01-04,1
UNIUSDT,2026-01-04,1
USELESSUSDT,2026-01-04,1
VIRTUALUSDT,2026-01-04,1
WIFUSDT,2026-01-04,1
WLDUSDT,2026-01-04,1
WLFIUSDT,2026-01-04,1
XAUTUSDT,2026-01-04,1
XLMUSDT,2026-01-04,1
XMRUSDT,2026-01-04,1
XPLUSDT,2026-01-04,1
XRPUSDT,2026-01-04,1
ZBTUSDT,2026-01-04,1
ZECUSDT,2026-01-04,1
ZENUSDT,2026-01-04,1
0GUSDT,2026-01-05,1
1000BONKUSDT,2026-01-05,1
1000PEPEUSDT,2026-01-05,1
AAVEUSDT,2026-01-05,1
ACTUSDT,2026-01-05,1
ADAUSDT,2026-01-05,1
AEROUSDT,2026-01-05,1
ANIMEUSDT,2026-01-05,1
APTUSDT,2026-01-05,1
ARBUSDT,2026-01-05,1
ASTERUSDT,2026-01-05,1
ATOMUSDT,2026-01-05,1
ATUSDT,2026-01-05,1
AVAXUSDT,2026-01-05,1
AVNTUSDT,2026-01-05,1
BCHUSDT,2026-01-05,1
BEATUSDT,2026-01-05,1
BNBUSDT,2026-01-05,1
CCUSDT,2026-01-05,1
CRVUSDT,2026-01-05,1
DASHUSDT,2026-01-05,1
DOGEUSDT,2026-01-05,1
DOTUSDT,2026-01-05,1
DYDXUSDT,2026-01-05,1
EIGENUSDT,2026-01-05,1
ENAUSDT,2026-01-05,1
ETCUSDT,2026-01-05,1
FARTCOINUSDT,2026-01-05,1
FILUSDT,2026-01-05,1
FLOWUSDT,2026-01-05,1
GALAUSDT,2026-01-05,1
HBARUSDT,2026-01-05,1
HUSDT,2026-01-05,1
HYPEUSDT,2026-01-05,1
ICNTUSDT,2026-01-05,1
ICPUSDT,2026-01-05,1
INJUSDT,2026-01-05,1
IPUSDT,2026-01-05,1
JELLYJELLYUSDT,2026-01-05,1
JUPUSDT,2026-01-05,1
LDOUSDT,2026-01-05,1
LIGHTUSDT,2026-01-05,1
LINKUSDT,2026-01-05,1
LTCUSDT,2026-01-05,1
LUNA2USDT,2026-01-05,1
LYNUSDT,2026-01-05,1
MERLUSDT,2026-01-05,1
MNTUSDT,2026-01-05,1
MONUSDT,2026-01-05,1
MOODENGUSDT,2026-01-05,1
NEARUSDT,2026-01-05,1
ONDOUSDT,2026-01-05,1
OPUSDT,2026-01-05,1
ORDIUSDT,2026-01-05,1
PENGUUSDT,2026-01-05,1
PIEVERSEUSDT,2026-01-05,1
PIPPINUSDT,2026-01-05,1
POPCATUSDT,2026-01-05,1
PUMPFUNUSDT,2026-01-05,1
RIVERUSDT,2026-01-05,1
SEIUSDT,2026-01-05,1
SHIB1000USDT,2026-01-05,1
SOLUSDT,2026-01-05,1
SPXUSDT,2026-01-05,1
SQDUSDT,2026-01-05,1
STABLEUSDT,2026-01-05,1
STRKUSDT,2026-01-05,1
SUIUSDT,2026-01-05,1
TAOUSDT,2026-01-05,1
TIAUSDT,2026-01-05,1
TONUSDT,2026-01-05,1
TRUMPUSDT,2026-01-05,1
TRUTHUSDT,2026-01-05,1
TRXUSDT,2026-01-05,1
UNIUSDT,2026-01-05,1
USELESSUSDT,2026-01-05,1
VIRTUALUSDT,2026-01-05,1
WIFUSDT,2026-01-05,1
WLDUSDT,2026-01-05,1
WLFIUSDT,2026-01-05,1
XAUTUSDT,2026-01-05,1
XLMUSDT,2026-01-05,1
XMRUSDT,2026-01-05,1
XPLUSDT,2026-01-05,1
XRPUSDT,2026-01-05,1
ZBTUSDT,2026-01-05,1
ZECUSDT,2026-01-05,1
ZENUSDT,2026-01-05,1
0GUSDT,2026-01-06,1
1000BONKUSDT,2026-01-06,1
1000PEPEUSDT,2026-01-06,1
AAVEUSDT,2026-01-06,1
ACTUSDT,2026-01-06,1
ADAUSDT,2026-01-06,1
AEROUSDT,2026-01-06,1
ANIMEUSDT,2026-01-06,1
APTUSDT,2026-01-06,1
ARBUSDT,2026-01-06,1
ASTERUSDT,2026-01-06,1
ATOMUSDT,2026-01-06,1
ATUSDT,2026-01-06,1
AVAXUSDT,2026-01-06,1
AVNTUSDT,2026-01-06,1
BCHUSDT,2026-01-06,1
BEATUSDT,2026-01-06,1
BNBUSDT,2026-01-06,1
CCUSDT,2026-01-06,1
CRVUSDT,2026-01-06,1
DASHUSDT,2026-01-06,1
DOGEUSDT,2026-01-06,1
DOTUSDT,2026-01-06,1
DYDXUSDT,2026-01-06,1
EIGENUSDT,2026-01-06,1
ENAUSDT,2026-01-06,1
ETCUSDT,2026-01-06,1
FARTCOINUSDT,2026-01-06,1
FILUSDT,2026-01-06,1
FLOWUSDT,2026-01-06,1
GALAUSDT,2026-01-06,1
HBARUSDT,2026-01-06,1
HUSDT,2026-01-06,1
HYPEUSDT,2026-01-06,1
ICNTUSDT,2026-01-06,1
ICPUSDT,2026-01-06,1
INJUSDT,2026-01-06,1
IPUSDT,2026-01-06,1
JELLYJELLYUSDT,2026-01-06,1
JUPUSDT,2026-01-06,1
LDOUSDT,2026-01-06,1
LIGHTUSDT,2026-01-06,1
LINKUSDT,2026-01-06,1
LTCUSDT,2026-01-06,1
LUNA2USDT,2026-01-06,1
LYNUSDT,2026-01-06,1
MERLUSDT,2026-01-06,1
MNTUSDT,2026-01-06,1
MONUSDT,2026-01-06,1
MOODENGUSDT,2026-01-06,1
NEARUSDT,2026-01-06,1
ONDOUSDT,2026-01-06,1
OPUSDT,2026-01-06,1
ORDIUSDT,2026-01-06,1
PENGUUSDT,2026-01-06,1
PIEVERSEUSDT,2026-01-06,1
PIPPINUSDT,2026-01-06,1
POPCATUSDT,2026-01-06,1
PUMPFUNUSDT,2026-01-06,1
RIVERUSDT,2026-01-06,1
SEIUSDT,2026-01-06,1
SHIB1000USDT,2026-01-06,1
SOLUSDT,2026-01-06,1
SPXUSDT,2026-01-06,1
SQDUSDT,2026-01-06,1
STABLEUSDT,2026-01-06,1
STRKUSDT,2026-01-06,1
SUIUSDT,2026-01-06,1
TAOUSDT,2026-01-06,1
TIAUSDT,2026-01-06,1
TONUSDT,2026-01-06,1
TRUMPUSDT,2026-01-06,1
TRUTHUSDT,2026-01-06,1
TRXUSDT,2026-01-06,1
UNIUSDT,2026-01-06,1
USELESSUSDT,2026-01-06,1
VIRTUALUSDT,2026-01-06,1
WIFUSDT,2026-01-06,1
WLDUSDT,2026-01-06,1
WLFIUSDT,2026-01-06,1
XAUTUSDT,2026-01-06,1
XLMUSDT,2026-01-06,1
XMRUSDT,2026-01-06,1
XPLUSDT,2026-01-06,1
XRPUSDT,2026-01-06,1
ZBTUSDT,2026-01-06,1
ZECUSDT,2026-01-06,1
ZENUSDT,2026-01-06,1
0GUSDT,2026-01-07,1
1000BONKUSDT,2026-01-07,1
1000PEPEUSDT,2026-01-07,1
AAVEUSDT,2026-01-07,1
ACTUSDT,2026-01-07,1
ADAUSDT,2026-01-07,1
AEROUSDT,2026-01-07,1
APTUSDT,2026-01-07,1
ARBUSDT,2026-01-07,1
ASTERUSDT,2026-01-07,1
ATOMUSDT,2026-01-07,1
ATUSDT,2026-01-07,1
AVAXUSDT,2026-01-07,1
AVNTUSDT,2026-01-07,1
BCHUSDT,2026-01-07,1
BEATUSDT,2026-01-07,1
BNBUSDT,2026-01-07,1
CCUSDT,2026-01-07,1
CRVUSDT,2026-01-07,1
DASHUSDT,2026-01-07,1
DOGEUSDT,2026-01-07,1
DOTUSDT,2026-01-07,1
DYDXUSDT,2026-01-07,1
EIGENUSDT,2026-01-07,1
ENAUSDT,2026-01-07,1
ETCUSDT,2026-01-07,1
FARTCOINUSDT,2026-01-07,1
FILUSDT,2026-01-07,1
FLOWUSDT,2026-01-07,1
GALAUSDT,2026-01-07,1
HBARUSDT,2026-01-07,1
HUSDT,2026-01-07,1
HYPEUSDT,2026-01-07,1
ICNTUSDT,2026-01-07,1
ICPUSDT,2026-01-07,1
INJUSDT,2026-01-07,1
IPUSDT,2026-01-07,1
JELLYJELLYUSDT,2026-01-07,1
JUPUSDT,2026-01-07,1
LDOUSDT,2026-01-07,1
LIGHTUSDT,2026-01-07,1
LINKUSDT,2026-01-07,1
LTCUSDT,2026-01-07,1
LUNA2USDT,2026-01-07,1
LYNUSDT,2026-01-07,1
MERLUSDT,2026-01-07,1
MNTUSDT,2026-01-07,1
MONUSDT,2026-01-07,1
MOODENGUSDT,2026-01-07,1
NEARUSDT,2026-01-07,1
ONDOUSDT,2026-01-07,1
OPUSDT,2026-01-07,1
ORDIUSDT,2026-01-07,1
PENGUUSDT,2026-01-07,1
PIEVERSEUSDT,2026-01-07,1
PIPPINUSDT,2026-01-07,1
POPCATUSDT,2026-01-07,1
PUMPFUNUSDT,2026-01-07,1
RIVERUSDT,2026-01-07,1
SEIUSDT,2026-01-07,1
SHIB1000USDT,2026-01-07,1
SOLUSDT,2026-01-07,1
SPXUSDT,2026-01-07,1
SQDUSDT,2026-01-07,1
STABLEUSDT,2026-01-07,1
STRKUSDT,2026-01-07,1
SUIUSDT,2026-01-07,1
TAOUSDT,2026-01-07,1
TIAUSDT,2026-01-07,1
TONUSDT,2026-01-07,1
TRUMPUSDT,2026-01-07,1
TRUTHUSDT,2026-01-07,1
TRXUSDT,2026-01-07,1
UNIUSDT,2026-01-07,1
USELESSUSDT,2026-01-07,1
VIRTUALUSDT,2026-01-07,1
WIFUSDT,2026-01-07,1
WLDUSDT,2026-01-07,1
WLFIUSDT,2026-01-07,1
XAUTUSDT,2026-01-07,1
XLMUSDT,2026-01-07,1
XMRUSDT,2026-01-07,1
XPLUSDT,2026-01-07,1
XRPUSDT,2026-01-07,1
ZBTUSDT,2026-01-07,1
ZECUSDT,2026-01-07,1
ZENUSDT,2026-01-07,1
0GUSDT,2026-01-08,1
1000BONKUSDT,2026-01-08,1
1000PEPEUSDT,2026-01-08,1
AAVEUSDT,2026-01-08,1
ACTUSDT,2026-01-08,1
ADAUSDT,2026-01-08,1
AEROUSDT,2026-01-08,1
APTUSDT,2026-01-08,1
ARBUSDT,2026-01-08,1
ASTERUSDT,2026-01-08,1
ATOMUSDT,2026-01-08,1
ATUSDT,2026-01-08,1
AVAXUSDT,2026-01-08,1
AVNTUSDT,2026-01-08,1
BCHUSDT,2026-01-08,1
BEATUSDT,2026-01-08,1
BNBUSDT,2026-01-08,1
CCUSDT,2026-01-08,1
CRVUSDT,2026-01-08,1
DASHUSDT,2026-01-08,1
DOGEUSDT,2026-01-08,1
DOTUSDT,2026-01-08,1
DYDXUSDT,2026-01-08,1
EIGENUSDT,2026-01-08,1
ENAUSDT,2026-01-08,1
ETCUSDT,2026-01-08,1
FARTCOINUSDT,2026-01-08,1
FILUSDT,2026-01-08,1
FLOWUSDT,2026-01-08,1
GALAUSDT,2026-01-08,1
HBARUSDT,2026-01-08,1
HUSDT,2026-01-08,1
HYPEUSDT,2026-01-08,1
ICNTUSDT,2026-01-08,1
ICPUSDT,2026-01-08,1
INJUSDT,2026-01-08,1
IPUSDT,2026-01-08,1
JELLYJELLYUSDT,2026-01-08,1
JUPUSDT,2026-01-08,1
LDOUSDT,2026-01-08,1
LIGHTUSDT,2026-01-08,1
LINKUSDT,2026-01-08,1
LTCUSDT,2026-01-08,1
LUNA2USDT,2026-01-08,1
LYNUSDT,2026-01-08,1
MERLUSDT,2026-01-08,1
MNTUSDT,2026-01-08,1
MONUSDT,2026-01-08,1
MOODENGUSDT,2026-01-08,1
NEARUSDT,2026-01-08,1
ONDOUSDT,2026-01-08,1
OPUSDT,2026-01-08,1
ORDIUSDT,2026-01-08,1
PENGUUSDT,2026-01-08,1
PIEVERSEUSDT,2026-01-08,1
PIPPINUSDT,2026-01-08,1
POPCATUSDT,2026-01-08,1
PUMPFUNUSDT,2026-01-08,1
RIVERUSDT,2026-01-08,1
SEIUSDT,2026-01-08,1
SHIB1000USDT,2026-01-08,1
SOLUSDT,2026-01-08,1
SPXUSDT,2026-01-08,1
SQDUSDT,2026-01-08,1
STABLEUSDT,2026-01-08,1
STRKUSDT,2026-01-08,1
SUIUSDT,2026-01-08,1
TAOUSDT,2026-01-08,1
TIAUSDT,2026-01-08,1
TONUSDT,2026-01-08,1
TRUMPUSDT,2026-01-08,1
TRUTHUSDT,2026-01-08,1
TRXUSDT,2026-01-08,1
UNIUSDT,2026-01-08,1
USELESSUSDT,2026-01-08,1
VIRTUALUSDT,2026-01-08,1
WIFUSDT,2026-01-08,1
WLDUSDT,2026-01-08,1
WLFIUSDT,2026-01-08,1
XAUTUSDT,2026-01-08,1
XLMUSDT,2026-01-08,1
XMRUSDT,2026-01-08,1
XPLUSDT,2026-01-08,1
XRPUSDT,2026-01-08,1
ZBTUSDT,2026-01-08,1
ZECUSDT,2026-01-08,1
ZENUSDT,2026-01-08,1
0GUSDT,2026-01-09,1
1000BONKUSDT,2026-01-09,1
1000PEPEUSDT,2026-01-09,1
AAVEUSDT,2026-01-09,1
ACTUSDT,2026-01-09,1
ADAUSDT,2026-01-09,1
AEROUSDT,2026-01-09,1
APTUSDT,2026-01-09,1
ARBUSDT,2026-01-09,1
ASTERUSDT,2026-01-09,1
ATOMUSDT,2026-01-09,1
AVAXUSDT,2026-01-09,1
AVNTUSDT,2026-01-09,1
BCHUSDT,2026-01-09,1
BEATUSDT,2026-01-09,1
BNBUSDT,2026-01-09,1
CCUSDT,2026-01-09,1
CRVUSDT,2026-01-09,1
DASHUSDT,2026-01-09,1
DOGEUSDT,2026-01-09,1
DOTUSDT,2026-01-09,1
DYDXUSDT,2026-01-09,1
EIGENUSDT,2026-01-09,1
ENAUSDT,2026-01-09,1
ETCUSDT,2026-01-09,1
FARTCOINUSDT,2026-01-09,1
FILUSDT,2026-01-09,1
FLOWUSDT,2026-01-09,1
GALAUSDT,2026-01-09,1
HBARUSDT,2026-01-09,1
HUSDT,2026-01-09,1
HYPEUSDT,2026-01-09,1
ICNTUSDT,2026-01-09,1
ICPUSDT,2026-01-09,1
INJUSDT,2026-01-09,1
IPUSDT,2026-01-09,1
JELLYJELLYUSDT,2026-01-09,1
JUPUSDT,2026-01-09,1
LDOUSDT,2026-01-09,1
LIGHTUSDT,2026-01-09,1
LINKUSDT,2026-01-09,1
LTCUSDT,2026-01-09,1
LUNA2USDT,2026-01-09,1
LYNUSDT,2026-01-09,1
MERLUSDT,2026-01-09,1
MNTUSDT,2026-01-09,1
MONUSDT,2026-01-09,1
MOODENGUSDT,2026-01-09,1
NEARUSDT,2026-01-09,1
ONDOUSDT,2026-01-09,1
OPUSDT,2026-01-09,1
ORDIUSDT,2026-01-09,1
PENGUUSDT,2026-01-09,1
PIEVERSEUSDT,2026-01-09,1
PIPPINUSDT,2026-01-09,1
POPCATUSDT,2026-01-09,1
PUMPFUNUSDT,2026-01-09,1
RENDERUSDT,2026-01-09,1
RIVERUSDT,2026-01-09,1
SEIUSDT,2026-01-09,1
SHIB1000USDT,2026-01-09,1
SOLUSDT,2026-01-09,1
SPXUSDT,2026-01-09,1
SQDUSDT,2026-01-09,1
STABLEUSDT,2026-01-09,1
STRKUSDT,2026-01-09,1
SUIUSDT,2026-01-09,1
TAOUSDT,2026-01-09,1
TIAUSDT,2026-01-09,1
TONUSDT,2026-01-09,1
TRUMPUSDT,2026-01-09,1
TRUTHUSDT,2026-01-09,1
TRXUSDT,2026-01-09,1
UNIUSDT,2026-01-09,1
USELESSUSDT,2026-01-09,1
VIRTUALUSDT,2026-01-09,1
WIFUSDT,2026-01-09,1
WLDUSDT,2026-01-09,1
WLFIUSDT,2026-01-09,1
XAUTUSDT,2026-01-09,1
XLMUSDT,2026-01-09,1
XMRUSDT,2026-01-09,1
XPLUSDT,2026-01-09,1
XRPUSDT,2026-01-09,1
ZBTUSDT,2026-01-09,1
ZECUSDT,2026-01-09,1
ZENUSDT,2026-01-09,1
0GUSDT,2026-01-10,1
1000BONKUSDT,2026-01-10,1
1000PEPEUSDT,2026-01-10,1
AAVEUSDT,2026-01-10,1
ADAUSDT,2026-01-10,1
AEROUSDT,2026-01-10,1
APTUSDT,2026-01-10,1
ARBUSDT,2026-01-10,1
ASTERUSDT,2026-01-10,1
ATOMUSDT,2026-01-10,1
AVAXUSDT,2026-01-10,1
AVNTUSDT,2026-01-10,1
BCHUSDT,2026-01-10,1
BEATUSDT,2026-01-10,1
BNBUSDT,2026-01-10,1
CCUSDT,2026-01-10,1
CRVUSDT,2026-01-10,1
DASHUSDT,2026-01-10,1
DOGEUSDT,2026-01-10,1
DOTUSDT,2026-01-10,1
DYDXUSDT,2026-01-10,1
EIGENUSDT,2026-01-10,1
ENAUSDT,2026-01-10,1
ETCUSDT,2026-01-10,1
FARTCOINUSDT,2026-01-10,1
FILUSDT,2026-01-10,1
FLOWUSDT,2026-01-10,1
GALAUSDT,2026-01-10,1
HBARUSDT,2026-01-10,1
HUSDT,2026-01-10,1
HYPEUSDT,2026-01-10,1
ICNTUSDT,2026-01-10,1
ICPUSDT,2026-01-10,1
INJUSDT,2026-01-10,1
IPUSDT,2026-01-10,1
JELLYJELLYUSDT,2026-01-10,1
JUPUSDT,2026-01-10,1
LDOUSDT,2026-01-10,1
LIGHTUSDT,2026-01-10,1
LINKUSDT,2026-01-10,1
LTCUSDT,2026-01-10,1
LUNA2USDT,2026-01-10,1
LYNUSDT,2026-01-10,1
MERLUSDT,2026-01-10,1
MNTUSDT,2026-01-10,1
MONUSDT,2026-01-10,1
MOODENGUSDT,2026-01-10,1
MYXUSDT,2026-01-10,1
NEARUSDT,2026-01-10,1
ONDOUSDT,2026-01-10,1
OPUSDT,2026-01-10,1
ORDIUSDT,2026-01-10,1
PENGUUSDT,2026-01-10,1
PIEVERSEUSDT,2026-01-10,1
PIPPINUSDT,2026-01-10,1
POPCATUSDT,2026-01-10,1
PUMPFUNUSDT,2026-01-10,1
RENDERUSDT,2026-01-10,1
RIVERUSDT,2026-01-10,1
SEIUSDT,2026-01-10,1
SHIB1000USDT,2026-01-10,1
SOLUSDT,2026-01-10,1
SPXUSDT,2026-01-10,1
SQDUSDT,2026-01-10,1
STABLEUSDT,2026-01-10,1
STRKUSDT,2026-01-10,1
STXUSDT,2026-01-10,1
SUIUSDT,2026-01-10,1
TAOUSDT,2026-01-10,1
TIAUSDT,2026-01-10,1
TONUSDT,2026-01-10,1
TRUMPUSDT,2026-01-10,1
TRXUSDT,2026-01-10,1
UNIUSDT,2026-01-10,1
USELESSUSDT,2026-01-10,1
VIRTUALUSDT,2026-01-10,1
WIFUSDT,2026-01-10,1
WLDUSDT,2026-01-10,1
WLFIUSDT,2026-01-10,1
XAUTUSDT,2026-01-10,1
XLMUSDT,2026-01-10,1
XMRUSDT,2026-01-10,1
XPLUSDT,2026-01-10,1
XRPUSDT,2026-01-10,1
ZBTUSDT,2026-01-10,1
ZECUSDT,2026-01-10,1
ZENUSDT,2026-01-10,1
0GUSDT,2026-01-11,1
1000BONKUSDT,2026-01-11,1
1000PEPEUSDT,2026-01-11,1
AAVEUSDT,2026-01-11,1
ADAUSDT,2026-01-11,1
AEROUSDT,2026-01-11,1
APTUSDT,2026-01-11,1
ARBUSDT,2026-01-11,1
ASTERUSDT,2026-01-11,1
ATOMUSDT,2026-01-11,1
AVAXUSDT,2026-01-11,1
AVNTUSDT,2026-01-11,1
BCHUSDT,2026-01-11,1
BEATUSDT,2026-01-11,1
BNBUSDT,2026-01-11,1
BROCCOLIUSDT,2026-01-11,1
CCUSDT,2026-01-11,1
CRVUSDT,2026-01-11,1
DASHUSDT,2026-01-11,1
DOGEUSDT,2026-01-11,1
DOTUSDT,2026-01-11,1
DYDXUSDT,2026-01-11,1
EIGENUSDT,2026-01-11,1
ENAUSDT,2026-01-11,1
ETCUSDT,2026-01-11,1
FARTCOINUSDT,2026-01-11,1
FILUSDT,2026-01-11,1
FLOWUSDT,2026-01-11,1
GALAUSDT,2026-01-11,1
HBARUSDT,2026-01-11,1
HUSDT,2026-01-11,1
HYPEUSDT,2026-01-11,1
ICNTUSDT,2026-01-11,1
ICPUSDT,2026-01-11,1
INJUSDT,2026-01-11,1
IPUSDT,2026-01-11,1
JELLYJELLYUSDT,2026-01-11,1
JUPUSDT,2026-01-11,1
LDOUSDT,2026-01-11,1
LIGHTUSDT,2026-01-11,1
LINKUSDT,2026-01-11,1
LTCUSDT,2026-01-11,1
LUNA2USDT,2026-01-11,1
LYNUSDT,2026-01-11,1
MERLUSDT,2026-01-11,1
MNTUSDT,2026-01-11,1
MONUSDT,2026-01-11,1
MOODENGUSDT,2026-01-11,1
MYXUSDT,2026-01-11,1
NEARUSDT,2026-01-11,1
ONDOUSDT,2026-01-11,1
OPUSDT,2026-01-11,1
ORDIUSDT,2026-01-11,1
PENGUUSDT,2026-01-11,1
PIEVERSEUSDT,2026-01-11,1
PIPPINUSDT,2026-01-11,1
POPCATUSDT,2026-01-11,1
PUMPFUNUSDT,2026-01-11,1
RENDERUSDT,2026-01-11,1
RIVERUSDT,2026-01-11,1
SEIUSDT,2026-01-11,1
SHIB1000USDT,2026-01-11,1
SOLUSDT,2026-01-11,1
SPXUSDT,2026-01-11,1
SQDUSDT,2026-01-11,1
STABLEUSDT,2026-01-11,1
STRKUSDT,2026-01-11,1
STXUSDT,2026-01-11,1
SUIUSDT,2026-01-11,1
TAOUSDT,2026-01-11,1
TIAUSDT,2026-01-11,1
TONUSDT,2026-01-11,1
TRUMPUSDT,2026-01-11,1
TRXUSDT,2026-01-11,1
UNIUSDT,2026-01-11,1
USELESSUSDT,2026-01-11,1
VIRTUALUSDT,2026-01-11,1
WIFUSDT,2026-01-11,1
WLDUSDT,2026-01-11,1
WLFIUSDT,2026-01-11,1
XAUTUSDT,2026-01-11,1
XLMUSDT,2026-01-11,1
XMRUSDT,2026-01-11,1
XPLUSDT,2026-01-11,1
XRPUSDT,2026-01-11,1
ZBTUSDT,2026-01-11,1
ZECUSDT,2026-01-11,1
ZENUSDT,2026-01-11,1
0GUSDT,2026-01-12,1
1000BONKUSDT,2026-01-12,1
1000PEPEUSDT,2026-01-12,1
AAVEUSDT,2026-01-12,1
ADAUSDT,2026-01-12,1
AEROUSDT,2026-01-12,1
APTUSDT,2026-01-12,1
ARBUSDT,2026-01-12,1
ASTERUSDT,2026-01-12,1
ATOMUSDT,2026-01-12,1
AVAXUSDT,2026-01-12,1
AVNTUSDT,2026-01-12,1
BCHUSDT,2026-01-12,1
BEATUSDT,2026-01-12,1
BNBUSDT,2026-01-12,1
BROCCOLIUSDT,2026-01-12,1
CCUSDT,2026-01-12,1
CLOUSDT,2026-01-12,1
CRVUSDT,2026-01-12,1
DASHUSDT,2026-01-12,1
DOGEUSDT,2026-01-12,1
DOTUSDT,2026-01-12,1
DYDXUSDT,2026-01-12,1
EIGENUSDT,2026-01-12,1
ENAUSDT,2026-01-12,1
ETCUSDT,2026-01-12,1
FARTCOINUSDT,2026-01-12,1
FILUSDT,2026-01-12,1
FLOWUSDT,2026-01-12,1
GALAUSDT,2026-01-12,1
HBARUSDT,2026-01-12,1
HUSDT,2026-01-12,1
HYPEUSDT,2026-01-12,1
ICNTUSDT,2026-01-12,1
ICPUSDT,2026-01-12,1
INJUSDT,2026-01-12,1
IPUSDT,2026-01-12,1
JELLYJELLYUSDT,2026-01-12,1
JUPUSDT,2026-01-12,1
LDOUSDT,2026-01-12,1
LIGHTUSDT,2026-01-12,1
LINKUSDT,2026-01-12,1
LTCUSDT,2026-01-12,1
LUNA2USDT,2026-01-12,1
LYNUSDT,2026-01-12,1
MERLUSDT,2026-01-12,1
MNTUSDT,2026-01-12,1
MONUSDT,2026-01-12,1
MOODENGUSDT,2026-01-12,1
MYXUSDT,2026-01-12,1
NEARUSDT,2026-01-12,1
ONDOUSDT,2026-01-12,1
OPUSDT,2026-01-12,1
ORDIUSDT,2026-01-12,1
PAXGUSDT,2026-01-12,1
PENGUUSDT,2026-01-12,1
PIEVERSEUSDT,2026-01-12,1
PIPPINUSDT,2026-01-12,1
POLUSDT,2026-01-12,1
POPCATUSDT,2026-01-12,1
PUMPFUNUSDT,2026-01-12,1
RENDERUSDT,2026-01-12,1
RIVERUSDT,2026-01-12,1
SEIUSDT,2026-01-12,1
SHIB1000USDT,2026-01-12,1
SOLUSDT,2026-01-12,1
SPXUSDT,2026-01-12,1
SQDUSDT,2026-01-12,1
STABLEUSDT,2026-01-12,1
STRKUSDT,2026-01-12,1
STXUSDT,2026-01-12,1
SUIUSDT,2026-01-12,1
TAOUSDT,2026-01-12,1
TIAUSDT,2026-01-12,1
TONUSDT,2026-01-12,1
TRUMPUSDT,2026-01-12,1
TRXUSDT,2026-01-12,1
UNIUSDT,2026-01-12,1
USELESSUSDT,2026-01-12,1
VIRTUALUSDT,2026-01-12,1
WIFUSDT,2026-01-12,1
WLDUSDT,2026-01-12,1
WLFIUSDT,2026-01-12,1
XAUTUSDT,2026-01-12,1
XLMUSDT,2026-01-12,1
XMRUSDT,2026-01-12,1
XPLUSDT,2026-01-12,1
XRPUSDT,2026-01-12,1
ZBTUSDT,2026-01-12,1
ZECUSDT,2026-01-12,1
ZENUSDT,2026-01-12,1
0GUSDT,2026-01-13,1
1000BONKUSDT,2026-01-13,1
1000PEPEUSDT,2026-01-13,1
AAVEUSDT,2026-01-13,1
ADAUSDT,2026-01-13,1
AEROUSDT,2026-01-13,1
APTUSDT,2026-01-13,1
ARBUSDT,2026-01-13,1
ASTERUSDT,2026-01-13,1
ATOMUSDT,2026-01-13,1
AVAXUSDT,2026-01-13,1
AVNTUSDT,2026-01-13,1
BCHUSDT,2026-01-13,1
BEATUSDT,2026-01-13,1
BNBUSDT,2026-01-13,1
BROCCOLIUSDT,2026-01-13,1
CCUSDT,2026-01-13,1
CLOUSDT,2026-01-13,1
CRVUSDT,2026-01-13,1
DASHUSDT,2026-01-13,1
DOGEUSDT,2026-01-13,1
DOTUSDT,2026-01-13,1
DYDXUSDT,2026-01-13,1
EIGENUSDT,2026-01-13,1
ENAUSDT,2026-01-13,1
ETCUSDT,2026-01-13,1
FARTCOINUSDT,2026-01-13,1
FILUSDT,2026-01-13,1
FLOWUSDT,2026-01-13,1
GALAUSDT,2026-01-13,1
HBARUSDT,2026-01-13,1
HUSDT,2026-01-13,1
HYPEUSDT,2026-01-13,1
ICNTUSDT,2026-01-13,1
ICPUSDT,2026-01-13,1
INJUSDT,2026-01-13,1
IPUSDT,2026-01-13,1
JASMYUSDT,2026-01-13,1
JELLYJELLYUSDT,2026-01-13,1
JUPUSDT,2026-01-13,1
LDOUSDT,2026-01-13,1
LIGHTUSDT,2026-01-13,1
LINKUSDT,2026-01-13,1
LTCUSDT,2026-01-13,1
LUNA2USDT,2026-01-13,1
LYNUSDT,2026-01-13,1
MERLUSDT,2026-01-13,1
MNTUSDT,2026-01-13,1
MONUSDT,2026-01-13,1
MOODENGUSDT,2026-01-13,1
MYXUSDT,2026-01-13,1
NEARUSDT,2026-01-13,1
ONDOUSDT,2026-01-13,1
OPUSDT,2026-01-13,1
ORDIUSDT,2026-01-13,1
PAXGUSDT,2026-01-13,1
PENGUUSDT,2026-01-13,1
PIEVERSEUSDT,2026-01-13,1
PIPPINUSDT,2026-01-13,1
POLUSDT,2026-01-13,1
POPCATUSDT,2026-01-13,1
PUMPFUNUSDT,2026-01-13,1
RENDERUSDT,2026-01-13,1
RIVERUSDT,2026-01-13,1
SEIUSDT,2026-01-13,1
SHIB1000USDT,2026-01-13,1
SOLUSDT,2026-01-13,1
SPXUSDT,2026-01-13,1
SQDUSDT,2026-01-13,1
STABLEUSDT,2026-01-13,1
STRKUSDT,2026-01-13,1
STXUSDT,2026-01-13,1
SUIUSDT,2026-01-13,1
TAOUSDT,2026-01-13,1
TIAUSDT,2026-01-13,1
TONUSDT,2026-01-13,1
TRUMPUSDT,2026-01-13,1
TRXUSDT,2026-01-13,1
UNIUSDT,2026-01-13,1
USELESSUSDT,2026-01-13,1
VIRTUALUSDT,2026-01-13,1
WIFUSDT,2026-01-13,1
WLDUSDT,2026-01-13,1
WLFIUSDT,2026-01-13,1
XAUTUSDT,2026-01-13,1
XLMUSDT,2026-01-13,1
XMRUSDT,2026-01-13,1
XPLUSDT,2026-01-13,1
XRPUSDT,2026-01-13,1
ZBTUSDT,2026-01-13,1
ZECUSDT,2026-01-13,1
ZENUSDT,2026-01-13,1
0GUSDT,2026-01-14,1
1000BONKUSDT,2026-01-14,1
1000PEPEUSDT,2026-01-14,1
AAVEUSDT,2026-01-14,1
ADAUSDT,2026-01-14,1
AEROUSDT,2026-01-14,1
APTUSDT,2026-01-14,1
ARBUSDT,2026-01-14,1
ASTERUSDT,2026-01-14,1
ATOMUSDT,2026-01-14,1
AVAXUSDT,2026-01-14,1
AVNTUSDT,2026-01-14,1
BCHUSDT,2026-01-14,1
BEATUSDT,2026-01-14,1
BNBUSDT,2026-01-14,1
BROCCOLIUSDT,2026-01-14,1
CCUSDT,2026-01-14,1
CLOUSDT,2026-01-14,1
CRVUSDT,2026-01-14,1
DASHUSDT,2026-01-14,1
DOGEUSDT,2026-01-14,1
DOTUSDT,2026-01-14,1
DYDXUSDT,2026-01-14,1
EIGENUSDT,2026-01-14,1
ENAUSDT,2026-01-14,1
ETCUSDT,2026-01-14,1
FARTCOINUSDT,2026-01-14,1
FILUSDT,2026-01-14,1
FLOWUSDT,2026-01-14,1
GALAUSDT,2026-01-14,1
HBARUSDT,2026-01-14,1
HUSDT,2026-01-14,1
HYPEUSDT,2026-01-14,1
ICNTUSDT,2026-01-14,1
ICPUSDT,2026-01-14,1
INJUSDT,2026-01-14,1
IPUSDT,2026-01-14,1
JASMYUSDT,2026-01-14,1
JELLYJELLYUSDT,2026-01-14,1
JUPUSDT,2026-01-14,1
KAITOUSDT,2026-01-14,1
LDOUSDT,2026-01-14,1
LIGHTUSDT,2026-01-14,1
LINKUSDT,2026-01-14,1
LTCUSDT,2026-01-14,1
LUNA2USDT,2026-01-14,1
LYNUSDT,2026-01-14,1
MERLUSDT,2026-01-14,1
MNTUSDT,2026-01-14,1
MONUSDT,2026-01-14,1
MOODENGUSDT,2026-01-14,1
MYXUSDT,2026-01-14,1
NEARUSDT,2026-01-14,1
ONDOUSDT,2026-01-14,1
OPUSDT,2026-01-14,1
ORDIUSDT,2026-01-14,1
PAXGUSDT,2026-01-14,1
PENGUUSDT,2026-01-14,1
PIEVERSEUSDT,2026-01-14,1
PIPPINUSDT,2026-01-14,1
POLUSDT,2026-01-14,1
POPCATUSDT,2026-01-14,1
PUMPFUNUSDT,2026-01-14,1
RENDERUSDT,2026-01-14,1
RIVERUSDT,2026-01-14,1
SEIUSDT,2026-01-14,1
SHIB1000USDT,2026-01-14,1
SOLUSDT,2026-01-14,1
SPXUSDT,2026-01-14,1
SQDUSDT,2026-01-14,1
STABLEUSDT,2026-01-14,1
STRKUSDT,2026-01-14,1
STXUSDT,2026-01-14,1
SUIUSDT,2026-01-14,1
TAOUSDT,2026-01-14,1
TIAUSDT,2026-01-14,1
TONUSDT,2026-01-14,1
TRUMPUSDT,2026-01-14,1
TRXUSDT,2026-01-14,1
UNIUSDT,2026-01-14,1
USELESSUSDT,2026-01-14,1
VIRTUALUSDT,2026-01-14,1
WIFUSDT,2026-01-14,1
WLDUSDT,2026-01-14,1
WLFIUSDT,2026-01-14,1
XAUTUSDT,2026-01-14,1
XLMUSDT,2026-01-14,1
XMRUSDT,2026-01-14,1
XPLUSDT,2026-01-14,1
XRPUSDT,2026-01-14,1
ZBTUSDT,2026-01-14,1
ZECUSDT,2026-01-14,1
ZENUSDT,2026-01-14,1
0GUSDT,2026-01-15,1
1000BONKUSDT,2026-01-15,1
1000PEPEUSDT,2026-01-15,1
AAVEUSDT,2026-01-15,1
ADAUSDT,2026-01-15,1
AEROUSDT,2026-01-15,1
APTUSDT,2026-01-15,1
ARBUSDT,2026-01-15,1
ASTERUSDT,2026-01-15,1
ATOMUSDT,2026-01-15,1
AVAXUSDT,2026-01-15,1
AVNTUSDT,2026-01-15,1
BCHUSDT,2026-01-15,1
BEATUSDT,2026-01-15,1
BNBUSDT,2026-01-15,1
BROCCOLIUSDT,2026-01-15,1
CCUSDT,2026-01-15,1
CLOUSDT,2026-01-15,1
CRVUSDT,2026-01-15,1
DASHUSDT,2026-01-15,1
DOGEUSDT,2026-01-15,1
DOTUSDT,2026-01-15,1
DYDXUSDT,2026-01-15,1
EIGENUSDT,2026-01-15,1
ENAUSDT,2026-01-15,1
ETCUSDT,2026-01-15,1
FARTCOINUSDT,2026-01-15,1
FILUSDT,2026-01-15,1
FLOWUSDT,2026-01-15,1
GALAUSDT,2026-01-15,1
HBARUSDT,2026-01-15,1
HUSDT,2026-01-15,1
HYPEUSDT,2026-01-15,1
ICNTUSDT,2026-01-15,1
ICPUSDT,2026-01-15,1
INJUSDT,2026-01-15,1
IPUSDT,2026-01-15,1
JASMYUSDT,2026-01-15,1
JELLYJELLYUSDT,2026-01-15,1
JUPUSDT,2026-01-15,1
KAITOUSDT,2026-01-15,1
LDOUSDT,2026-01-15,1
LIGHTUSDT,2026-01-15,1
LINKUSDT,2026-01-15,1
LTCUSDT,2026-01-15,1
LUNA2USDT,2026-01-15,1
LYNUSDT,2026-01-15,1
MERLUSDT,2026-01-15,1
MNTUSDT,2026-01-15,1
MONUSDT,2026-01-15,1
MOODENGUSDT,2026-01-15,1
MYXUSDT,2026-01-15,1
NEARUSDT,2026-01-15,1
ONDOUSDT,2026-01-15,1
OPUSDT,2026-01-15,1
ORDIUSDT,2026-01-15,1
PAXGUSDT,2026-01-15,1
PENGUUSDT,2026-01-15,1
PIEVERSEUSDT,2026-01-15,1
PIPPINUSDT,2026-01-15,1
POLUSDT,2026-01-15,1
POPCATUSDT,2026-01-15,1
PUMPFUNUSDT,2026-01-15,1
RENDERUSDT,2026-01-15,1
RIVERUSDT,2026-01-15,1
SEIUSDT,2026-01-15,1
SHIB1000USDT,2026-01-15,1
SOLUSDT,2026-01-15,1
SPXUSDT,2026-01-15,1
SQDUSDT,2026-01-15,1
STABLEUSDT,2026-01-15,1
STRKUSDT,2026-01-15,1
STXUSDT,2026-01-15,1
SUIUSDT,2026-01-15,1
TAOUSDT,2026-01-15,1
TIAUSDT,2026-01-15,1
TONUSDT,2026-01-15,1
TRUMPUSDT,2026-01-15,1
TRXUSDT,2026-01-15,1
UNIUSDT,2026-01-15,1
USELESSUSDT,2026-01-15,1
VIRTUALUSDT,2026-01-15,1
WIFUSDT,2026-01-15,1
WLDUSDT,2026-01-15,1
WLFIUSDT,2026-01-15,1
XAUTUSDT,2026-01-15,1
XLMUSDT,2026-01-15,1
XMRUSDT,2026-01-15,1
XPLUSDT,2026-01-15,1
XRPUSDT,2026-01-15,1
ZBTUSDT,2026-01-15,1
ZECUSDT,2026-01-15,1
ZENUSDT,2026-01-15,1
0GUSDT,2026-01-16,1
1000BONKUSDT,2026-01-16,1
1000PEPEUSDT,2026-01-16,1
AAVEUSDT,2026-01-16,1
ADAUSDT,2026-01-16,1
AEROUSDT,2026-01-16,1
APTUSDT,2026-01-16,1
ARBUSDT,2026-01-16,1
ASTERUSDT,2026-01-16,1
ATOMUSDT,2026-01-16,1
AVAXUSDT,2026-01-16,1
AVNTUSDT,2026-01-16,1
BCHUSDT,2026-01-16,1
BEATUSDT,2026-01-16,1
BNBUSDT,2026-01-16,1
BROCCOLIUSDT,2026-01-16,1
CCUSDT,2026-01-16,1
CLOUSDT,2026-01-16,1
CRVUSDT,2026-01-16,1
DASHUSDT,2026-01-16,1
DOGEUSDT,2026-01-16,1
DOTUSDT,2026-01-16,1
DYDXUSDT,2026-01-16,1
EIGENUSDT,2026-01-16,1
ENAUSDT,2026-01-16,1
ETCUSDT,2026-01-16,1
FARTCOINUSDT,2026-01-16,1
FILUSDT,2026-01-16,1
FLOWUSDT,2026-01-16,1
GALAUSDT,2026-01-16,1
GMTUSDT,2026-01-16,1
HBARUSDT,2026-01-16,1
HUSDT,2026-01-16,1
HYPEUSDT,2026-01-16,1
ICNTUSDT,2026-01-16,1
ICPUSDT,2026-01-16,1
INJUSDT,2026-01-16,1
IPUSDT,2026-01-16,1
JASMYUSDT,2026-01-16,1
JELLYJELLYUSDT,2026-01-16,1
JUPUSDT,2026-01-16,1
KAITOUSDT,2026-01-16,1
LDOUSDT,2026-01-16,1
LIGHTUSDT,2026-01-16,1
LINKUSDT,2026-01-16,1
LTCUSDT,2026-01-16,1
LUNA2USDT,2026-01-16,1
LYNUSDT,2026-01-16,1
MERLUSDT,2026-01-16,1
MNTUSDT,2026-01-16,1
MONUSDT,2026-01-16,1
MOODENGUSDT,2026-01-16,1
MYXUSDT,2026-01-16,1
NEARUSDT,2026-01-16,1
NIGHTUSDT,2026-01-16,1
ONDOUSDT,2026-01-16,1
OPUSDT,2026-01-16,1
ORDIUSDT,2026-01-16,1
PAXGUSDT,2026-01-16,1
PENGUUSDT,2026-01-16,1
PIEVERSEUSDT,2026-01-16,1
PIPPINUSDT,2026-01-16,1
POLUSDT,2026-01-16,1
POPCATUSDT,2026-01-16,1
PUMPFUNUSDT,2026-01-16,1
RENDERUSDT,2026-01-16,1
RIVERUSDT,2026-01-16,1
SEIUSDT,2026-01-16,1
SHIB1000USDT,2026-01-16,1
SOLUSDT,2026-01-16,1
SPXUSDT,2026-01-16,1
SQDUSDT,2026-01-16,1
STABLEUSDT,2026-01-16,1
STRKUSDT,2026-01-16,1
STXUSDT,2026-01-16,1
SUIUSDT,2026-01-16,1
TAOUSDT,2026-01-16,1
TIAUSDT,2026-01-16,1
TONUSDT,2026-01-16,1
TRUMPUSDT,2026-01-16,1
TRXUSDT,2026-01-16,1
UNIUSDT,2026-01-16,1
USELESSUSDT,2026-01-16,1
VIRTUALUSDT,2026-01-16,1
VVVUSDT,2026-01-16,1
WIFUSDT,2026-01-16,1
WLDUSDT,2026-01-16,1
WLFIUSDT,2026-01-16,1
XAUTUSDT,2026-01-16,1
XLMUSDT,2026-01-16,1
XMRUSDT,2026-01-16,1
XPLUSDT,2026-01-16,1
XRPUSDT,2026-01-16,1
ZBTUSDT,2026-01-16,1
ZECUSDT,2026-01-16,1
ZENUSDT,2026-01-16,1
1000BONKUSDT,2026-01-17,1
1000PEPEUSDT,2026-01-17,1
AAVEUSDT,2026-01-17,1
ADAUSDT,2026-01-17,1
AEROUSDT,2026-01-17,1
APTUSDT,2026-01-17,1
ARBUSDT,2026-01-17,1
ASTERUSDT,2026-01-17,1
ATOMUSDT,2026-01-17,1
AVAXUSDT,2026-01-17,1
AVNTUSDT,2026-01-17,1
BCHUSDT,2026-01-17,1
BEATUSDT,2026-01-17,1
BNBUSDT,2026-01-17,1
BROCCOLIUSDT,2026-01-17,1
CCUSDT,2026-01-17,1
CHZUSDT,2026-01-17,1
CLOUSDT,2026-01-17,1
CRVUSDT,2026-01-17,1
DASHUSDT,2026-01-17,1
DOGEUSDT,2026-01-17,1
DOTUSDT,2026-01-17,1
DYDXUSDT,2026-01-17,1
EIGENUSDT,2026-01-17,1
ENAUSDT,2026-01-17,1
ETCUSDT,2026-01-17,1
FARTCOINUSDT,2026-01-17,1
FILUSDT,2026-01-17,1
FLOWUSDT,2026-01-17,1
GALAUSDT,2026-01-17,1
GMTUSDT,2026-01-17,1
HBARUSDT,2026-01-17,1
HUSDT,2026-01-17,1
HYPEUSDT,2026-01-17,1
ICNTUSDT,2026-01-17,1
ICPUSDT,2026-01-17,1
INJUSDT,2026-01-17,1
IPUSDT,2026-01-17,1
JASMYUSDT,2026-01-17,1
JELLYJELLYUSDT,2026-01-17,1
JUPUSDT,2026-01-17,1
KAITOUSDT,2026-01-17,1
LDOUSDT,2026-01-17,1
LIGHTUSDT,2026-01-17,1
LINKUSDT,2026-01-17,1
LTCUSDT,2026-01-17,1
LUNA2USDT,2026-01-17,1
LYNUSDT,2026-01-17,1
MERLUSDT,2026-01-17,1
MNTUSDT,2026-01-17,1
MONUSDT,2026-01-17,1
MOODENGUSDT,2026-01-17,1
MYXUSDT,2026-01-17,1
NEARUSDT,2026-01-17,1
NIGHTUSDT,2026-01-17,1
ONDOUSDT,2026-01-17,1
OPUSDT,2026-01-17,1
ORDIUSDT,2026-01-17,1
PAXGUSDT,2026-01-17,1
PENGUUSDT,2026-01-17,1
PIEVERSEUSDT,2026-01-17,1
PIPPINUSDT,2026-01-17,1
POLUSDT,2026-01-17,1
POPCATUSDT,2026-01-17,1
PUMPFUNUSDT,2026-01-17,1
RENDERUSDT,2026-01-17,1
RIVERUSDT,2026-01-17,1
SEIUSDT,2026-01-17,1
SHIB1000USDT,2026-01-17,1
SOLUSDT,2026-01-17,1
SPXUSDT,2026-01-17,1
SQDUSDT,2026-01-17,1
STABLEUSDT,2026-01-17,1
STRKUSDT,2026-01-17,1
STXUSDT,2026-01-17,1
SUIUSDT,2026-01-17,1
TAOUSDT,2026-01-17,1
TIAUSDT,2026-01-17,1
TONUSDT,2026-01-17,1
TRUMPUSDT,2026-01-17,1
TRXUSDT,2026-01-17,1
UNIUSDT,2026-01-17,1
USELESSUSDT,2026-01-17,1
VIRTUALUSDT,2026-01-17,1
VVVUSDT,2026-01-17,1
WIFUSDT,2026-01-17,1
WLDUSDT,2026-01-17,1
WLFIUSDT,2026-01-17,1
XAUTUSDT,2026-01-17,1
XLMUSDT,2026-01-17,1
XMRUSDT,2026-01-17,1
XPLUSDT,2026-01-17,1
XRPUSDT,2026-01-17,1
ZBTUSDT,2026-01-17,1
ZECUSDT,2026-01-17,1
ZENUSDT,2026-01-17,1
1000BONKUSDT,2026-01-18,1
1000PEPEUSDT,2026-01-18,1
AAVEUSDT,2026-01-18,1
ADAUSDT,2026-01-18,1
AEROUSDT,2026-01-18,1
APTUSDT,2026-01-18,1
ARBUSDT,2026-01-18,1
ASTERUSDT,2026-01-18,1
ATOMUSDT,2026-01-18,1
AVAXUSDT,2026-01-18,1
AVNTUSDT,2026-01-18,1
BCHUSDT,2026-01-18,1
BEATUSDT,2026-01-18,1
BNBUSDT,2026-01-18,1
BROCCOLIUSDT,2026-01-18,1
CCUSDT,2026-01-18,1
CHZUSDT,2026-01-18,1
CLOUSDT,2026-01-18,1
CRVUSDT,2026-01-18,1
DASHUSDT,2026-01-18,1
DOGEUSDT,2026-01-18,1
DOTUSDT,2026-01-18,1
DYDXUSDT,2026-01-18,1
EIGENUSDT,2026-01-18,1
ENAUSDT,2026-01-18,1
ETCUSDT,2026-01-18,1
FARTCOINUSDT,2026-01-18,1
FILUSDT,2026-01-18,1
FLOWUSDT,2026-01-18,1
GALAUSDT,2026-01-18,1
GMTUSDT,2026-01-18,1
HBARUSDT,2026-01-18,1
HUSDT,2026-01-18,1
HYPEUSDT,2026-01-18,1
ICNTUSDT,2026-01-18,1
ICPUSDT,2026-01-18,1
INJUSDT,2026-01-18,1
IPUSDT,2026-01-18,1
JASMYUSDT,2026-01-18,1
JELLYJELLYUSDT,2026-01-18,1
JUPUSDT,2026-01-18,1
KAITOUSDT,2026-01-18,1
LDOUSDT,2026-01-18,1
LINKUSDT,2026-01-18,1
LTCUSDT,2026-01-18,1
LYNUSDT,2026-01-18,1
MERLUSDT,2026-01-18,1
MNTUSDT,2026-01-18,1
MONUSDT,2026-01-18,1
MOODENGUSDT,2026-01-18,1
MYXUSDT,2026-01-18,1
NEARUSDT,2026-01-18,1
NIGHTUSDT,2026-01-18,1
ONDOUSDT,2026-01-18,1
OPUSDT,2026-01-18,1
ORDIUSDT,2026-01-18,1
PAXGUSDT,2026-01-18,1
PENGUUSDT,2026-01-18,1
PIEVERSEUSDT,2026-01-18,1
PIPPINUSDT,2026-01-18,1
POLUSDT,2026-01-18,1
POPCATUSDT,2026-01-18,1
PUMPFUNUSDT,2026-01-18,1
RENDERUSDT,2026-01-18,1
RIVERUSDT,2026-01-18,1
SEIUSDT,2026-01-18,1
SHIB1000USDT,2026-01-18,1
SOLUSDT,2026-01-18,1
SPXUSDT,2026-01-18,1
STABLEUSDT,2026-01-18,1
STRKUSDT,2026-01-18,1
STXUSDT,2026-01-18,1
SUIUSDT,2026-01-18,1
TAOUSDT,2026-01-18,1
TIAUSDT,2026-01-18,1
TONUSDT,2026-01-18,1
TRUMPUSDT,2026-01-18,1
TRXUSDT,2026-01-18,1
UNIUSDT,2026-01-18,1
USELESSUSDT,2026-01-18,1
VIRTUALUSDT,2026-01-18,1
VVVUSDT,2026-01-18,1
WIFUSDT,2026-01-18,1
WLDUSDT,2026-01-18,1
WLFIUSDT,2026-01-18,1
XAUTUSDT,2026-01-18,1
XLMUSDT,2026-01-18,1
XMRUSDT,2026-01-18,1
XPLUSDT,2026-01-18,1
XRPUSDT,2026-01-18,1
ZBTUSDT,2026-01-18,1
ZECUSDT,2026-01-18,1
ZENUSDT,2026-01-18,1
1000BONKUSDT,2026-01-19,1
1000PEPEUSDT,2026-01-19,1
AAVEUSDT,2026-01-19,1
ADAUSDT,2026-01-19,1
AEROUSDT,2026-01-19,1
APTUSDT,2026-01-19,1
ARBUSDT,2026-01-19,1
ASTERUSDT,2026-01-19,1
ATOMUSDT,2026-01-19,1
AVAXUSDT,2026-01-19,1
AVNTUSDT,2026-01-19,1
BCHUSDT,2026-01-19,1
BEATUSDT,2026-01-19,1
BNBUSDT,2026-01-19,1
BROCCOLIUSDT,2026-01-19,1
CCUSDT,2026-01-19,1
CHZUSDT,2026-01-19,1
CLOUSDT,2026-01-19,1
CRVUSDT,2026-01-19,1
DASHUSDT,2026-01-19,1
DOGEUSDT,2026-01-19,1
DOTUSDT,2026-01-19,1
DYDXUSDT,2026-01-19,1
EIGENUSDT,2026-01-19,1
ENAUSDT,2026-01-19,1
ETCUSDT,2026-01-19,1
FARTCOINUSDT,2026-01-19,1
FILUSDT,2026-01-19,1
FLOWUSDT,2026-01-19,1
GALAUSDT,2026-01-19,1
GMTUSDT,2026-01-19,1
HBARUSDT,2026-01-19,1
HUSDT,2026-01-19,1
HYPEUSDT,2026-01-19,1
ICNTUSDT,2026-01-19,1
ICPUSDT,2026-01-19,1
INJUSDT,2026-01-19,1
IPUSDT,2026-01-19,1
JASMYUSDT,2026-01-19,1
JELLYJELLYUSDT,2026-01-19,1
JUPUSDT,2026-01-19,1
KAITOUSDT,2026-01-19,1
LDOUSDT,2026-01-19,1
LINKUSDT,2026-01-19,1
LTCUSDT,2026-01-19,1
LYNUSDT,2026-01-19,1
MERLUSDT,2026-01-19,1
MNTUSDT,2026-01-19,1
MONUSDT,2026-01-19,1
MOODENGUSDT,2026-01-19,1
MYXUSDT,2026-01-19,1
NEARUSDT,2026-01-19,1
NIGHTUSDT,2026-01-19,1
ONDOUSDT,2026-01-19,1
OPUSDT,2026-01-19,1
ORDIUSDT,2026-01-19,1
PAXGUSDT,2026-01-19,1
PENGUUSDT,2026-01-19,1
PIEVERSEUSDT,2026-01-19,1
PIPPINUSDT,2026-01-19,1
POLUSDT,2026-01-19,1
POPCATUSDT,2026-01-19,1
PUMPFUNUSDT,2026-01-19,1
RENDERUSDT,2026-01-19,1
RIVERUSDT,2026-01-19,1
SEIUSDT,2026-01-19,1
SHIB1000USDT,2026-01-19,1
SOLUSDT,2026-01-19,1
SPXUSDT,2026-01-19,1
STABLEUSDT,2026-01-19,1
STRKUSDT,2026-01-19,1
STXUSDT,2026-01-19,1
SUIUSDT,2026-01-19,1
TAOUSDT,2026-01-19,1
TIAUSDT,2026-01-19,1
TONUSDT,2026-01-19,1
TRUMPUSDT,2026-01-19,1
TRXUSDT,2026-01-19,1
UNIUSDT,2026-01-19,1
USELESSUSDT,2026-01-19,1
VIRTUALUSDT,2026-01-19,1
VVVUSDT,2026-01-19,1
WIFUSDT,2026-01-19,1
WLDUSDT,2026-01-19,1
WLFIUSDT,2026-01-19,1
XAUTUSDT,2026-01-19,1
XLMUSDT,2026-01-19,1
XMRUSDT,2026-01-19,1
XPLUSDT,2026-01-19,1
XRPUSDT,2026-01-19,1
ZBTUSDT,2026-01-19,1
ZECUSDT,2026-01-19,1
ZENUSDT,2026-01-19,1
1000BONKUSDT,2026-01-20,1
1000PEPEUSDT,2026-01-20,1
AAVEUSDT,2026-01-20,1
ADAUSDT,2026-01-20,1
AEROUSDT,2026-01-20,1
APTUSDT,2026-01-20,1
ARBUSDT,2026-01-20,1
ASTERUSDT,2026-01-20,1
ATOMUSDT,2026-01-20,1
AVAXUSDT,2026-01-20,1
AVNTUSDT,2026-01-20,1
AXSUSDT,2026-01-20,1
BCHUSDT,2026-01-20,1
BEATUSDT,2026-01-20,1
BNBUSDT,2026-01-20,1
BROCCOLIUSDT,2026-01-20,1
CCUSDT,2026-01-20,1
CHZUSDT,2026-01-20,1
CLOUSDT,2026-01-20,1
CRVUSDT,2026-01-20,1
DASHUSDT,2026-01-20,1
DOGEUSDT,2026-01-20,1
DOTUSDT,2026-01-20,1
DYDXUSDT,2026-01-20,1
EIGENUSDT,2026-01-20,1
ENAUSDT,2026-01-20,1
ETCUSDT,2026-01-20,1
FARTCOINUSDT,2026-01-20,1
FILUSDT,2026-01-20,1
FLOWUSDT,2026-01-20,1
GALAUSDT,2026-01-20,1
GMTUSDT,2026-01-20,1
HBARUSDT,2026-01-20,1
HUSDT,2026-01-20,1
HYPEUSDT,2026-01-20,1
ICNTUSDT,2026-01-20,1
ICPUSDT,2026-01-20,1
INJUSDT,2026-01-20,1
IPUSDT,2026-01-20,1
JASMYUSDT,2026-01-20,1
JELLYJELLYUSDT,2026-01-20,1
JUPUSDT,2026-01-20,1
KAITOUSDT,2026-01-20,1
LDOUSDT,2026-01-20,1
LINKUSDT,2026-01-20,1
LTCUSDT,2026-01-20,1
MERLUSDT,2026-01-20,1
MNTUSDT,2026-01-20,1
MONUSDT,2026-01-20,1
MOODENGUSDT,2026-01-20,1
MYXUSDT,2026-01-20,1
NEARUSDT,2026-01-20,1
NIGHTUSDT,2026-01-20,1
ONDOUSDT,2026-01-20,1
OPUSDT,2026-01-20,1
ORDIUSDT,2026-01-20,1
PAXGUSDT,2026-01-20,1
PENGUUSDT,2026-01-20,1
PIEVERSEUSDT,2026-01-20,1
PIPPINUSDT,2026-01-20,1
POLUSDT,2026-01-20,1
POPCATUSDT,2026-01-20,1
PUMPFUNUSDT,2026-01-20,1
RENDERUSDT,2026-01-20,1
RIVERUSDT,2026-01-20,1
SEIUSDT,2026-01-20,1
SHIB1000USDT,2026-01-20,1
SOLUSDT,2026-01-20,1
SPXUSDT,2026-01-20,1
STABLEUSDT,2026-01-20,1
STRKUSDT,2026-01-20,1
STXUSDT,2026-01-20,1
SUIUSDT,2026-01-20,1
TAOUSDT,2026-01-20,1
TIAUSDT,2026-01-20,1
TONUSDT,2026-01-20,1
TRUMPUSDT,2026-01-20,1
TRXUSDT,2026-01-20,1
UNIUSDT,2026-01-20,1
USELESSUSDT,2026-01-20,1
VIRTUALUSDT,2026-01-20,1
VVVUSDT,2026-01-20,1
WIFUSDT,2026-01-20,1
WLDUSDT,2026-01-20,1
WLFIUSDT,2026-01-20,1
XAUTUSDT,2026-01-20,1
XLMUSDT,2026-01-20,1
XMRUSDT,2026-01-20,1
XPLUSDT,2026-01-20,1
XRPUSDT,2026-01-20,1
ZBTUSDT,2026-01-20,1
ZECUSDT,2026-01-20,1
ZENUSDT,2026-01-20,1
1000BONKUSDT,2026-01-21,1
1000PEPEUSDT,2026-01-21,1
AAVEUSDT,2026-01-21,1
ADAUSDT,2026-01-21,1
AEROUSDT,2026-01-21,1
APTUSDT,2026-01-21,1
ARBUSDT,2026-01-21,1
ASTERUSDT,2026-01-21,1
ATOMUSDT,2026-01-21,1
AVAXUSDT,2026-01-21,1
AVNTUSDT,2026-01-21,1
AXSUSDT,2026-01-21,1
BCHUSDT,2026-01-21,1
BEATUSDT,2026-01-21,1
BERAUSDT,2026-01-21,1
BNBUSDT,2026-01-21,1
BROCCOLIUSDT,2026-01-21,1
CCUSDT,2026-01-21,1
CHZUSDT,2026-01-21,1
CLOUSDT,2026-01-21,1
CRVUSDT,2026-01-21,1
DASHUSDT,2026-01-21,1
DOGEUSDT,2026-01-21,1
DOTUSDT,2026-01-21,1
DYDXUSDT,2026-01-21,1
EIGENUSDT,2026-01-21,1
ENAUSDT,2026-01-21,1
ETCUSDT,2026-01-21,1
FARTCOINUSDT,2026-01-21,1
FILUSDT,2026-01-21,1
FLOWUSDT,2026-01-21,1
GALAUSDT,2026-01-21,1
GMTUSDT,2026-01-21,1
HBARUSDT,2026-01-21,1
HUSDT,2026-01-21,1
HYPEUSDT,2026-01-21,1
ICNTUSDT,2026-01-21,1
ICPUSDT,2026-01-21,1
INJUSDT,2026-01-21,1
IPUSDT,2026-01-21,1
JASMYUSDT,2026-01-21,1
JELLYJELLYUSDT,2026-01-21,1
JUPUSDT,2026-01-21,1
KAITOUSDT,2026-01-21,1
LDOUSDT,2026-01-21,1
LINKUSDT,2026-01-21,1
LTCUSDT,2026-01-21,1
MERLUSDT,2026-01-21,1
MNTUSDT,2026-01-21,1
MONUSDT,2026-01-21,1
MOODENGUSDT,2026-01-21,1
MYXUSDT,2026-01-21,1
NEARUSDT,2026-01-21,1
NIGHTUSDT,2026-01-21,1
ONDOUSDT,2026-01-21,1
OPUSDT,2026-01-21,1
ORDIUSDT,2026-01-21,1
PAXGUSDT,2026-01-21,1
PENGUUSDT,2026-01-21,1
PIEVERSEUSDT,2026-01-21,1
PIPPINUSDT,2026-01-21,1
POLUSDT,2026-01-21,1
POPCATUSDT,2026-01-21,1
PUMPFUNUSDT,2026-01-21,1
RENDERUSDT,2026-01-21,1
RIVERUSDT,2026-01-21,1
SANDUSDT,2026-01-21,1
SEIUSDT,2026-01-21,1
SHIB1000USDT,2026-01-21,1
SOLUSDT,2026-01-21,1
SPXUSDT,2026-01-21,1
STABLEUSDT,2026-01-21,1
STRKUSDT,2026-01-21,1
SUIUSDT,2026-01-21,1
TAOUSDT,2026-01-21,1
TIAUSDT,2026-01-21,1
TONUSDT,2026-01-21,1
TRUMPUSDT,2026-01-21,1
TRXUSDT,2026-01-21,1
UNIUSDT,2026-01-21,1
USELESSUSDT,2026-01-21,1
VIRTUALUSDT,2026-01-21,1
VVVUSDT,2026-01-21,1
WIFUSDT,2026-01-21,1
WLDUSDT,2026-01-21,1
WLFIUSDT,2026-01-21,1
XAUTUSDT,2026-01-21,1
XLMUSDT,2026-01-21,1
XMRUSDT,2026-01-21,1
XPLUSDT,2026-01-21,1
XRPUSDT,2026-01-21,1
ZBTUSDT,2026-01-21,1
ZECUSDT,2026-01-21,1
ZENUSDT,2026-01-21,1
1000BONKUSDT,2026-01-22,1
1000PEPEUSDT,2026-01-22,1
AAVEUSDT,2026-01-22,1
ADAUSDT,2026-01-22,1
AEROUSDT,2026-01-22,1
APTUSDT,2026-01-22,1
ARBUSDT,2026-01-22,1
ASTERUSDT,2026-01-22,1
ATOMUSDT,2026-01-22,1
AVAXUSDT,2026-01-22,1
AVNTUSDT,2026-01-22,1
AXSUSDT,2026-01-22,1
BCHUSDT,2026-01-22,1
BEATUSDT,2026-01-22,1
BERAUSDT,2026-01-22,1
BNBUSDT,2026-01-22,1
BROCCOLIUSDT,2026-01-22,1
CCUSDT,2026-01-22,1
CHZUSDT,2026-01-22,1
CLOUSDT,2026-01-22,1
CRVUSDT,2026-01-22,1
DASHUSDT,2026-01-22,1
DOGEUSDT,2026-01-22,1
DOTUSDT,2026-01-22,1
DYDXUSDT,2026-01-22,1
EIGENUSDT,2026-01-22,1
ENAUSDT,2026-01-22,1
ETCUSDT,2026-01-22,1
FARTCOINUSDT,2026-01-22,1
FILUSDT,2026-01-22,1
FLOWUSDT,2026-01-22,1
GALAUSDT,2026-01-22,1
GMTUSDT,2026-01-22,1
HBARUSDT,2026-01-22,1
HUSDT,2026-01-22,1
HYPEUSDT,2026-01-22,1
ICNTUSDT,2026-01-22,1
ICPUSDT,2026-01-22,1
INJUSDT,2026-01-22,1
IPUSDT,2026-01-22,1
JASMYUSDT,2026-01-22,1
JELLYJELLYUSDT,2026-01-22,1
JUPUSDT,2026-01-22,1
KAITOUSDT,2026-01-22,1
LDOUSDT,2026-01-22,1
LINKUSDT,2026-01-22,1
LTCUSDT,2026-01-22,1
MERLUSDT,2026-01-22,1
MNTUSDT,2026-01-22,1
MONUSDT,2026-01-22,1
MOODENGUSDT,2026-01-22,1
MYXUSDT,2026-01-22,1
NEARUSDT,2026-01-22,1
NIGHTUSDT,2026-01-22,1
ONDOUSDT,2026-01-22,1
OPUSDT,2026-01-22,1
ORDIUSDT,2026-01-22,1
PAXGUSDT,2026-01-22,1
PENGUUSDT,2026-01-22,1
PIEVERSEUSDT,2026-01-22,1
PIPPINUSDT,2026-01-22,1
POLUSDT,2026-01-22,1
POPCATUSDT,2026-01-22,1
PUMPFUNUSDT,2026-01-22,1
RENDERUSDT,2026-01-22,1
RIVERUSDT,2026-01-22,1
SANDUSDT,2026-01-22,1
SEIUSDT,2026-01-22,1
SHIB1000USDT,2026-01-22,1
SOLUSDT,2026-01-22,1
SPXUSDT,2026-01-22,1
STABLEUSDT,2026-01-22,1
STRKUSDT,2026-01-22,1
SUIUSDT,2026-01-22,1
TAOUSDT,2026-01-22,1
TIAUSDT,2026-01-22,1
TONUSDT,2026-01-22,1
TRUMPUSDT,2026-01-22,1
TRXUSDT,2026-01-22,1
UNIUSDT,2026-01-22,1
USELESSUSDT,2026-01-22,1
VIRTUALUSDT,2026-01-22,1
VVVUSDT,2026-01-22,1
WIFUSDT,2026-01-22,1
WLDUSDT,2026-01-22,1
WLFIUSDT,2026-01-22,1
XAUTUSDT,2026-01-22,1
XLMUSDT,2026-01-22,1
XMRUSDT,2026-01-22,1
XPLUSDT,2026-01-22,1
XRPUSDT,2026-01-22,1
ZBTUSDT,2026-01-22,1
ZECUSDT,2026-01-22,1
ZENUSDT,2026-01-22,1
1000BONKUSDT,2026-01-23,1
1000PEPEUSDT,2026-01-23,1
AAVEUSDT,2026-01-23,1
ADAUSDT,2026-01-23,1
AEROUSDT,2026-01-23,1
APTUSDT,2026-01-23,1
ARBUSDT,2026-01-23,1
ASTERUSDT,2026-01-23,1
ATOMUSDT,2026-01-23,1
AVAXUSDT,2026-01-23,1
AVNTUSDT,2026-01-23,1
AXSUSDT,2026-01-23,1
BCHUSDT,2026-01-23,1
BEATUSDT,2026-01-23,1
BERAUSDT,2026-01-23,1
BNBUSDT,2026-01-23,1
BROCCOLIUSDT,2026-01-23,1
CCUSDT,2026-01-23,1
CHZUSDT,2026-01-23,1
CLOUSDT,2026-01-23,1
CRVUSDT,2026-01-23,1
DASHUSDT,2026-01-23,1
DOGEUSDT,2026-01-23,1
DOTUSDT,2026-01-23,1
DUSKUSDT,2026-01-23,1
DYDXUSDT,2026-01-23,1
EIGENUSDT,2026-01-23,1
ENAUSDT,2026-01-23,1
ETCUSDT,2026-01-23,1
FARTCOINUSDT,2026-01-23,1
FILUSDT,2026-01-23,1
FLOWUSDT,2026-01-23,1
GALAUSDT,2026-01-23,1
GMTUSDT,2026-01-23,1
HBARUSDT,2026-01-23,1
HUSDT,2026-01-23,1
HYPEUSDT,2026-01-23,1
ICNTUSDT,2026-01-23,1
ICPUSDT,2026-01-23,1
INJUSDT,2026-01-23,1
IPUSDT,2026-01-23,1
JASMYUSDT,2026-01-23,1
JELLYJELLYUSDT,2026-01-23,1
JUPUSDT,2026-01-23,1
KAITOUSDT,2026-01-23,1
LDOUSDT,2026-01-23,1
LINKUSDT,2026-01-23,1
LTCUSDT,2026-01-23,1
MERLUSDT,2026-01-23,1
METUSDT,2026-01-23,1
MNTUSDT,2026-01-23,1
MONUSDT,2026-01-23,1
MOODENGUSDT,2026-01-23,1
MYXUSDT,2026-01-23,1
NEARUSDT,2026-01-23,1
NIGHTUSDT,2026-01-23,1
ONDOUSDT,2026-01-23,1
OPUSDT,2026-01-23,1
ORDIUSDT,2026-01-23,1
PAXGUSDT,2026-01-23,1
PENGUUSDT,2026-01-23,1
PIEVERSEUSDT,2026-01-23,1
PIPPINUSDT,2026-01-23,1
POLUSDT,2026-01-23,1
POPCATUSDT,2026-01-23,1
PUMPFUNUSDT,2026-01-23,1
RENDERUSDT,2026-01-23,1
RIVERUSDT,2026-01-23,1
SANDUSDT,2026-01-23,1
SEIUSDT,2026-01-23,1
SHIB1000USDT,2026-01-23,1
SOLUSDT,2026-01-23,1
SPXUSDT,2026-01-23,1
STABLEUSDT,2026-01-23,1
STRKUSDT,2026-01-23,1
SUIUSDT,2026-01-23,1
TAOUSDT,2026-01-23,1
TIAUSDT,2026-01-23,1
TONUSDT,2026-01-23,1
TRUMPUSDT,2026-01-23,1
TRXUSDT,2026-01-23,1
UNIUSDT,2026-01-23,1
USELESSUSDT,2026-01-23,1
VIRTUALUSDT,2026-01-23,1
WIFUSDT,2026-01-23,1
WLDUSDT,2026-01-23,1
WLFIUSDT,2026-01-23,1
XAUTUSDT,2026-01-23,1
XLMUSDT,2026-01-23,1
XMRUSDT,2026-01-23,1
XPLUSDT,2026-01-23,1
XRPUSDT,2026-01-23,1
ZBTUSDT,2026-01-23,1
ZECUSDT,2026-01-23,1
ZENUSDT,2026-01-23,1
1000BONKUSDT,2026-01-24,1
1000PEPEUSDT,2026-01-24,1
AAVEUSDT,2026-01-24,1
ADAUSDT,2026-01-24,1
AEROUSDT,2026-01-24,1
APTUSDT,2026-01-24,1
ARBUSDT,2026-01-24,1
ASTERUSDT,2026-01-24,1
ATOMUSDT,2026-01-24,1
AVAXUSDT,2026-01-24,1
AVNTUSDT,2026-01-24,1
AXSUSDT,2026-01-24,1
BCHUSDT,2026-01-24,1
BEATUSDT,2026-01-24,1
BERAUSDT,2026-01-24,1
BNBUSDT,2026-01-24,1
CCUSDT,2026-01-24,1
CHZUSDT,2026-01-24,1
CLOUSDT,2026-01-24,1
CRVUSDT,2026-01-24,1
DASHUSDT,2026-01-24,1
DOGEUSDT,2026-01-24,1
DOTUSDT,2026-01-24,1
DUSKUSDT,2026-01-24,1
DYDXUSDT,2026-01-24,1
EIGENUSDT,2026-01-24,1
ENAUSDT,2026-01-24,1
ETCUSDT,2026-01-24,1
FARTCOINUSDT,2026-01-24,1
FILUSDT,2026-01-24,1
FLOWUSDT,2026-01-24,1
GALAUSDT,2026-01-24,1
GMTUSDT,2026-01-24,1
HBARUSDT,2026-01-24,1
HUSDT,2026-01-24,1
HYPEUSDT,2026-01-24,1
ICNTUSDT,2026-01-24,1
ICPUSDT,2026-01-24,1
INJUSDT,2026-01-24,1
IPUSDT,2026-01-24,1
JASMYUSDT,2026-01-24,1
JELLYJELLYUSDT,2026-01-24,1
JUPUSDT,2026-01-24,1
KAITOUSDT,2026-01-24,1
LDOUSDT,2026-01-24,1
LINKUSDT,2026-01-24,1
LTCUSDT,2026-01-24,1
MANAUSDT,2026-01-24,1
MERLUSDT,2026-01-24,1
METUSDT,2026-01-24,1
MNTUSDT,2026-01-24,1
MONUSDT,2026-01-24,1
MOODENGUSDT,2026-01-24,1
MYXUSDT,2026-01-24,1
NEARUSDT,2026-01-24,1
NIGHTUSDT,2026-01-24,1
ONDOUSDT,2026-01-24,1
OPUSDT,2026-01-24,1
ORDIUSDT,2026-01-24,1
PAXGUSDT,2026-01-24,1
PENGUUSDT,2026-01-24,1
PIEVERSEUSDT,2026-01-24,1
PIPPINUSDT,2026-01-24,1
POLUSDT,2026-01-24,1
POPCATUSDT,2026-01-24,1
PUMPFUNUSDT,2026-01-24,1
RENDERUSDT,2026-01-24,1
RIVERUSDT,2026-01-24,1
SANDUSDT,2026-01-24,1
SEIUSDT,2026-01-24,1
SHIB1000USDT,2026-01-24,1
SOLUSDT,2026-01-24,1
SPXUSDT,2026-01-24,1
STABLEUSDT,2026-01-24,1
STRKUSDT,2026-01-24,1
SUIUSDT,2026-01-24,1
TAOUSDT,2026-01-24,1
TIAUSDT,2026-01-24,1
TONUSDT,2026-01-24,1
TRUMPUSDT,2026-01-24,1
TRXUSDT,2026-01-24,1
UNIUSDT,2026-01-24,1
USELESSUSDT,2026-01-24,1
VIRTUALUSDT,2026-01-24,1
WIFUSDT,2026-01-24,1
WLDUSDT,2026-01-24,1
WLFIUSDT,2026-01-24,1
XAUTUSDT,2026-01-24,1
XLMUSDT,2026-01-24,1
XMRUSDT,2026-01-24,1
XPLUSDT,2026-01-24,1
XRPUSDT,2026-01-24,1
ZBTUSDT,2026-01-24,1
ZECUSDT,2026-01-24,1
ZENUSDT,2026-01-24,1
1000BONKUSDT,2026-01-25,1
1000PEPEUSDT,2026-01-25,1
AAVEUSDT,2026-01-25,1
ADAUSDT,2026-01-25,1
AEROUSDT,2026-01-25,1
APTUSDT,2026-01-25,1
ARBUSDT,2026-01-25,1
ASTERUSDT,2026-01-25,1
ATOMUSDT,2026-01-25,1
AVAXUSDT,2026-01-25,1
AVNTUSDT,2026-01-25,1
AXSUSDT,2026-01-25,1
BCHUSDT,2026-01-25,1
BEATUSDT,2026-01-25,1
BERAUSDT,2026-01-25,1
BNBUSDT,2026-01-25,1
CCUSDT,2026-01-25,1
CHZUSDT,2026-01-25,1
CLOUSDT,2026-01-25,1
CRVUSDT,2026-01-25,1
DASHUSDT,2026-01-25,1
DOGEUSDT,2026-01-25,1
DOTUSDT,2026-01-25,1
DUSKUSDT,2026-01-25,1
DYDXUSDT,2026-01-25,1
EIGENUSDT,2026-01-25,1
ENAUSDT,2026-01-25,1
ETCUSDT,2026-01-25,1
FARTCOINUSDT,2026-01-25,1
FILUSDT,2026-01-25,1
FLOWUSDT,2026-01-25,1
GALAUSDT,2026-01-25,1
GMTUSDT,2026-01-25,1
HBARUSDT,2026-01-25,1
HUSDT,2026-01-25,1
HYPEUSDT,2026-01-25,1
ICNTUSDT,2026-01-25,1
ICPUSDT,2026-01-25,1
INJUSDT,2026-01-25,1
IPUSDT,2026-01-25,1
JASMYUSDT,2026-01-25,1
JUPUSDT,2026-01-25,1
KAITOUSDT,2026-01-25,1
LDOUSDT,2026-01-25,1
LINKUSDT,2026-01-25,1
LTCUSDT,2026-01-25,1
MANAUSDT,2026-01-25,1
MERLUSDT,2026-01-25,1
METUSDT,2026-01-25,1
MNTUSDT,2026-01-25,1
MONUSDT,2026-01-25,1
MOODENGUSDT,2026-01-25,1
MYXUSDT,2026-01-25,1
NEARUSDT,2026-01-25,1
NIGHTUSDT,2026-01-25,1
ONDOUSDT,2026-01-25,1
OPUSDT,2026-01-25,1
ORDIUSDT,2026-01-25,1
PAXGUSDT,2026-01-25,1
PENGUUSDT,2026-01-25,1
PIEVERSEUSDT,2026-01-25,1
PIPPINUSDT,2026-01-25,1
POLUSDT,2026-01-25,1
POPCATUSDT,2026-01-25,1
PUMPFUNUSDT,2026-01-25,1
RENDERUSDT,2026-01-25,1
RIVERUSDT,2026-01-25,1
SANDUSDT,2026-01-25,1
SEIUSDT,2026-01-25,1
SHIB1000USDT,2026-01-25,1
SOLUSDT,2026-01-25,1
SPXUSDT,2026-01-25,1
STABLEUSDT,2026-01-25,1
STRKUSDT,2026-01-25,1
SUIUSDT,2026-01-25,1
TAOUSDT,2026-01-25,1
TIAUSDT,2026-01-25,1
TONUSDT,2026-01-25,1
TRUMPUSDT,2026-01-25,1
TRXUSDT,2026-01-25,1
UNIUSDT,2026-01-25,1
USELESSUSDT,2026-01-25,1
VIRTUALUSDT,2026-01-25,1
WIFUSDT,2026-01-25,1
WLDUSDT,2026-01-25,1
WLFIUSDT,2026-01-25,1
XAUTUSDT,2026-01-25,1
XLMUSDT,2026-01-25,1
XMRUSDT,2026-01-25,1
XPLUSDT,2026-01-25,1
XRPUSDT,2026-01-25,1
ZBTUSDT,2026-01-25,1
ZECUSDT,2026-01-25,1
ZENUSDT,2026-01-25,1
1000BONKUSDT,2026-01-26,1
1000PEPEUSDT,2026-01-26,1
AAVEUSDT,2026-01-26,1
ADAUSDT,2026-01-26,1
AEROUSDT,2026-01-26,1
APTUSDT,2026-01-26,1
ARBUSDT,2026-01-26,1
ASTERUSDT,2026-01-26,1
ATOMUSDT,2026-01-26,1
AVAXUSDT,2026-01-26,1
AVNTUSDT,2026-01-26,1
AXSUSDT,2026-01-26,1
BCHUSDT,2026-01-26,1
BEATUSDT,2026-01-26,1
BERAUSDT,2026-01-26,1
BNBUSDT,2026-01-26,1
CCUSDT,2026-01-26,1
CHZUSDT,2026-01-26,1
CLOUSDT,2026-01-26,1
CRVUSDT,2026-01-26,1
DASHUSDT,2026-01-26,1
DOGEUSDT,2026-01-26,1
DOTUSDT,2026-01-26,1
DUSKUSDT,2026-01-26,1
DYDXUSDT,2026-01-26,1
EIGENUSDT,2026-01-26,1
ENAUSDT,2026-01-26,1
ETCUSDT,2026-01-26,1
FARTCOINUSDT,2026-01-26,1
FILUSDT,2026-01-26,1
FLOWUSDT,2026-01-26,1
GALAUSDT,2026-01-26,1
GMTUSDT,2026-01-26,1
HBARUSDT,2026-01-26,1
HUSDT,2026-01-26,1
HYPEUSDT,2026-01-26,1
ICNTUSDT,2026-01-26,1
ICPUSDT,2026-01-26,1
INJUSDT,2026-01-26,1
IPUSDT,2026-01-26,1
JUPUSDT,2026-01-26,1
KAITOUSDT,2026-01-26,1
LDOUSDT,2026-01-26,1
LINKUSDT,2026-01-26,1
LTCUSDT,2026-01-26,1
MANAUSDT,2026-01-26,1
MERLUSDT,2026-01-26,1
METUSDT,2026-01-26,1
MNTUSDT,2026-01-26,1
MONUSDT,2026-01-26,1
MOODENGUSDT,2026-01-26,1
MYXUSDT,2026-01-26,1
NEARUSDT,2026-01-26,1
NIGHTUSDT,2026-01-26,1
ONDOUSDT,2026-01-26,1
OPUSDT,2026-01-26,1
ORDIUSDT,2026-01-26,1
PAXGUSDT,2026-01-26,1
PENGUUSDT,2026-01-26,1
PIEVERSEUSDT,2026-01-26,1
PIPPINUSDT,2026-01-26,1
POLUSDT,2026-01-26,1
POPCATUSDT,2026-01-26,1
PUMPFUNUSDT,2026-01-26,1
RENDERUSDT,2026-01-26,1
RIVERUSDT,2026-01-26,1
ROSEUSDT,2026-01-26,1
SANDUSDT,2026-01-26,1
SEIUSDT,2026-01-26,1
SHIB1000USDT,2026-01-26,1
SOLUSDT,2026-01-26,1
SPXUSDT,2026-01-26,1
STABLEUSDT,2026-01-26,1
STRKUSDT,2026-01-26,1
SUIUSDT,2026-01-26,1
TAOUSDT,2026-01-26,1
TIAUSDT,2026-01-26,1
TONUSDT,2026-01-26,1
TRUMPUSDT,2026-01-26,1
TRXUSDT,2026-01-26,1
UNIUSDT,2026-01-26,1
USELESSUSDT,2026-01-26,1
VIRTUALUSDT,2026-01-26,1
WIFUSDT,2026-01-26,1
WLDUSDT,2026-01-26,1
WLFIUSDT,2026-01-26,1
XAUTUSDT,2026-01-26,1
XLMUSDT,2026-01-26,1
XMRUSDT,2026-01-26,1
XPLUSDT,2026-01-26,1
XRPUSDT,2026-01-26,1
ZBTUSDT,2026-01-26,1
ZECUSDT,2026-01-26,1
ZENUSDT,2026-01-26,1
ZROUSDT,2026-01-26,1
1000BONKUSDT,2026-01-27,1
1000PEPEUSDT,2026-01-27,1
AAVEUSDT,2026-01-27,1
ADAUSDT,2026-01-27,1
AEROUSDT,2026-01-27,1
APTUSDT,2026-01-27,1
ARBUSDT,2026-01-27,1
ASTERUSDT,2026-01-27,1
ATOMUSDT,2026-01-27,1
AVAXUSDT,2026-01-27,1
AVNTUSDT,2026-01-27,1
AXSUSDT,2026-01-27,1
BCHUSDT,2026-01-27,1
BEATUSDT,2026-01-27,1
BERAUSDT,2026-01-27,1
BNBUSDT,2026-01-27,1
CCUSDT,2026-01-27,1
CHZUSDT,2026-01-27,1
CLOUSDT,2026-01-27,1
CRVUSDT,2026-01-27,1
DASHUSDT,2026-01-27,1
DOGEUSDT,2026-01-27,1
DOTUSDT,2026-01-27,1
DUSKUSDT,2026-01-27,1
DYDXUSDT,2026-01-27,1
EIGENUSDT,2026-01-27,1
ENAUSDT,2026-01-27,1
ETCUSDT,2026-01-27,1
FARTCOINUSDT,2026-01-27,1
FILUSDT,2026-01-27,1
FLOWUSDT,2026-01-27,1
GALAUSDT,2026-01-27,1
GMTUSDT,2026-01-27,1
HANAUSDT,2026-01-27,1
HBARUSDT,2026-01-27,1
HUSDT,2026-01-27,1
HYPEUSDT,2026-01-27,1
ICNTUSDT,2026-01-27,1
ICPUSDT,2026-01-27,1
INJUSDT,2026-01-27,1
IPUSDT,2026-01-27,1
KAITOUSDT,2026-01-27,1
LDOUSDT,2026-01-27,1
LINKUSDT,2026-01-27,1
LTCUSDT,2026-01-27,1
MANAUSDT,2026-01-27,1
MERLUSDT,2026-01-27,1
METUSDT,2026-01-27,1
MNTUSDT,2026-01-27,1
MONUSDT,2026-01-27,1
MOODENGUSDT,2026-01-27,1
MYXUSDT,2026-01-27,1
NEARUSDT,2026-01-27,1
NIGHTUSDT,2026-01-27,1
ONDOUSDT,2026-01-27,1
OPUSDT,2026-01-27,1
ORDIUSDT,2026-01-27,1
PAXGUSDT,2026-01-27,1
PENGUUSDT,2026-01-27,1
PIEVERSEUSDT,2026-01-27,1
PIPPINUSDT,2026-01-27,1
POLUSDT,2026-01-27,1
POPCATUSDT,2026-01-27,1
PUMPFUNUSDT,2026-01-27,1
RENDERUSDT,2026-01-27,1
RIVERUSDT,2026-01-27,1
ROSEUSDT,2026-01-27,1
SANDUSDT,2026-01-27,1
SEIUSDT,2026-01-27,1
SHIB1000USDT,2026-01-27,1
SOLUSDT,2026-01-27,1
SPXUSDT,2026-01-27,1
STABLEUSDT,2026-01-27,1
STRKUSDT,2026-01-27,1
SUIUSDT,2026-01-27,1
TAOUSDT,2026-01-27,1
TIAUSDT,2026-01-27,1
TONUSDT,2026-01-27,1
TRUMPUSDT,2026-01-27,1
TRXUSDT,2026-01-27,1
UNIUSDT,2026-01-27,1
USELESSUSDT,2026-01-27,1
VIRTUALUSDT,2026-01-27,1
WIFUSDT,2026-01-27,1
WLDUSDT,2026-01-27,1
WLFIUSDT,2026-01-27,1
XAUTUSDT,2026-01-27,1
XLMUSDT,2026-01-27,1
XMRUSDT,2026-01-27,1
XPLUSDT,2026-01-27,1
XRPUSDT,2026-01-27,1
ZBTUSDT,2026-01-27,1
ZECUSDT,2026-01-27,1
ZENUSDT,2026-01-27,1
ZROUSDT,2026-01-27,1
1000BONKUSDT,2026-01-28,1
1000PEPEUSDT,2026-01-28,1
AAVEUSDT,2026-01-28,1
ADAUSDT,2026-01-28,1
AEROUSDT,2026-01-28,1
APTUSDT,2026-01-28,1
ARBUSDT,2026-01-28,1
ASTERUSDT,2026-01-28,1
ATOMUSDT,2026-01-28,1
AVAXUSDT,2026-01-28,1
AVNTUSDT,2026-01-28,1
AXSUSDT,2026-01-28,1
BCHUSDT,2026-01-28,1
BEATUSDT,2026-01-28,1
BERAUSDT,2026-01-28,1
BNBUSDT,2026-01-28,1
CCUSDT,2026-01-28,1
CHZUSDT,2026-01-28,1
CLOUSDT,2026-01-28,1
CRVUSDT,2026-01-28,1
DASHUSDT,2026-01-28,1
DOGEUSDT,2026-01-28,1
DOTUSDT,2026-01-28,1
DUSKUSDT,2026-01-28,1
DYDXUSDT,2026-01-28,1
EIGENUSDT,2026-01-28,1
ENAUSDT,2026-01-28,1
ETCUSDT,2026-01-28,1
FARTCOINUSDT,2026-01-28,1
FILUSDT,2026-01-28,1
FLOWUSDT,2026-01-28,1
GALAUSDT,2026-01-28,1
GMTUSDT,2026-01-28,1
HANAUSDT,2026-01-28,1
HBARUSDT,2026-01-28,1
HUSDT,2026-01-28,1
HYPEUSDT,2026-01-28,1
ICNTUSDT,2026-01-28,1
ICPUSDT,2026-01-28,1
INJUSDT,2026-01-28,1
IPUSDT,2026-01-28,1
KAITOUSDT,2026-01-28,1
LDOUSDT,2026-01-28,1
LINKUSDT,2026-01-28,1
LTCUSDT,2026-01-28,1
MANAUSDT,2026-01-28,1
MERLUSDT,2026-01-28,1
METUSDT,2026-01-28,1
MNTUSDT,2026-01-28,1
MONUSDT,2026-01-28,1
MOODENGUSDT,2026-01-28,1
MYXUSDT,2026-01-28,1
NEARUSDT,2026-01-28,1
NIGHTUSDT,2026-01-28,1
ONDOUSDT,2026-01-28,1
OPUSDT,2026-01-28,1
ORDIUSDT,2026-01-28,1
PAXGUSDT,2026-01-28,1
PENGUUSDT,2026-01-28,1
PIEVERSEUSDT,2026-01-28,1
PIPPINUSDT,2026-01-28,1
POLUSDT,2026-01-28,1
POPCATUSDT,2026-01-28,1
PUMPFUNUSDT,2026-01-28,1
RENDERUSDT,2026-01-28,1
RIVERUSDT,2026-01-28,1
ROSEUSDT,2026-01-28,1
SANDUSDT,2026-01-28,1
SEIUSDT,2026-01-28,1
SHIB1000USDT,2026-01-28,1
SOLUSDT,2026-01-28,1
SPXUSDT,2026-01-28,1
STABLEUSDT,2026-01-28,1
STRKUSDT,2026-01-28,1
SUIUSDT,2026-01-28,1
TAOUSDT,2026-01-28,1
TIAUSDT,2026-01-28,1
TONUSDT,2026-01-28,1
TRUMPUSDT,2026-01-28,1
TRXUSDT,2026-01-28,1
UNIUSDT,2026-01-28,1
USELESSUSDT,2026-01-28,1
VIRTUALUSDT,2026-01-28,1
WIFUSDT,2026-01-28,1
WLDUSDT,2026-01-28,1
WLFIUSDT,2026-01-28,1
XAUTUSDT,2026-01-28,1
XLMUSDT,2026-01-28,1
XMRUSDT,2026-01-28,1
XPLUSDT,2026-01-28,1
XRPUSDT,2026-01-28,1
ZBTUSDT,2026-01-28,1
ZECUSDT,2026-01-28,1
ZENUSDT,2026-01-28,1
ZROUSDT,2026-01-28,1
0GUSDT,2026-01-29,1
1000BONKUSDT,2026-01-29,1
1000PEPEUSDT,2026-01-29,1
AAVEUSDT,2026-01-29,1
ADAUSDT,2026-01-29,1
AEROUSDT,2026-01-29,1
APTUSDT,2026-01-29,1
ARBUSDT,2026-01-29,1
ASTERUSDT,2026-01-29,1
ATOMUSDT,2026-01-29,1
AVAXUSDT,2026-01-29,1
AVNTUSDT,2026-01-29,1
AXSUSDT,2026-01-29,1
BCHUSDT,2026-01-29,1
BEATUSDT,2026-01-29,1
BERAUSDT,2026-01-29,1
BNBUSDT,2026-01-29,1
CCUSDT,2026-01-29,1
CHZUSDT,2026-01-29,1
CLOUSDT,2026-01-29,1
CRVUSDT,2026-01-29,1
DASHUSDT,2026-01-29,1
DOGEUSDT,2026-01-29,1
DOTUSDT,2026-01-29,1
DUSKUSDT,2026-01-29,1
DYDXUSDT,2026-01-29,1
EIGENUSDT,2026-01-29,1
ENAUSDT,2026-01-29,1
ENSOUSDT,2026-01-29,1
ETCUSDT,2026-01-29,1
FARTCOINUSDT,2026-01-29,1
FILUSDT,2026-01-29,1
FLOWUSDT,2026-01-29,1
GALAUSDT,2026-01-29,1
GMTUSDT,2026-01-29,1
HANAUSDT,2026-01-29,1
HBARUSDT,2026-01-29,1
HUSDT,2026-01-29,1
HYPEUSDT,2026-01-29,1
ICNTUSDT,2026-01-29,1
ICPUSDT,2026-01-29,1
INJUSDT,2026-01-29,1
IPUSDT,2026-01-29,1
KAITOUSDT,2026-01-29,1
LDOUSDT,2026-01-29,1
LINKUSDT,2026-01-29,1
LTCUSDT,2026-01-29,1
MANAUSDT,2026-01-29,1
MERLUSDT,2026-01-29,1
METUSDT,2026-01-29,1
MNTUSDT,2026-01-29,1
MONUSDT,2026-01-29,1
MYXUSDT,2026-01-29,1
NEARUSDT,2026-01-29,1
NIGHTUSDT,2026-01-29,1
ONDOUSDT,2026-01-29,1
OPUSDT,2026-01-29,1
ORDIUSDT,2026-01-29,1
PAXGUSDT,2026-01-29,1
PENGUUSDT,2026-01-29,1
PIEVERSEUSDT,2026-01-29,1
PIPPINUSDT,2026-01-29,1
POLUSDT,2026-01-29,1
POPCATUSDT,2026-01-29,1
PUMPFUNUSDT,2026-01-29,1
RENDERUSDT,2026-01-29,1
RIVERUSDT,2026-01-29,1
ROSEUSDT,2026-01-29,1
SANDUSDT,2026-01-29,1
SEIUSDT,2026-01-29,1
SENTUSDT,2026-01-29,1
SHIB1000USDT,2026-01-29,1
SOLUSDT,2026-01-29,1
SPXUSDT,2026-01-29,1
STABLEUSDT,2026-01-29,1
STRKUSDT,2026-01-29,1
SUIUSDT,2026-01-29,1
TAOUSDT,2026-01-29,1
TIAUSDT,2026-01-29,1
TONUSDT,2026-01-29,1
TRUMPUSDT,2026-01-29,1
TRXUSDT,2026-01-29,1
UNIUSDT,2026-01-29,1
USELESSUSDT,2026-01-29,1
VIRTUALUSDT,2026-01-29,1
WIFUSDT,2026-01-29,1
WLDUSDT,2026-01-29,1
WLFIUSDT,2026-01-29,1
XAUTUSDT,2026-01-29,1
XLMUSDT,2026-01-29,1
XMRUSDT,2026-01-29,1
XPLUSDT,2026-01-29,1
XRPUSDT,2026-01-29,1
ZBTUSDT,2026-01-29,1
ZECUSDT,2026-01-29,1
ZENUSDT,2026-01-29,1
ZROUSDT,2026-01-29,1
0GUSDT,2026-01-30,1
1000BONKUSDT,2026-01-30,1
1000PEPEUSDT,2026-01-30,1
AAVEUSDT,2026-01-30,1
ADAUSDT,2026-01-30,1
AEROUSDT,2026-01-30,1
APTUSDT,2026-01-30,1
ARBUSDT,2026-01-30,1
ASTERUSDT,2026-01-30,1
ATOMUSDT,2026-01-30,1
AVAXUSDT,2026-01-30,1
AVNTUSDT,2026-01-30,1
AXSUSDT,2026-01-30,1
BCHUSDT,2026-01-30,1
BEATUSDT,2026-01-30,1
BERAUSDT,2026-01-30,1
BNBUSDT,2026-01-30,1
CCUSDT,2026-01-30,1
CHZUSDT,2026-01-30,1
CLOUSDT,2026-01-30,1
CRVUSDT,2026-01-30,1
DASHUSDT,2026-01-30,1
DOGEUSDT,2026-01-30,1
DOTUSDT,2026-01-30,1
DUSKUSDT,2026-01-30,1
DYDXUSDT,2026-01-30,1
EIGENUSDT,2026-01-30,1
ENAUSDT,2026-01-30,1
ENSOUSDT,2026-01-30,1
ETCUSDT,2026-01-30,1
FARTCOINUSDT,2026-01-30,1
FILUSDT,2026-01-30,1
FLOWUSDT,2026-01-30,1
GALAUSDT,2026-01-30,1
HANAUSDT,2026-01-30,1
HBARUSDT,2026-01-30,1
HUSDT,2026-01-30,1
HYPEUSDT,2026-01-30,1
ICNTUSDT,2026-01-30,1
ICPUSDT,2026-01-30,1
INJUSDT,2026-01-30,1
IPUSDT,2026-01-30,1
KAITOUSDT,2026-01-30,1
LDOUSDT,2026-01-30,1
LINEAUSDT,2026-01-30,1
LINKUSDT,2026-01-30,1
LTCUSDT,2026-01-30,1
MANAUSDT,2026-01-30,1
MERLUSDT,2026-01-30,1
METUSDT,2026-01-30,1
MNTUSDT,2026-01-30,1
MONUSDT,2026-01-30,1
MYXUSDT,2026-01-30,1
NEARUSDT,2026-01-30,1
NIGHTUSDT,2026-01-30,1
ONDOUSDT,2026-01-30,1
OPUSDT,2026-01-30,1
ORDIUSDT,2026-01-30,1
PAXGUSDT,2026-01-30,1
PENGUUSDT,2026-01-30,1
PIEVERSEUSDT,2026-01-30,1
PIPPINUSDT,2026-01-30,1
POLUSDT,2026-01-30,1
POPCATUSDT,2026-01-30,1
PUMPFUNUSDT,2026-01-30,1
RENDERUSDT,2026-01-30,1
RIVERUSDT,2026-01-30,1
ROSEUSDT,2026-01-30,1
SANDUSDT,2026-01-30,1
SEIUSDT,2026-01-30,1
SENTUSDT,2026-01-30,1
SHIB1000USDT,2026-01-30,1
SOLUSDT,2026-01-30,1
SPXUSDT,2026-01-30,1
STABLEUSDT,2026-01-30,1
STRKUSDT,2026-01-30,1
SUIUSDT,2026-01-30,1
TAOUSDT,2026-01-30,1
TIAUSDT,2026-01-30,1
TONUSDT,2026-01-30,1
TRUMPUSDT,2026-01-30,1
TRXUSDT,2026-01-30,1
UNIUSDT,2026-01-30,1
USELESSUSDT,2026-01-30,1
VIRTUALUSDT,2026-01-30,1
WIFUSDT,2026-01-30,1
WLDUSDT,2026-01-30,1
WLFIUSDT,2026-01-30,1
XAUTUSDT,2026-01-30,1
XLMUSDT,2026-01-30,1
XMRUSDT,2026-01-30,1
XPLUSDT,2026-01-30,1
XRPUSDT,2026-01-30,1
ZBTUSDT,2026-01-30,1
ZECUSDT,2026-01-30,1
ZENUSDT,2026-01-30,1
ZROUSDT,2026-01-30,1
0GUSDT,2026-01-31,1
1000BONKUSDT,2026-01-31,1
1000PEPEUSDT,2026-01-31,1
AAVEUSDT,2026-01-31,1
ADAUSDT,2026-01-31,1
AEROUSDT,2026-01-31,1
APTUSDT,2026-01-31,1
ARBUSDT,2026-01-31,1
ASTERUSDT,2026-01-31,1
ATOMUSDT,2026-01-31,1
AVAXUSDT,2026-01-31,1
AVNTUSDT,2026-01-31,1
AXSUSDT,2026-01-31,1
BCHUSDT,2026-01-31,1
BEATUSDT,2026-01-31,1
BERAUSDT,2026-01-31,1
BNBUSDT,2026-01-31,1
CCUSDT,2026-01-31,1
CHZUSDT,2026-01-31,1
CLOUSDT,2026-01-31,1
CRVUSDT,2026-01-31,1
DASHUSDT,2026-01-31,1
DOGEUSDT,2026-01-31,1
DOTUSDT,2026-01-31,1
DUSKUSDT,2026-01-31,1
DYDXUSDT,2026-01-31,1
EIGENUSDT,2026-01-31,1
ENAUSDT,2026-01-31,1
ENSOUSDT,2026-01-31,1
ETCUSDT,2026-01-31,1
FARTCOINUSDT,2026-01-31,1
FILUSDT,2026-01-31,1
FLOWUSDT,2026-01-31,1
GALAUSDT,2026-01-31,1
HANAUSDT,2026-01-31,1
HBARUSDT,2026-01-31,1
HUSDT,2026-01-31,1
HYPEUSDT,2026-01-31,1
ICNTUSDT,2026-01-31,1
ICPUSDT,2026-01-31,1
INJUSDT,2026-01-31,1
IPUSDT,2026-01-31,1
KAITOUSDT,2026-01-31,1
LDOUSDT,2026-01-31,1
LINEAUSDT,2026-01-31,1
LINKUSDT,2026-01-31,1
LTCUSDT,2026-01-31,1
MANAUSDT,2026-01-31,1
MERLUSDT,2026-01-31,1
METUSDT,2026-01-31,1
MNTUSDT,2026-01-31,1
MONUSDT,2026-01-31,1
MYXUSDT,2026-01-31,1
NEARUSDT,2026-01-31,1
NIGHTUSDT,2026-01-31,1
NOMUSDT,2026-01-31,1
ONDOUSDT,2026-01-31,1
OPUSDT,2026-01-31,1
ORDIUSDT,2026-01-31,1
PAXGUSDT,2026-01-31,1
PENGUUSDT,2026-01-31,1
PIEVERSEUSDT,2026-01-31,1
PIPPINUSDT,2026-01-31,1
POLUSDT,2026-01-31,1
POPCATUSDT,2026-01-31,1
PUMPFUNUSDT,2026-01-31,1
RENDERUSDT,2026-01-31,1
RIVERUSDT,2026-01-31,1
ROSEUSDT,2026-01-31,1
SANDUSDT,2026-01-31,1
SEIUSDT,2026-01-31,1
SENTUSDT,2026-01-31,1
SHIB1000USDT,2026-01-31,1
SOLUSDT,2026-01-31,1
SOMIUSDT,2026-01-31,1
SPXUSDT,2026-01-31,1
STABLEUSDT,2026-01-31,1
STRKUSDT,2026-01-31,1
SUIUSDT,2026-01-31,1
TAOUSDT,2026-01-31,1
TIAUSDT,2026-01-31,1
TONUSDT,2026-01-31,1
TRUMPUSDT,2026-01-31,1
TRXUSDT,2026-01-31,1
UNIUSDT,2026-01-31,1
USELESSUSDT,2026-01-31,1
VIRTUALUSDT,2026-01-31,1
WIFUSDT,2026-01-31,1
WLDUSDT,2026-01-31,1
WLFIUSDT,2026-01-31,1
XAUTUSDT,2026-01-31,1
XLMUSDT,2026-01-31,1
XMRUSDT,2026-01-31,1
XPLUSDT,2026-01-31,1
XRPUSDT,2026-01-31,1
ZBTUSDT,2026-01-31,1
ZECUSDT,2026-01-31,1
ZENUSDT,2026-01-31,1
ZROUSDT,2026-01-31,1
0GUSDT,2026-02-01,1
1000BONKUSDT,2026-02-01,1
1000PEPEUSDT,2026-02-01,1
AAVEUSDT,2026-02-01,1
ADAUSDT,2026-02-01,1
AEROUSDT,2026-02-01,1
APTUSDT,2026-02-01,1
ARBUSDT,2026-02-01,1
ASTERUSDT,2026-02-01,1
ATOMUSDT,2026-02-01,1
AVAXUSDT,2026-02-01,1
AVNTUSDT,2026-02-01,1
AXLUSDT,2026-02-01,1
AXSUSDT,2026-02-01,1
BCHUSDT,2026-02-01,1
BEATUSDT,2026-02-01,1
BERAUSDT,2026-02-01,1
BNBUSDT,2026-02-01,1
CCUSDT,2026-02-01,1
CHZUSDT,2026-02-01,1
CLOUSDT,2026-02-01,1
CRVUSDT,2026-02-01,1
DASHUSDT,2026-02-01,1
DOGEUSDT,2026-02-01,1
DOTUSDT,2026-02-01,1
DUSKUSDT,2026-02-01,1
DYDXUSDT,2026-02-01,1
EIGENUSDT,2026-02-01,1
ENAUSDT,2026-02-01,1
ENSOUSDT,2026-02-01,1
ETCUSDT,2026-02-01,1
FARTCOINUSDT,2026-02-01,1
FILUSDT,2026-02-01,1
FLOWUSDT,2026-02-01,1
GALAUSDT,2026-02-01,1
HANAUSDT,2026-02-01,1
HBARUSDT,2026-02-01,1
HUSDT,2026-02-01,1
HYPEUSDT,2026-02-01,1
ICNTUSDT,2026-02-01,1
ICPUSDT,2026-02-01,1
INJUSDT,2026-02-01,1
IPUSDT,2026-02-01,1
JTOUSDT,2026-02-01,1
KAITOUSDT,2026-02-01,1
LDOUSDT,2026-02-01,1
LINEAUSDT,2026-02-01,1
LINKUSDT,2026-02-01,1
LTCUSDT,2026-02-01,1
MERLUSDT,2026-02-01,1
METUSDT,2026-02-01,1
MNTUSDT,2026-02-01,1
MONUSDT,2026-02-01,1
MYXUSDT,2026-02-01,1
NEARUSDT,2026-02-01,1
NOMUSDT,2026-02-01,1
ONDOUSDT,2026-02-01,1
OPUSDT,2026-02-01,1
ORDIUSDT,2026-02-01,1
PAXGUSDT,2026-02-01,1
PENGUUSDT,2026-02-01,1
PIEVERSEUSDT,2026-02-01,1
PIPPINUSDT,2026-02-01,1
POLUSDT,2026-02-01,1
POPCATUSDT,2026-02-01,1
PUMPFUNUSDT,2026-02-01,1
RENDERUSDT,2026-02-01,1
RIVERUSDT,2026-02-01,1
ROSEUSDT,2026-02-01,1
SANDUSDT,2026-02-01,1
SEIUSDT,2026-02-01,1
SENTUSDT,2026-02-01,1
SHIB1000USDT,2026-02-01,1
SOLUSDT,2026-02-01,1
SOMIUSDT,2026-02-01,1
SPXUSDT,2026-02-01,1
STABLEUSDT,2026-02-01,1
STRKUSDT,2026-02-01,1
SUIUSDT,2026-02-01,1
TAOUSDT,2026-02-01,1
TIAUSDT,2026-02-01,1
TONUSDT,2026-02-01,1
TRUMPUSDT,2026-02-01,1
TRXUSDT,2026-02-01,1
UNIUSDT,2026-02-01,1
USELESSUSDT,2026-02-01,1
VIRTUALUSDT,2026-02-01,1
WIFUSDT,2026-02-01,1
WLDUSDT,2026-02-01,1
WLFIUSDT,2026-02-01,1
XAUTUSDT,2026-02-01,1
XLMUSDT,2026-02-01,1
XMRUSDT,2026-02-01,1
XPLUSDT,2026-02-01,1
XRPUSDT,2026-02-01,1
ZBTUSDT,2026-02-01,1
ZECUSDT,2026-02-01,1
ZENUSDT,2026-02-01,1
ZROUSDT,2026-02-01,1
0GUSDT,2026-02-02,1
1000BONKUSDT,2026-02-02,1
1000PEPEUSDT,2026-02-02,1
AAVEUSDT,2026-02-02,1
ADAUSDT,2026-02-02,1
AEROUSDT,2026-02-02,1
APTUSDT,2026-02-02,1
ARBUSDT,2026-02-02,1
ASTERUSDT,2026-02-02,1
ATOMUSDT,2026-02-02,1
AVAXUSDT,2026-02-02,1
AVNTUSDT,2026-02-02,1
AXLUSDT,2026-02-02,1
AXSUSDT,2026-02-02,1
BCHUSDT,2026-02-02,1
BEATUSDT,2026-02-02,1
BERAUSDT,2026-02-02,1
BNBUSDT,2026-02-02,1
CCUSDT,2026-02-02,1
CHZUSDT,2026-02-02,1
CLOUSDT,2026-02-02,1
CRVUSDT,2026-02-02,1
DASHUSDT,2026-02-02,1
DOGEUSDT,2026-02-02,1
DOTUSDT,2026-02-02,1
DUSKUSDT,2026-02-02,1
DYDXUSDT,2026-02-02,1
EIGENUSDT,2026-02-02,1
ENAUSDT,2026-02-02,1
ENSOUSDT,2026-02-02,1
ETCUSDT,2026-02-02,1
FARTCOINUSDT,2026-02-02,1
FILUSDT,2026-02-02,1
FLOWUSDT,2026-02-02,1
GALAUSDT,2026-02-02,1
HANAUSDT,2026-02-02,1
HBARUSDT,2026-02-02,1
HUSDT,2026-02-02,1
HYPEUSDT,2026-02-02,1
ICNTUSDT,2026-02-02,1
ICPUSDT,2026-02-02,1
INJUSDT,2026-02-02,1
IPUSDT,2026-02-02,1
JTOUSDT,2026-02-02,1
KAITOUSDT,2026-02-02,1
LDOUSDT,2026-02-02,1
LINEAUSDT,2026-02-02,1
LINKUSDT,2026-02-02,1
LTCUSDT,2026-02-02,1
MERLUSDT,2026-02-02,1
METUSDT,2026-02-02,1
MNTUSDT,2026-02-02,1
MONUSDT,2026-02-02,1
NEARUSDT,2026-02-02,1
NOMUSDT,2026-02-02,1
ONDOUSDT,2026-02-02,1
OPUSDT,2026-02-02,1
ORDIUSDT,2026-02-02,1
PAXGUSDT,2026-02-02,1
PENGUUSDT,2026-02-02,1
PIEVERSEUSDT,2026-02-02,1
PIPPINUSDT,2026-02-02,1
POLUSDT,2026-02-02,1
POPCATUSDT,2026-02-02,1
PUMPFUNUSDT,2026-02-02,1
RENDERUSDT,2026-02-02,1
RIVERUSDT,2026-02-02,1
ROSEUSDT,2026-02-02,1
SANDUSDT,2026-02-02,1
SEIUSDT,2026-02-02,1
SENTUSDT,2026-02-02,1
SHIB1000USDT,2026-02-02,1
SOLUSDT,2026-02-02,1
SOMIUSDT,2026-02-02,1
SPXUSDT,2026-02-02,1
STABLEUSDT,2026-02-02,1
STRKUSDT,2026-02-02,1
SUIUSDT,2026-02-02,1
TAOUSDT,2026-02-02,1
TIAUSDT,2026-02-02,1
TONUSDT,2026-02-02,1
TRUMPUSDT,2026-02-02,1
TRXUSDT,2026-02-02,1
UNIUSDT,2026-02-02,1
USELESSUSDT,2026-02-02,1
VIRTUALUSDT,2026-02-02,1
WIFUSDT,2026-02-02,1
WLDUSDT,2026-02-02,1
WLFIUSDT,2026-02-02,1
XAUTUSDT,2026-02-02,1
XLMUSDT,2026-02-02,1
XMRUSDT,2026-02-02,1
XPLUSDT,2026-02-02,1
XRPUSDT,2026-02-02,1
ZBTUSDT,2026-02-02,1
ZECUSDT,2026-02-02,1
ZENUSDT,2026-02-02,1
ZROUSDT,2026-02-02,1
0GUSDT,2026-02-03,1
1000BONKUSDT,2026-02-03,1
1000PEPEUSDT,2026-02-03,1
AAVEUSDT,2026-02-03,1
ADAUSDT,2026-02-03,1
AEROUSDT,2026-02-03,1
APTUSDT,2026-02-03,1
ARBUSDT,2026-02-03,1
ASTERUSDT,2026-02-03,1
ATOMUSDT,2026-02-03,1
AVAXUSDT,2026-02-03,1
AVNTUSDT,2026-02-03,1
AXLUSDT,2026-02-03,1
AXSUSDT,2026-02-03,1
BCHUSDT,2026-02-03,1
BEATUSDT,2026-02-03,1
BERAUSDT,2026-02-03,1
BNBUSDT,2026-02-03,1
CCUSDT,2026-02-03,1
CHZUSDT,2026-02-03,1
CLOUSDT,2026-02-03,1
CRVUSDT,2026-02-03,1
DASHUSDT,2026-02-03,1
DOGEUSDT,2026-02-03,1
DOTUSDT,2026-02-03,1
DUSKUSDT,2026-02-03,1
DYDXUSDT,2026-02-03,1
EIGENUSDT,2026-02-03,1
ENAUSDT,2026-02-03,1
ENSOUSDT,2026-02-03,1
ETCUSDT,2026-02-03,1
FARTCOINUSDT,2026-02-03,1
FILUSDT,2026-02-03,1
FLOWUSDT,2026-02-03,1
GALAUSDT,2026-02-03,1
HANAUSDT,2026-02-03,1
HBARUSDT,2026-02-03,1
HUSDT,2026-02-03,1
HYPEUSDT,2026-02-03,1
ICPUSDT,2026-02-03,1
INJUSDT,2026-02-03,1
IPUSDT,2026-02-03,1
JTOUSDT,2026-02-03,1
KAITOUSDT,2026-02-03,1
LDOUSDT,2026-02-03,1
LINEAUSDT,2026-02-03,1
LINKUSDT,2026-02-03,1
LTCUSDT,2026-02-03,1
MERLUSDT,2026-02-03,1
METUSDT,2026-02-03,1
MNTUSDT,2026-02-03,1
MONUSDT,2026-02-03,1
NEARUSDT,2026-02-03,1
NOMUSDT,2026-02-03,1
ONDOUSDT,2026-02-03,1
OPUSDT,2026-02-03,1
ORDIUSDT,2026-02-03,1
PAXGUSDT,2026-02-03,1
PENGUUSDT,2026-02-03,1
PIEVERSEUSDT,2026-02-03,1
PIPPINUSDT,2026-02-03,1
POLUSDT,2026-02-03,1
POPCATUSDT,2026-02-03,1
PUMPFUNUSDT,2026-02-03,1
RENDERUSDT,2026-02-03,1
RIVERUSDT,2026-02-03,1
ROSEUSDT,2026-02-03,1
SANDUSDT,2026-02-03,1
SEIUSDT,2026-02-03,1
SENTUSDT,2026-02-03,1
SHIB1000USDT,2026-02-03,1
SOLUSDT,2026-02-03,1
SOMIUSDT,2026-02-03,1
SPXUSDT,2026-02-03,1
STABLEUSDT,2026-02-03,1
STRKUSDT,2026-02-03,1
SUIUSDT,2026-02-03,1
TAOUSDT,2026-02-03,1
TIAUSDT,2026-02-03,1
TONUSDT,2026-02-03,1
TRUMPUSDT,2026-02-03,1
TRXUSDT,2026-02-03,1
UNIUSDT,2026-02-03,1
USELESSUSDT,2026-02-03,1
VIRTUALUSDT,2026-02-03,1
WIFUSDT,2026-02-03,1
WLDUSDT,2026-02-03,1
WLFIUSDT,2026-02-03,1
XAUTUSDT,2026-02-03,1
XLMUSDT,2026-02-03,1
XMRUSDT,2026-02-03,1
XPLUSDT,2026-02-03,1
XRPUSDT,2026-02-03,1
ZBTUSDT,2026-02-03,1
ZECUSDT,2026-02-03,1
ZENUSDT,2026-02-03,1
ZROUSDT,2026-02-03,1
0GUSDT,2026-02-04,1
1000BONKUSDT,2026-02-04,1
1000PEPEUSDT,2026-02-04,1
AAVEUSDT,2026-02-04,1
ADAUSDT,2026-02-04,1
AEROUSDT,2026-02-04,1
APTUSDT,2026-02-04,1
ARBUSDT,2026-02-04,1
ASTERUSDT,2026-02-04,1
ATOMUSDT,2026-02-04,1
AVAXUSDT,2026-02-04,1
AVNTUSDT,2026-02-04,1
AXLUSDT,2026-02-04,1
AXSUSDT,2026-02-04,1
BCHUSDT,2026-02-04,1
BEATUSDT,2026-02-04,1
BERAUSDT,2026-02-04,1
BNBUSDT,2026-02-04,1
CCUSDT,2026-02-04,1
CHZUSDT,2026-02-04,1
CLOUSDT,2026-02-04,1
CRVUSDT,2026-02-04,1
DASHUSDT,2026-02-04,1
DOGEUSDT,2026-02-04,1
DOTUSDT,2026-02-04,1
DUSKUSDT,2026-02-04,1
DYDXUSDT,2026-02-04,1
EIGENUSDT,2026-02-04,1
ENAUSDT,2026-02-04,1
ENSOUSDT,2026-02-04,1
ETCUSDT,2026-02-04,1
FARTCOINUSDT,2026-02-04,1
FILUSDT,2026-02-04,1
FLOWUSDT,2026-02-04,1
GALAUSDT,2026-02-04,1
HANAUSDT,2026-02-04,1
HBARUSDT,2026-02-04,1
HUSDT,2026-02-04,1
HYPEUSDT,2026-02-04,1
ICPUSDT,2026-02-04,1
INJUSDT,2026-02-04,1
IPUSDT,2026-02-04,1
JTOUSDT,2026-02-04,1
KAITOUSDT,2026-02-04,1
LDOUSDT,2026-02-04,1
LINEAUSDT,2026-02-04,1
LINKUSDT,2026-02-04,1
LTCUSDT,2026-02-04,1
MERLUSDT,2026-02-04,1
METUSDT,2026-02-04,1
MNTUSDT,2026-02-04,1
MONUSDT,2026-02-04,1
NEARUSDT,2026-02-04,1
NOMUSDT,2026-02-04,1
ONDOUSDT,2026-02-04,1
OPUSDT,2026-02-04,1
ORDIUSDT,2026-02-04,1
PAXGUSDT,2026-02-04,1
PENDLEUSDT,2026-02-04,1
PENGUUSDT,2026-02-04,1
PIEVERSEUSDT,2026-02-04,1
PIPPINUSDT,2026-02-04,1
POLUSDT,2026-02-04,1
POPCATUSDT,2026-02-04,1
PUMPFUNUSDT,2026-02-04,1
RENDERUSDT,2026-02-04,1
RIVERUSDT,2026-02-04,1
ROSEUSDT,2026-02-04,1
SANDUSDT,2026-02-04,1
SEIUSDT,2026-02-04,1
SENTUSDT,2026-02-04,1
SHIB1000USDT,2026-02-04,1
SOLUSDT,2026-02-04,1
SOMIUSDT,2026-02-04,1
SPXUSDT,2026-02-04,1
STABLEUSDT,2026-02-04,1
STRKUSDT,2026-02-04,1
SUIUSDT,2026-02-04,1
TAOUSDT,2026-02-04,1
TIAUSDT,2026-02-04,1
TONUSDT,2026-02-04,1
TRUMPUSDT,2026-02-04,1
TRXUSDT,2026-02-04,1
UNIUSDT,2026-02-04,1
USELESSUSDT,2026-02-04,1
VIRTUALUSDT,2026-02-04,1
WIFUSDT,2026-02-04,1
WLDUSDT,2026-02-04,1
WLFIUSDT,2026-02-04,1
XAUTUSDT,2026-02-04,1
XLMUSDT,2026-02-04,1
XMRUSDT,2026-02-04,1
XPLUSDT,2026-02-04,1
XRPUSDT,2026-02-04,1
ZBTUSDT,2026-02-04,1
ZECUSDT,2026-02-04,1
ZENUSDT,2026-02-04,1
ZROUSDT,2026-02-04,1
0GUSDT,2026-02-05,1
1000BONKUSDT,2026-02-05,1
1000PEPEUSDT,2026-02-05,1
AAVEUSDT,2026-02-05,1
ADAUSDT,2026-02-05,1
AEROUSDT,2026-02-05,1
APTUSDT,2026-02-05,1
ARBUSDT,2026-02-05,1
ASTERUSDT,2026-02-05,1
ATOMUSDT,2026-02-05,1
AVAXUSDT,2026-02-05,1
AVNTUSDT,2026-02-05,1
AXLUSDT,2026-02-05,1
AXSUSDT,2026-02-05,1
BCHUSDT,2026-02-05,1
BEATUSDT,2026-02-05,1
BERAUSDT,2026-02-05,1
BNBUSDT,2026-02-05,1
CCUSDT,2026-02-05,1
CHZUSDT,2026-02-05,1
CLOUSDT,2026-02-05,1
CRVUSDT,2026-02-05,1
CYSUSDT,2026-02-05,1
DASHUSDT,2026-02-05,1
DOGEUSDT,2026-02-05,1
DOTUSDT,2026-02-05,1
DUSKUSDT,2026-02-05,1
DYDXUSDT,2026-02-05,1
EIGENUSDT,2026-02-05,1
ENAUSDT,2026-02-05,1
ENSOUSDT,2026-02-05,1
ETCUSDT,2026-02-05,1
FARTCOINUSDT,2026-02-05,1
FILUSDT,2026-02-05,1
FLOWUSDT,2026-02-05,1
GALAUSDT,2026-02-05,1
HANAUSDT,2026-02-05,1
HBARUSDT,2026-02-05,1
HUSDT,2026-02-05,1
HYPEUSDT,2026-02-05,1
ICPUSDT,2026-02-05,1
INJUSDT,2026-02-05,1
IPUSDT,2026-02-05,1
JTOUSDT,2026-02-05,1
KAITOUSDT,2026-02-05,1
LDOUSDT,2026-02-05,1
LINEAUSDT,2026-02-05,1
LINKUSDT,2026-02-05,1
LTCUSDT,2026-02-05,1
MERLUSDT,2026-02-05,1
MNTUSDT,2026-02-05,1
MONUSDT,2026-02-05,1
NEARUSDT,2026-02-05,1
NOMUSDT,2026-02-05,1
ONDOUSDT,2026-02-05,1
OPUSDT,2026-02-05,1
ORDIUSDT,2026-02-05,1
PAXGUSDT,2026-02-05,1
PENDLEUSDT,2026-02-05,1
PENGUUSDT,2026-02-05,1
PIEVERSEUSDT,2026-02-05,1
PIPPINUSDT,2026-02-05,1
POLUSDT,2026-02-05,1
POPCATUSDT,2026-02-05,1
PUMPFUNUSDT,2026-02-05,1
RENDERUSDT,2026-02-05,1
RIVERUSDT,2026-02-05,1
ROSEUSDT,2026-02-05,1
SANDUSDT,2026-02-05,1
SEIUSDT,2026-02-05,1
SENTUSDT,2026-02-05,1
SHIB1000USDT,2026-02-05,1
SOLUSDT,2026-02-05,1
SOMIUSDT,2026-02-05,1
SPXUSDT,2026-02-05,1
STABLEUSDT,2026-02-05,1
STRKUSDT,2026-02-05,1
SUIUSDT,2026-02-05,1
TAOUSDT,2026-02-05,1
TIAUSDT,2026-02-05,1
TONUSDT,2026-02-05,1
TRUMPUSDT,2026-02-05,1
TRXUSDT,2026-02-05,1
UNIUSDT,2026-02-05,1
USELESSUSDT,2026-02-05,1
VIRTUALUSDT,2026-02-05,1
WIFUSDT,2026-02-05,1
WLDUSDT,2026-02-05,1
WLFIUSDT,2026-02-05,1
XAUTUSDT,2026-02-05,1
XLMUSDT,2026-02-05,1
XMRUSDT,2026-02-05,1
XPLUSDT,2026-02-05,1
XRPUSDT,2026-02-05,1
ZBTUSDT,2026-02-05,1
ZECUSDT,2026-02-05,1
ZENUSDT,2026-02-05,1
ZROUSDT,2026-02-05,1
0GUSDT,2026-02-06,1
1000BONKUSDT,2026-02-06,1
1000PEPEUSDT,2026-02-06,1
AAVEUSDT,2026-02-06,1
ADAUSDT,2026-02-06,1
AEROUSDT,2026-02-06,1
APTUSDT,2026-02-06,1
ARBUSDT,2026-02-06,1
ASTERUSDT,2026-02-06,1
ATOMUSDT,2026-02-06,1
AVAXUSDT,2026-02-06,1
AVNTUSDT,2026-02-06,1
AXLUSDT,2026-02-06,1
AXSUSDT,2026-02-06,1
BCHUSDT,2026-02-06,1
BEATUSDT,2026-02-06,1
BERAUSDT,2026-02-06,1
BNBUSDT,2026-02-06,1
CCUSDT,2026-02-06,1
CHZUSDT,2026-02-06,1
CLOUSDT,2026-02-06,1
CRVUSDT,2026-02-06,1
CYSUSDT,2026-02-06,1
DASHUSDT,2026-02-06,1
DOGEUSDT,2026-02-06,1
DOTUSDT,2026-02-06,1
DUSKUSDT,2026-02-06,1
DYDXUSDT,2026-02-06,1
EIGENUSDT,2026-02-06,1
ENAUSDT,2026-02-06,1
ENSOUSDT,2026-02-06,1
ETCUSDT,2026-02-06,1
FARTCOINUSDT,2026-02-06,1
FILUSDT,2026-02-06,1
FLOWUSDT,2026-02-06,1
GALAUSDT,2026-02-06,1
HANAUSDT,2026-02-06,1
HBARUSDT,2026-02-06,1
HUSDT,2026-02-06,1
HYPEUSDT,2026-02-06,1
ICPUSDT,2026-02-06,1
INJUSDT,2026-02-06,1
IPUSDT,2026-02-06,1
JTOUSDT,2026-02-06,1
KAITOUSDT,2026-02-06,1
LDOUSDT,2026-02-06,1
LINEAUSDT,2026-02-06,1
LINKUSDT,2026-02-06,1
LITUSDT,2026-02-06,1
LTCUSDT,2026-02-06,1
MERLUSDT,2026-02-06,1
MNTUSDT,2026-02-06,1
MONUSDT,2026-02-06,1
NEARUSDT,2026-02-06,1
NOMUSDT,2026-02-06,1
ONDOUSDT,2026-02-06,1
OPUSDT,2026-02-06,1
ORDIUSDT,2026-02-06,1
PAXGUSDT,2026-02-06,1
PENDLEUSDT,2026-02-06,1
PENGUUSDT,2026-02-06,1
PIPPINUSDT,2026-02-06,1
POLUSDT,2026-02-06,1
POPCATUSDT,2026-02-06,1
PUMPFUNUSDT,2026-02-06,1
RENDERUSDT,2026-02-06,1
RIVERUSDT,2026-02-06,1
ROSEUSDT,2026-02-06,1
SANDUSDT,2026-02-06,1
SEIUSDT,2026-02-06,1
SENTUSDT,2026-02-06,1
SHIB1000USDT,2026-02-06,1
SOLUSDT,2026-02-06,1
SOMIUSDT,2026-02-06,1
SPXUSDT,2026-02-06,1
STABLEUSDT,2026-02-06,1
STRKUSDT,2026-02-06,1
SUIUSDT,2026-02-06,1
TAOUSDT,2026-02-06,1
TIAUSDT,2026-02-06,1
TONUSDT,2026-02-06,1
TRUMPUSDT,2026-02-06,1
TRXUSDT,2026-02-06,1
UNIUSDT,2026-02-06,1
USELESSUSDT,2026-02-06,1
VIRTUALUSDT,2026-02-06,1
WIFUSDT,2026-02-06,1
WLDUSDT,2026-02-06,1
WLFIUSDT,2026-02-06,1
XAUTUSDT,2026-02-06,1
XLMUSDT,2026-02-06,1
XMRUSDT,2026-02-06,1
XPLUSDT,2026-02-06,1
XRPUSDT,2026-02-06,1
ZBTUSDT,2026-02-06,1
ZECUSDT,2026-02-06,1
ZENUSDT,2026-02-06,1
ZROUSDT,2026-02-06,1
0GUSDT,2026-02-07,1
1000BONKUSDT,2026-02-07,1
1000PEPEUSDT,2026-02-07,1
AAVEUSDT,2026-02-07,1
ADAUSDT,2026-02-07,1
AEROUSDT,2026-02-07,1
APTUSDT,2026-02-07,1
ARBUSDT,2026-02-07,1
ASTERUSDT,2026-02-07,1
ATOMUSDT,2026-02-07,1
AVAXUSDT,2026-02-07,1
AVNTUSDT,2026-02-07,1
AXLUSDT,2026-02-07,1
AXSUSDT,2026-02-07,1
BCHUSDT,2026-02-07,1
BEATUSDT,2026-02-07,1
BERAUSDT,2026-02-07,1
BNBUSDT,2026-02-07,1
CCUSDT,2026-02-07,1
CHZUSDT,2026-02-07,1
CLOUSDT,2026-02-07,1
CRVUSDT,2026-02-07,1
CYSUSDT,2026-02-07,1
DASHUSDT,2026-02-07,1
DOGEUSDT,2026-02-07,1
DOTUSDT,2026-02-07,1
DUSKUSDT,2026-02-07,1
DYDXUSDT,2026-02-07,1
EIGENUSDT,2026-02-07,1
ENAUSDT,2026-02-07,1
ENSOUSDT,2026-02-07,1
ETCUSDT,2026-02-07,1
FARTCOINUSDT,2026-02-07,1
FILUSDT,2026-02-07,1
FLOWUSDT,2026-02-07,1
GALAUSDT,2026-02-07,1
HANAUSDT,2026-02-07,1
HBARUSDT,2026-02-07,1
HUSDT,2026-02-07,1
HYPEUSDT,2026-02-07,1
ICPUSDT,2026-02-07,1
INJUSDT,2026-02-07,1
IPUSDT,2026-02-07,1
JTOUSDT,2026-02-07,1
KAITOUSDT,2026-02-07,1
LDOUSDT,2026-02-07,1
LINEAUSDT,2026-02-07,1
LINKUSDT,2026-02-07,1
LITUSDT,2026-02-07,1
LTCUSDT,2026-02-07,1
MERLUSDT,2026-02-07,1
MNTUSDT,2026-02-07,1
MONUSDT,2026-02-07,1
NEARUSDT,2026-02-07,1
NOMUSDT,2026-02-07,1
ONDOUSDT,2026-02-07,1
OPUSDT,2026-02-07,1
ORDIUSDT,2026-02-07,1
PAXGUSDT,2026-02-07,1
PENDLEUSDT,2026-02-07,1
PENGUUSDT,2026-02-07,1
PIPPINUSDT,2026-02-07,1
POLUSDT,2026-02-07,1
POPCATUSDT,2026-02-07,1
PUMPFUNUSDT,2026-02-07,1
RENDERUSDT,2026-02-07,1
RIVERUSDT,2026-02-07,1
ROSEUSDT,2026-02-07,1
SANDUSDT,2026-02-07,1
SEIUSDT,2026-02-07,1
SENTUSDT,2026-02-07,1
SHIB1000USDT,2026-02-07,1
SOLUSDT,2026-02-07,1
SOMIUSDT,2026-02-07,1
SPXUSDT,2026-02-07,1
STABLEUSDT,2026-02-07,1
STRKUSDT,2026-02-07,1
SUIUSDT,2026-02-07,1
TAOUSDT,2026-02-07,1
TIAUSDT,2026-02-07,1
TONUSDT,2026-02-07,1
TRUMPUSDT,2026-02-07,1
TRXUSDT,2026-02-07,1
UNIUSDT,2026-02-07,1
USELESSUSDT,2026-02-07,1
VIRTUALUSDT,2026-02-07,1
WIFUSDT,2026-02-07,1
WLDUSDT,2026-02-07,1
WLFIUSDT,2026-02-07,1
XAUTUSDT,2026-02-07,1
XLMUSDT,2026-02-07,1
XMRUSDT,2026-02-07,1
XPLUSDT,2026-02-07,1
XRPUSDT,2026-02-07,1
ZBTUSDT,2026-02-07,1
ZECUSDT,2026-02-07,1
ZENUSDT,2026-02-07,1
ZROUSDT,2026-02-07,1
0GUSDT,2026-02-08,1
1000BONKUSDT,2026-02-08,1
1000PEPEUSDT,2026-02-08,1
AAVEUSDT,2026-02-08,1
ADAUSDT,2026-02-08,1
AEROUSDT,2026-02-08,1
APTUSDT,2026-02-08,1
ARBUSDT,2026-02-08,1
ASTERUSDT,2026-02-08,1
ATOMUSDT,2026-02-08,1
AVAXUSDT,2026-02-08,1
AVNTUSDT,2026-02-08,1
AXLUSDT,2026-02-08,1
AXSUSDT,2026-02-08,1
BCHUSDT,2026-02-08,1
BEATUSDT,2026-02-08,1
BERAUSDT,2026-02-08,1
BNBUSDT,2026-02-08,1
CCUSDT,2026-02-08,1
CHZUSDT,2026-02-08,1
CLOUSDT,2026-02-08,1
CRVUSDT,2026-02-08,1
CYSUSDT,2026-02-08,1
DASHUSDT,2026-02-08,1
DOGEUSDT,2026-02-08,1
DOTUSDT,2026-02-08,1
DUSKUSDT,2026-02-08,1
DYDXUSDT,2026-02-08,1
EIGENUSDT,2026-02-08,1
ENAUSDT,2026-02-08,1
ENSOUSDT,2026-02-08,1
ETCUSDT,2026-02-08,1
FARTCOINUSDT,2026-02-08,1
FILUSDT,2026-02-08,1
FLOWUSDT,2026-02-08,1
GALAUSDT,2026-02-08,1
HANAUSDT,2026-02-08,1
HBARUSDT,2026-02-08,1
HUSDT,2026-02-08,1
HYPEUSDT,2026-02-08,1
ICPUSDT,2026-02-08,1
INJUSDT,2026-02-08,1
IPUSDT,2026-02-08,1
JTOUSDT,2026-02-08,1
KAITOUSDT,2026-02-08,1
LDOUSDT,2026-02-08,1
LINEAUSDT,2026-02-08,1
LINKUSDT,2026-02-08,1
LITUSDT,2026-02-08,1
LTCUSDT,2026-02-08,1
MERLUSDT,2026-02-08,1
MNTUSDT,2026-02-08,1
MONUSDT,2026-02-08,1
NEARUSDT,2026-02-08,1
NOMUSDT,2026-02-08,1
ONDOUSDT,2026-02-08,1
OPUSDT,2026-02-08,1
ORDIUSDT,2026-02-08,1
PAXGUSDT,2026-02-08,1
PENDLEUSDT,2026-02-08,1
PENGUUSDT,2026-02-08,1
PIPPINUSDT,2026-02-08,1
POLUSDT,2026-02-08,1
POPCATUSDT,2026-02-08,1
PUMPFUNUSDT,2026-02-08,1
RENDERUSDT,2026-02-08,1
RIVERUSDT,2026-02-08,1
ROSEUSDT,2026-02-08,1
SANDUSDT,2026-02-08,1
SEIUSDT,2026-02-08,1
SENTUSDT,2026-02-08,1
SHIB1000USDT,2026-02-08,1
SOLUSDT,2026-02-08,1
SOMIUSDT,2026-02-08,1
SPXUSDT,2026-02-08,1
STABLEUSDT,2026-02-08,1
STRKUSDT,2026-02-08,1
SUIUSDT,2026-02-08,1
TAOUSDT,2026-02-08,1
TIAUSDT,2026-02-08,1
TONUSDT,2026-02-08,1
TRUMPUSDT,2026-02-08,1
TRXUSDT,2026-02-08,1
UNIUSDT,2026-02-08,1
USELESSUSDT,2026-02-08,1
VIRTUALUSDT,2026-02-08,1
WIFUSDT,2026-02-08,1
WLDUSDT,2026-02-08,1
WLFIUSDT,2026-02-08,1
XAUTUSDT,2026-02-08,1
XLMUSDT,2026-02-08,1
XMRUSDT,2026-02-08,1
XPLUSDT,2026-02-08,1
XRPUSDT,2026-02-08,1
ZBTUSDT,2026-02-08,1
ZECUSDT,2026-02-08,1
ZENUSDT,2026-02-08,1
ZKUSDT,2026-02-08,1
ZROUSDT,2026-02-08,1
0GUSDT,2026-02-09,1
1000BONKUSDT,2026-02-09,1
1000PEPEUSDT,2026-02-09,1
AAVEUSDT,2026-02-09,1
ADAUSDT,2026-02-09,1
AEROUSDT,2026-02-09,1
APTUSDT,2026-02-09,1
ARBUSDT,2026-02-09,1
ASTERUSDT,2026-02-09,1
ATOMUSDT,2026-02-09,1
AUCTIONUSDT,2026-02-09,1
AVAXUSDT,2026-02-09,1
AVNTUSDT,2026-02-09,1
AXLUSDT,2026-02-09,1
AXSUSDT,2026-02-09,1
BCHUSDT,2026-02-09,1
BEATUSDT,2026-02-09,1
BERAUSDT,2026-02-09,1
BNBUSDT,2026-02-09,1
CCUSDT,2026-02-09,1
CHZUSDT,2026-02-09,1
CLOUSDT,2026-02-09,1
CRVUSDT,2026-02-09,1
CYSUSDT,2026-02-09,1
DASHUSDT,2026-02-09,1
DOGEUSDT,2026-02-09,1
DOTUSDT,2026-02-09,1
DUSKUSDT,2026-02-09,1
DYDXUSDT,2026-02-09,1
EIGENUSDT,2026-02-09,1
ENAUSDT,2026-02-09,1
ENSOUSDT,2026-02-09,1
ETCUSDT,2026-02-09,1
FARTCOINUSDT,2026-02-09,1
FILUSDT,2026-02-09,1
FLOWUSDT,2026-02-09,1
GALAUSDT,2026-02-09,1
HANAUSDT,2026-02-09,1
HBARUSDT,2026-02-09,1
HUSDT,2026-02-09,1
HYPEUSDT,2026-02-09,1
ICPUSDT,2026-02-09,1
INJUSDT,2026-02-09,1
IPUSDT,2026-02-09,1
JTOUSDT,2026-02-09,1
KAITOUSDT,2026-02-09,1
LDOUSDT,2026-02-09,1
LINEAUSDT,2026-02-09,1
LINKUSDT,2026-02-09,1
LITUSDT,2026-02-09,1
LTCUSDT,2026-02-09,1
MERLUSDT,2026-02-09,1
MNTUSDT,2026-02-09,1
MONUSDT,2026-02-09,1
NEARUSDT,2026-02-09,1
NOMUSDT,2026-02-09,1
ONDOUSDT,2026-02-09,1
OPUSDT,2026-02-09,1
ORDIUSDT,2026-02-09,1
PAXGUSDT,2026-02-09,1
PENDLEUSDT,2026-02-09,1
PENGUUSDT,2026-02-09,1
PIPPINUSDT,2026-02-09,1
POLUSDT,2026-02-09,1
POPCATUSDT,2026-02-09,1
PUMPFUNUSDT,2026-02-09,1
RENDERUSDT,2026-02-09,1
RIVERUSDT,2026-02-09,1
ROSEUSDT,2026-02-09,1
SANDUSDT,2026-02-09,1
SEIUSDT,2026-02-09,1
SENTUSDT,2026-02-09,1
SHIB1000USDT,2026-02-09,1
SOLUSDT,2026-02-09,1
SOMIUSDT,2026-02-09,1
SPXUSDT,2026-02-09,1
STABLEUSDT,2026-02-09,1
STRKUSDT,2026-02-09,1
SUIUSDT,2026-02-09,1
TAOUSDT,2026-02-09,1
TIAUSDT,2026-02-09,1
TONUSDT,2026-02-09,1
TRUMPUSDT,2026-02-09,1
TRXUSDT,2026-02-09,1
UNIUSDT,2026-02-09,1
USELESSUSDT,2026-02-09,1
VIRTUALUSDT,2026-02-09,1
WIFUSDT,2026-02-09,1
WLDUSDT,2026-02-09,1
WLFIUSDT,2026-02-09,1
XAUTUSDT,2026-02-09,1
XLMUSDT,2026-02-09,1
XMRUSDT,2026-02-09,1
XPLUSDT,2026-02-09,1
XRPUSDT,2026-02-09,1
ZECUSDT,2026-02-09,1
ZENUSDT,2026-02-09,1
ZILUSDT,2026-02-09,1
ZKUSDT,2026-02-09,1
ZROUSDT,2026-02-09,1
0GUSDT,2026-02-10,1
1000BONKUSDT,2026-02-10,1
1000PEPEUSDT,2026-02-10,1
AAVEUSDT,2026-02-10,1
ADAUSDT,2026-02-10,1
AEROUSDT,2026-02-10,1
APTUSDT,2026-02-10,1
ARBUSDT,2026-02-10,1
ARCUSDT,2026-02-10,1
ASTERUSDT,2026-02-10,1
ATOMUSDT,2026-02-10,1
AUCTIONUSDT,2026-02-10,1
AVAXUSDT,2026-02-10,1
AVNTUSDT,2026-02-10,1
AXLUSDT,2026-02-10,1
AXSUSDT,2026-02-10,1
BCHUSDT,2026-02-10,1
BEATUSDT,2026-02-10,1
BERAUSDT,2026-02-10,1
BNBUSDT,2026-02-10,1
CCUSDT,2026-02-10,1
CHZUSDT,2026-02-10,1
CLOUSDT,2026-02-10,1
CRVUSDT,2026-02-10,1
CYSUSDT,2026-02-10,1
DASHUSDT,2026-02-10,1
DOGEUSDT,2026-02-10,1
DOTUSDT,2026-02-10,1
DUSKUSDT,2026-02-10,1
DYDXUSDT,2026-02-10,1
EIGENUSDT,2026-02-10,1
ENAUSDT,2026-02-10,1
ENSOUSDT,2026-02-10,1
ETCUSDT,2026-02-10,1
FARTCOINUSDT,2026-02-10,1
FILUSDT,2026-02-10,1
FLOWUSDT,2026-02-10,1
GALAUSDT,2026-02-10,1
HANAUSDT,2026-02-10,1
HBARUSDT,2026-02-10,1
HUSDT,2026-02-10,1
HYPEUSDT,2026-02-10,1
ICPUSDT,2026-02-10,1
INJUSDT,2026-02-10,1
IPUSDT,2026-02-10,1
JTOUSDT,2026-02-10,1
KAITOUSDT,2026-02-10,1
LDOUSDT,2026-02-10,1
LINEAUSDT,2026-02-10,1
LINKUSDT,2026-02-10,1
LITUSDT,2026-02-10,1
LTCUSDT,2026-02-10,1
MERLUSDT,2026-02-10,1
MNTUSDT,2026-02-10,1
MONUSDT,2026-02-10,1
NEARUSDT,2026-02-10,1
NOMUSDT,2026-02-10,1
ONDOUSDT,2026-02-10,1
OPUSDT,2026-02-10,1
ORDIUSDT,2026-02-10,1
PAXGUSDT,2026-02-10,1
PENDLEUSDT,2026-02-10,1
PENGUUSDT,2026-02-10,1
PIPPINUSDT,2026-02-10,1
POLUSDT,2026-02-10,1
POPCATUSDT,2026-02-10,1
PUMPFUNUSDT,2026-02-10,1
RENDERUSDT,2026-02-10,1
RIVERUSDT,2026-02-10,1
ROSEUSDT,2026-02-10,1
SANDUSDT,2026-02-10,1
SEIUSDT,2026-02-10,1
SENTUSDT,2026-02-10,1
SHIB1000USDT,2026-02-10,1
SOLUSDT,2026-02-10,1
SOMIUSDT,2026-02-10,1
SPXUSDT,2026-02-10,1
STABLEUSDT,2026-02-10,1
STRKUSDT,2026-02-10,1
SUIUSDT,2026-02-10,1
TAOUSDT,2026-02-10,1
TIAUSDT,2026-02-10,1
TONUSDT,2026-02-10,1
TRUMPUSDT,2026-02-10,1
TRXUSDT,2026-02-10,1
UNIUSDT,2026-02-10,1
USELESSUSDT,2026-02-10,1
VIRTUALUSDT,2026-02-10,1
WIFUSDT,2026-02-10,1
WLDUSDT,2026-02-10,1
WLFIUSDT,2026-02-10,1
XAUTUSDT,2026-02-10,1
XLMUSDT,2026-02-10,1
XMRUSDT,2026-02-10,1
XPLUSDT,2026-02-10,1
XRPUSDT,2026-02-10,1
ZECUSDT,2026-02-10,1
ZENUSDT,2026-02-10,1
ZILUSDT,2026-02-10,1
ZKUSDT,2026-02-10,1
ZROUSDT,2026-02-10,1
0GUSDT,2026-02-11,1
1000BONKUSDT,2026-02-11,1
1000PEPEUSDT,2026-02-11,1
AAVEUSDT,2026-02-11,1
ADAUSDT,2026-02-11,1
AEROUSDT,2026-02-11,1
APTUSDT,2026-02-11,1
ARBUSDT,2026-02-11,1
ARCUSDT,2026-02-11,1
ASTERUSDT,2026-02-11,1
ATOMUSDT,2026-02-11,1
AUCTIONUSDT,2026-02-11,1
AVAXUSDT,2026-02-11,1
AVNTUSDT,2026-02-11,1
AXLUSDT,2026-02-11,1
AXSUSDT,2026-02-11,1
BCHUSDT,2026-02-11,1
BEATUSDT,2026-02-11,1
BERAUSDT,2026-02-11,1
BNBUSDT,2026-02-11,1
CCUSDT,2026-02-11,1
CHZUSDT,2026-02-11,1
CLOUSDT,2026-02-11,1
CRVUSDT,2026-02-11,1
CYSUSDT,2026-02-11,1
DASHUSDT,2026-02-11,1
DOGEUSDT,2026-02-11,1
DOTUSDT,2026-02-11,1
DUSKUSDT,2026-02-11,1
DYDXUSDT,2026-02-11,1
EIGENUSDT,2026-02-11,1
ENAUSDT,2026-02-11,1
ENSOUSDT,2026-02-11,1
ETCUSDT,2026-02-11,1
FARTCOINUSDT,2026-02-11,1
FILUSDT,2026-02-11,1
FLOWUSDT,2026-02-11,1
GALAUSDT,2026-02-11,1
HANAUSDT,2026-02-11,1
HBARUSDT,2026-02-11,1
HUSDT,2026-02-11,1
HYPEUSDT,2026-02-11,1
ICPUSDT,2026-02-11,1
INJUSDT,2026-02-11,1
IPUSDT,2026-02-11,1
JTOUSDT,2026-02-11,1
KAITOUSDT,2026-02-11,1
LDOUSDT,2026-02-11,1
LINEAUSDT,2026-02-11,1
LINKUSDT,2026-02-11,1
LITUSDT,2026-02-11,1
LTCUSDT,2026-02-11,1
MERLUSDT,2026-02-11,1
MNTUSDT,2026-02-11,1
MONUSDT,2026-02-11,1
NEARUSDT,2026-02-11,1
NOMUSDT,2026-02-11,1
ONDOUSDT,2026-02-11,1
OPUSDT,2026-02-11,1
ORDIUSDT,2026-02-11,1
PAXGUSDT,2026-02-11,1
PENDLEUSDT,2026-02-11,1
PENGUUSDT,2026-02-11,1
PIPPINUSDT,2026-02-11,1
POLUSDT,2026-02-11,1
POPCATUSDT,2026-02-11,1
PUMPFUNUSDT,2026-02-11,1
RENDERUSDT,2026-02-11,1
RIVERUSDT,2026-02-11,1
ROSEUSDT,2026-02-11,1
SANDUSDT,2026-02-11,1
SEIUSDT,2026-02-11,1
SENTUSDT,2026-02-11,1
SHIB1000USDT,2026-02-11,1
SOLUSDT,2026-02-11,1
SOMIUSDT,2026-02-11,1
SPXUSDT,2026-02-11,1
STABLEUSDT,2026-02-11,1
STRKUSDT,2026-02-11,1
SUIUSDT,2026-02-11,1
TAOUSDT,2026-02-11,1
TIAUSDT,2026-02-11,1
TONUSDT,2026-02-11,1
TRUMPUSDT,2026-02-11,1
TRXUSDT,2026-02-11,1
UNIUSDT,2026-02-11,1
USELESSUSDT,2026-02-11,1
VIRTUALUSDT,2026-02-11,1
WIFUSDT,2026-02-11,1
WLDUSDT,2026-02-11,1
WLFIUSDT,2026-02-11,1
XAUTUSDT,2026-02-11,1
XLMUSDT,2026-02-11,1
XMRUSDT,2026-02-11,1
XPLUSDT,2026-02-11,1
XRPUSDT,2026-02-11,1
ZECUSDT,2026-02-11,1
ZENUSDT,2026-02-11,1
ZILUSDT,2026-02-11,1
ZKUSDT,2026-02-11,1
ZROUSDT,2026-02-11,1
0GUSDT,2026-02-12,1
1000BONKUSDT,2026-02-12,1
1000PEPEUSDT,2026-02-12,1
AAVEUSDT,2026-02-12,1
ADAUSDT,2026-02-12,1
AEROUSDT,2026-02-12,1
APTUSDT,2026-02-12,1
ARBUSDT,2026-02-12,1
ARCUSDT,2026-02-12,1
ASTERUSDT,2026-02-12,1
ATOMUSDT,2026-02-12,1
AUCTIONUSDT,2026-02-12,1
AVAXUSDT,2026-02-12,1
AVNTUSDT,2026-02-12,1
AXLUSDT,2026-02-12,1
AXSUSDT,2026-02-12,1
BCHUSDT,2026-02-12,1
BEATUSDT,2026-02-12,1
BERAUSDT,2026-02-12,1
BNBUSDT,2026-02-12,1
CCUSDT,2026-02-12,1
CHZUSDT,2026-02-12,1
CLOUSDT,2026-02-12,1
CRVUSDT,2026-02-12,1
CYSUSDT,2026-02-12,1
DASHUSDT,2026-02-12,1
DOGEUSDT,2026-02-12,1
DOTUSDT,2026-02-12,1
DUSKUSDT,2026-02-12,1
DYDXUSDT,2026-02-12,1
EIGENUSDT,2026-02-12,1
ENAUSDT,2026-02-12,1
ENSOUSDT,2026-02-12,1
ETCUSDT,2026-02-12,1
FARTCOINUSDT,2026-02-12,1
FILUSDT,2026-02-12,1
FLOWUSDT,2026-02-12,1
GALAUSDT,2026-02-12,1
HANAUSDT,2026-02-12,1
HBARUSDT,2026-02-12,1
HUSDT,2026-02-12,1
HYPEUSDT,2026-02-12,1
ICPUSDT,2026-02-12,1
INJUSDT,2026-02-12,1
IPUSDT,2026-02-12,1
JTOUSDT,2026-02-12,1
KAITOUSDT,2026-02-12,1
LDOUSDT,2026-02-12,1
LINEAUSDT,2026-02-12,1
LINKUSDT,2026-02-12,1
LITUSDT,2026-02-12,1
LTCUSDT,2026-02-12,1
MERLUSDT,2026-02-12,1
MNTUSDT,2026-02-12,1
MONUSDT,2026-02-12,1
NEARUSDT,2026-02-12,1
NOMUSDT,2026-02-12,1
ONDOUSDT,2026-02-12,1
OPUSDT,2026-02-12,1
ORDIUSDT,2026-02-12,1
PAXGUSDT,2026-02-12,1
PENDLEUSDT,2026-02-12,1
PENGUUSDT,2026-02-12,1
PIPPINUSDT,2026-02-12,1
POLUSDT,2026-02-12,1
POPCATUSDT,2026-02-12,1
PUMPFUNUSDT,2026-02-12,1
RENDERUSDT,2026-02-12,1
RIVERUSDT,2026-02-12,1
ROSEUSDT,2026-02-12,1
SANDUSDT,2026-02-12,1
SEIUSDT,2026-02-12,1
SENTUSDT,2026-02-12,1
SHIB1000USDT,2026-02-12,1
SOLUSDT,2026-02-12,1
SOMIUSDT,2026-02-12,1
SPXUSDT,2026-02-12,1
STABLEUSDT,2026-02-12,1
STRKUSDT,2026-02-12,1
SUIUSDT,2026-02-12,1
TAOUSDT,2026-02-12,1
TIAUSDT,2026-02-12,1
TONUSDT,2026-02-12,1
TRUMPUSDT,2026-02-12,1
TRXUSDT,2026-02-12,1
UNIUSDT,2026-02-12,1
USELESSUSDT,2026-02-12,1
VIRTUALUSDT,2026-02-12,1
WIFUSDT,2026-02-12,1
WLDUSDT,2026-02-12,1
WLFIUSDT,2026-02-12,1
XAUTUSDT,2026-02-12,1
XLMUSDT,2026-02-12,1
XMRUSDT,2026-02-12,1
XPLUSDT,2026-02-12,1
XRPUSDT,2026-02-12,1
ZECUSDT,2026-02-12,1
ZENUSDT,2026-02-12,1
ZILUSDT,2026-02-12,1
ZKUSDT,2026-02-12,1
ZROUSDT,2026-02-12,1
0GUSDT,2026-02-13,1
1000BONKUSDT,2026-02-13,1
1000PEPEUSDT,2026-02-13,1
AAVEUSDT,2026-02-13,1
ADAUSDT,2026-02-13,1
AEROUSDT,2026-02-13,1
APTUSDT,2026-02-13,1
ARBUSDT,2026-02-13,1
ARCUSDT,2026-02-13,1
ASTERUSDT,2026-02-13,1
ATOMUSDT,2026-02-13,1
AUCTIONUSDT,2026-02-13,1
AVAXUSDT,2026-02-13,1
AVNTUSDT,2026-02-13,1
AXLUSDT,2026-02-13,1
AXSUSDT,2026-02-13,1
BCHUSDT,2026-02-13,1
BEATUSDT,2026-02-13,1
BERAUSDT,2026-02-13,1
BNBUSDT,2026-02-13,1
CCUSDT,2026-02-13,1
CHZUSDT,2026-02-13,1
CLOUSDT,2026-02-13,1
CRVUSDT,2026-02-13,1
CYSUSDT,2026-02-13,1
DASHUSDT,2026-02-13,1
DOGEUSDT,2026-02-13,1
DOTUSDT,2026-02-13,1
DUSKUSDT,2026-02-13,1
DYDXUSDT,2026-02-13,1
EIGENUSDT,2026-02-13,1
ENAUSDT,2026-02-13,1
ENSOUSDT,2026-02-13,1
ETCUSDT,2026-02-13,1
FARTCOINUSDT,2026-02-13,1
FILUSDT,2026-02-13,1
FLOWUSDT,2026-02-13,1
GALAUSDT,2026-02-13,1
HANAUSDT,2026-02-13,1
HBARUSDT,2026-02-13,1
HUSDT,2026-02-13,1
HYPEUSDT,2026-02-13,1
ICPUSDT,2026-02-13,1
INJUSDT,2026-02-13,1
IPUSDT,2026-02-13,1
JTOUSDT,2026-02-13,1
KAITOUSDT,2026-02-13,1
LDOUSDT,2026-02-13,1
LINEAUSDT,2026-02-13,1
LINKUSDT,2026-02-13,1
LITUSDT,2026-02-13,1
LTCUSDT,2026-02-13,1
MERLUSDT,2026-02-13,1
MNTUSDT,2026-02-13,1
MONUSDT,2026-02-13,1
MYXUSDT,2026-02-13,1
NEARUSDT,2026-02-13,1
NOMUSDT,2026-02-13,1
ONDOUSDT,2026-02-13,1
OPUSDT,2026-02-13,1
ORDIUSDT,2026-02-13,1
PAXGUSDT,2026-02-13,1
PENDLEUSDT,2026-02-13,1
PENGUUSDT,2026-02-13,1
PIPPINUSDT,2026-02-13,1
POLUSDT,2026-02-13,1
POPCATUSDT,2026-02-13,1
PUMPFUNUSDT,2026-02-13,1
RENDERUSDT,2026-02-13,1
RIVERUSDT,2026-02-13,1
ROSEUSDT,2026-02-13,1
SANDUSDT,2026-02-13,1
SEIUSDT,2026-02-13,1
SENTUSDT,2026-02-13,1
SHIB1000USDT,2026-02-13,1
SOLUSDT,2026-02-13,1
SOMIUSDT,2026-02-13,1
SPXUSDT,2026-02-13,1
STABLEUSDT,2026-02-13,1
STRKUSDT,2026-02-13,1
SUIUSDT,2026-02-13,1
TAOUSDT,2026-02-13,1
TIAUSDT,2026-02-13,1
TONUSDT,2026-02-13,1
TRUMPUSDT,2026-02-13,1
TRXUSDT,2026-02-13,1
UNIUSDT,2026-02-13,1
VIRTUALUSDT,2026-02-13,1
WHITEWHALEUSDT,2026-02-13,1
WIFUSDT,2026-02-13,1
WLDUSDT,2026-02-13,1
WLFIUSDT,2026-02-13,1
XAUTUSDT,2026-02-13,1
XLMUSDT,2026-02-13,1
XMRUSDT,2026-02-13,1
XPLUSDT,2026-02-13,1
XRPUSDT,2026-02-13,1
ZECUSDT,2026-02-13,1
ZILUSDT,2026-02-13,1
ZKUSDT,2026-02-13,1
ZROUSDT,2026-02-13,1
0GUSDT,2026-02-14,1
1000BONKUSDT,2026-02-14,1
1000PEPEUSDT,2026-02-14,1
AAVEUSDT,2026-02-14,1
ADAUSDT,2026-02-14,1
AEROUSDT,2026-02-14,1
APTUSDT,2026-02-14,1
ARBUSDT,2026-02-14,1
ARCUSDT,2026-02-14,1
ASTERUSDT,2026-02-14,1
ATOMUSDT,2026-02-14,1
AUCTIONUSDT,2026-02-14,1
AVAXUSDT,2026-02-14,1
AVNTUSDT,2026-02-14,1
AXLUSDT,2026-02-14,1
AXSUSDT,2026-02-14,1
BCHUSDT,2026-02-14,1
BEATUSDT,2026-02-14,1
BERAUSDT,2026-02-14,1
BNBUSDT,2026-02-14,1
CCUSDT,2026-02-14,1
CLOUSDT,2026-02-14,1
CRVUSDT,2026-02-14,1
CYSUSDT,2026-02-14,1
DASHUSDT,2026-02-14,1
DOGEUSDT,2026-02-14,1
DOTUSDT,2026-02-14,1
DUSKUSDT,2026-02-14,1
DYDXUSDT,2026-02-14,1
EIGENUSDT,2026-02-14,1
ENAUSDT,2026-02-14,1
ENSOUSDT,2026-02-14,1
ETCUSDT,2026-02-14,1
FARTCOINUSDT,2026-02-14,1
FILUSDT,2026-02-14,1
FLOWUSDT,2026-02-14,1
GALAUSDT,2026-02-14,1
HANAUSDT,2026-02-14,1
HBARUSDT,2026-02-14,1
HUSDT,2026-02-14,1
HYPEUSDT,2026-02-14,1
ICPUSDT,2026-02-14,1
INJUSDT,2026-02-14,1
IPUSDT,2026-02-14,1
JTOUSDT,2026-02-14,1
KAITOUSDT,2026-02-14,1
LDOUSDT,2026-02-14,1
LINEAUSDT,2026-02-14,1
LINKUSDT,2026-02-14,1
LITUSDT,2026-02-14,1
LTCUSDT,2026-02-14,1
MERLUSDT,2026-02-14,1
MNTUSDT,2026-02-14,1
MONUSDT,2026-02-14,1
MYXUSDT,2026-02-14,1
NEARUSDT,2026-02-14,1
NOMUSDT,2026-02-14,1
ONDOUSDT,2026-02-14,1
OPUSDT,2026-02-14,1
ORDIUSDT,2026-02-14,1
PAXGUSDT,2026-02-14,1
PENDLEUSDT,2026-02-14,1
PENGUUSDT,2026-02-14,1
PIPPINUSDT,2026-02-14,1
POLUSDT,2026-02-14,1
POPCATUSDT,2026-02-14,1
PUMPFUNUSDT,2026-02-14,1
RENDERUSDT,2026-02-14,1
RIVERUSDT,2026-02-14,1
ROSEUSDT,2026-02-14,1
SANDUSDT,2026-02-14,1
SEIUSDT,2026-02-14,1
SENTUSDT,2026-02-14,1
SHIB1000USDT,2026-02-14,1
SIRENUSDT,2026-02-14,1
SOLUSDT,2026-02-14,1
SOMIUSDT,2026-02-14,1
SPXUSDT,2026-02-14,1
STABLEUSDT,2026-02-14,1
STRKUSDT,2026-02-14,1
SUIUSDT,2026-02-14,1
TAOUSDT,2026-02-14,1
TIAUSDT,2026-02-14,1
TONUSDT,2026-02-14,1
TRUMPUSDT,2026-02-14,1
TRXUSDT,2026-02-14,1
UNIUSDT,2026-02-14,1
VIRTUALUSDT,2026-02-14,1
WHITEWHALEUSDT,2026-02-14,1
WIFUSDT,2026-02-14,1
WLDUSDT,2026-02-14,1
WLFIUSDT,2026-02-14,1
XAUTUSDT,2026-02-14,1
XLMUSDT,2026-02-14,1
XMRUSDT,2026-02-14,1
XPLUSDT,2026-02-14,1
XRPUSDT,2026-02-14,1
ZECUSDT,2026-02-14,1
ZILUSDT,2026-02-14,1
ZKUSDT,2026-02-14,1
ZROUSDT,2026-02-14,1
0GUSDT,2026-02-15,1
1000BONKUSDT,2026-02-15,1
1000PEPEUSDT,2026-02-15,1
AAVEUSDT,2026-02-15,1
ADAUSDT,2026-02-15,1
AEROUSDT,2026-02-15,1
APTUSDT,2026-02-15,1
ARBUSDT,2026-02-15,1
ARCUSDT,2026-02-15,1
ASTERUSDT,2026-02-15,1
ATOMUSDT,2026-02-15,1
AUCTIONUSDT,2026-02-15,1
AVAXUSDT,2026-02-15,1
AVNTUSDT,2026-02-15,1
AXLUSDT,2026-02-15,1
AXSUSDT,2026-02-15,1
BCHUSDT,2026-02-15,1
BEATUSDT,2026-02-15,1
BERAUSDT,2026-02-15,1
BNBUSDT,2026-02-15,1
CCUSDT,2026-02-15,1
CLOUSDT,2026-02-15,1
CRVUSDT,2026-02-15,1
CYSUSDT,2026-02-15,1
DASHUSDT,2026-02-15,1
DOGEUSDT,2026-02-15,1
DOTUSDT,2026-02-15,1
DUSKUSDT,2026-02-15,1
DYDXUSDT,2026-02-15,1
ENAUSDT,2026-02-15,1
ENSOUSDT,2026-02-15,1
ETCUSDT,2026-02-15,1
FARTCOINUSDT,2026-02-15,1
FILUSDT,2026-02-15,1
FLOWUSDT,2026-02-15,1
GALAUSDT,2026-02-15,1
HANAUSDT,2026-02-15,1
HBARUSDT,2026-02-15,1
HUSDT,2026-02-15,1
HYPEUSDT,2026-02-15,1
ICPUSDT,2026-02-15,1
INJUSDT,2026-02-15,1
IPUSDT,2026-02-15,1
JTOUSDT,2026-02-15,1
KAITOUSDT,2026-02-15,1
KITEUSDT,2026-02-15,1
LDOUSDT,2026-02-15,1
LINEAUSDT,2026-02-15,1
LINKUSDT,2026-02-15,1
LITUSDT,2026-02-15,1
LTCUSDT,2026-02-15,1
MERLUSDT,2026-02-15,1
MNTUSDT,2026-02-15,1
MONUSDT,2026-02-15,1
MYXUSDT,2026-02-15,1
NEARUSDT,2026-02-15,1
NOMUSDT,2026-02-15,1
ONDOUSDT,2026-02-15,1
OPUSDT,2026-02-15,1
ORDIUSDT,2026-02-15,1
PAXGUSDT,2026-02-15,1
PENDLEUSDT,2026-02-15,1
PENGUUSDT,2026-02-15,1
PIPPINUSDT,2026-02-15,1
POLUSDT,2026-02-15,1
POPCATUSDT,2026-02-15,1
PUMPFUNUSDT,2026-02-15,1
RENDERUSDT,2026-02-15,1
RIVERUSDT,2026-02-15,1
ROSEUSDT,2026-02-15,1
SANDUSDT,2026-02-15,1
SEIUSDT,2026-02-15,1
SENTUSDT,2026-02-15,1
SHIB1000USDT,2026-02-15,1
SIRENUSDT,2026-02-15,1
SOLUSDT,2026-02-15,1
SOMIUSDT,2026-02-15,1
SPXUSDT,2026-02-15,1
STABLEUSDT,2026-02-15,1
STRKUSDT,2026-02-15,1
SUIUSDT,2026-02-15,1
TAOUSDT,2026-02-15,1
TIAUSDT,2026-02-15,1
TONUSDT,2026-02-15,1
TRUMPUSDT,2026-02-15,1
TRXUSDT,2026-02-15,1
UNIUSDT,2026-02-15,1
VIRTUALUSDT,2026-02-15,1
WHITEWHALEUSDT,2026-02-15,1
WIFUSDT,2026-02-15,1
WLDUSDT,2026-02-15,1
WLFIUSDT,2026-02-15,1
XAUTUSDT,2026-02-15,1
XLMUSDT,2026-02-15,1
XMRUSDT,2026-02-15,1
XPLUSDT,2026-02-15,1
XRPUSDT,2026-02-15,1
ZECUSDT,2026-02-15,1
ZILUSDT,2026-02-15,1
ZKUSDT,2026-02-15,1
ZROUSDT,2026-02-15,1
0GUSDT,2026-02-16,1
1000BONKUSDT,2026-02-16,1
1000PEPEUSDT,2026-02-16,1
AAVEUSDT,2026-02-16,1
ADAUSDT,2026-02-16,1
AEROUSDT,2026-02-16,1
APTUSDT,2026-02-16,1
ARBUSDT,2026-02-16,1
ARCUSDT,2026-02-16,1
ASTERUSDT,2026-02-16,1
ATOMUSDT,2026-02-16,1
AUCTIONUSDT,2026-02-16,1
AVAXUSDT,2026-02-16,1
AVNTUSDT,2026-02-16,1
AXLUSDT,2026-02-16,1
AXSUSDT,2026-02-16,1
BCHUSDT,2026-02-16,1
BEATUSDT,2026-02-16,1
BERAUSDT,2026-02-16,1
BNBUSDT,2026-02-16,1
CCUSDT,2026-02-16,1
CLOUSDT,2026-02-16,1
CRVUSDT,2026-02-16,1
DASHUSDT,2026-02-16,1
DOGEUSDT,2026-02-16,1
DOTUSDT,2026-02-16,1
DUSKUSDT,2026-02-16,1
DYDXUSDT,2026-02-16,1
ENAUSDT,2026-02-16,1
ENSOUSDT,2026-02-16,1
ETCUSDT,2026-02-16,1
FARTCOINUSDT,2026-02-16,1
FILUSDT,2026-02-16,1
FLOWUSDT,2026-02-16,1
GALAUSDT,2026-02-16,1
HANAUSDT,2026-02-16,1
HBARUSDT,2026-02-16,1
HUSDT,2026-02-16,1
HYPEUSDT,2026-02-16,1
ICPUSDT,2026-02-16,1
INJUSDT,2026-02-16,1
IPUSDT,2026-02-16,1
JTOUSDT,2026-02-16,1
KAITOUSDT,2026-02-16,1
KITEUSDT,2026-02-16,1
LDOUSDT,2026-02-16,1
LINEAUSDT,2026-02-16,1
LINKUSDT,2026-02-16,1
LITUSDT,2026-02-16,1
LTCUSDT,2026-02-16,1
MERLUSDT,2026-02-16,1
MNTUSDT,2026-02-16,1
MONUSDT,2026-02-16,1
MYXUSDT,2026-02-16,1
NEARUSDT,2026-02-16,1
NOMUSDT,2026-02-16,1
ONDOUSDT,2026-02-16,1
OPUSDT,2026-02-16,1
ORDIUSDT,2026-02-16,1
PAXGUSDT,2026-02-16,1
PENDLEUSDT,2026-02-16,1
PENGUUSDT,2026-02-16,1
PIPPINUSDT,2026-02-16,1
POLUSDT,2026-02-16,1
POPCATUSDT,2026-02-16,1
POWERUSDT,2026-02-16,1
PUMPFUNUSDT,2026-02-16,1
RENDERUSDT,2026-02-16,1
RIVERUSDT,2026-02-16,1
ROSEUSDT,2026-02-16,1
SANDUSDT,2026-02-16,1
SEIUSDT,2026-02-16,1
SENTUSDT,2026-02-16,1
SHIB1000USDT,2026-02-16,1
SIRENUSDT,2026-02-16,1
SOLUSDT,2026-02-16,1
SOMIUSDT,2026-02-16,1
SPXUSDT,2026-02-16,1
STABLEUSDT,2026-02-16,1
STRKUSDT,2026-02-16,1
SUIUSDT,2026-02-16,1
TAOUSDT,2026-02-16,1
TIAUSDT,2026-02-16,1
TONUSDT,2026-02-16,1
TRUMPUSDT,2026-02-16,1
TRXUSDT,2026-02-16,1
UNIUSDT,2026-02-16,1
VIRTUALUSDT,2026-02-16,1
WHITEWHALEUSDT,2026-02-16,1
WIFUSDT,2026-02-16,1
WLDUSDT,2026-02-16,1
WLFIUSDT,2026-02-16,1
XAUTUSDT,2026-02-16,1
XLMUSDT,2026-02-16,1
XMRUSDT,2026-02-16,1
XPLUSDT,2026-02-16,1
XRPUSDT,2026-02-16,1
ZAMAUSDT,2026-02-16,1
ZECUSDT,2026-02-16,1
ZILUSDT,2026-02-16,1
ZKUSDT,2026-02-16,1
ZROUSDT,2026-02-16,1
0GUSDT,2026-02-17,1
1000BONKUSDT,2026-02-17,1
1000PEPEUSDT,2026-02-17,1
AAVEUSDT,2026-02-17,1
ADAUSDT,2026-02-17,1
AEROUSDT,2026-02-17,1
APTUSDT,2026-02-17,1
ARBUSDT,2026-02-17,1
ARCUSDT,2026-02-17,1
ASTERUSDT,2026-02-17,1
ATOMUSDT,2026-02-17,1
AUCTIONUSDT,2026-02-17,1
AVAXUSDT,2026-02-17,1
AVNTUSDT,2026-02-17,1
AXLUSDT,2026-02-17,1
AXSUSDT,2026-02-17,1
BCHUSDT,2026-02-17,1
BEATUSDT,2026-02-17,1
BERAUSDT,2026-02-17,1
BNBUSDT,2026-02-17,1
CCUSDT,2026-02-17,1
CLOUSDT,2026-02-17,1
CRVUSDT,2026-02-17,1
DASHUSDT,2026-02-17,1
DOGEUSDT,2026-02-17,1
DOTUSDT,2026-02-17,1
DUSKUSDT,2026-02-17,1
DYDXUSDT,2026-02-17,1
ENAUSDT,2026-02-17,1
ENSOUSDT,2026-02-17,1
ETCUSDT,2026-02-17,1
FARTCOINUSDT,2026-02-17,1
FILUSDT,2026-02-17,1
FLOWUSDT,2026-02-17,1
GALAUSDT,2026-02-17,1
HANAUSDT,2026-02-17,1
HBARUSDT,2026-02-17,1
HUSDT,2026-02-17,1
HYPEUSDT,2026-02-17,1
ICPUSDT,2026-02-17,1
INJUSDT,2026-02-17,1
IPUSDT,2026-02-17,1
JTOUSDT,2026-02-17,1
KAITOUSDT,2026-02-17,1
KITEUSDT,2026-02-17,1
LDOUSDT,2026-02-17,1
LINEAUSDT,2026-02-17,1
LINKUSDT,2026-02-17,1
LITUSDT,2026-02-17,1
LTCUSDT,2026-02-17,1
MERLUSDT,2026-02-17,1
MNTUSDT,2026-02-17,1
MONUSDT,2026-02-17,1
MYXUSDT,2026-02-17,1
NEARUSDT,2026-02-17,1
NOMUSDT,2026-02-17,1
ONDOUSDT,2026-02-17,1
OPUSDT,2026-02-17,1
ORDIUSDT,2026-02-17,1
PAXGUSDT,2026-02-17,1
PENDLEUSDT,2026-02-17,1
PENGUUSDT,2026-02-17,1
PIPPINUSDT,2026-02-17,1
POLUSDT,2026-02-17,1
POPCATUSDT,2026-02-17,1
POWERUSDT,2026-02-17,1
PUMPFUNUSDT,2026-02-17,1
RENDERUSDT,2026-02-17,1
RIVERUSDT,2026-02-17,1
ROSEUSDT,2026-02-17,1
SANDUSDT,2026-02-17,1
SEIUSDT,2026-02-17,1
SENTUSDT,2026-02-17,1
SHIB1000USDT,2026-02-17,1
SIRENUSDT,2026-02-17,1
SOLUSDT,2026-02-17,1
SOMIUSDT,2026-02-17,1
SPXUSDT,2026-02-17,1
STABLEUSDT,2026-02-17,1
STRKUSDT,2026-02-17,1
SUIUSDT,2026-02-17,1
TAOUSDT,2026-02-17,1
TIAUSDT,2026-02-17,1
TONUSDT,2026-02-17,1
TRUMPUSDT,2026-02-17,1
TRXUSDT,2026-02-17,1
UNIUSDT,2026-02-17,1
VIRTUALUSDT,2026-02-17,1
WHITEWHALEUSDT,2026-02-17,1
WIFUSDT,2026-02-17,1
WLDUSDT,2026-02-17,1
WLFIUSDT,2026-02-17,1
XAUTUSDT,2026-02-17,1
XLMUSDT,2026-02-17,1
XMRUSDT,2026-02-17,1
XPLUSDT,2026-02-17,1
XRPUSDT,2026-02-17,1
ZAMAUSDT,2026-02-17,1
ZECUSDT,2026-02-17,1
ZILUSDT,2026-02-17,1
ZKUSDT,2026-02-17,1
ZROUSDT,2026-02-17,1
0GUSDT,2026-02-18,1
1000BONKUSDT,2026-02-18,1
1000PEPEUSDT,2026-02-18,1
AAVEUSDT,2026-02-18,1
ADAUSDT,2026-02-18,1
AEROUSDT,2026-02-18,1
APTUSDT,2026-02-18,1
ARBUSDT,2026-02-18,1
ARCUSDT,2026-02-18,1
ASTERUSDT,2026-02-18,1
ATOMUSDT,2026-02-18,1
AUCTIONUSDT,2026-02-18,1
AVAXUSDT,2026-02-18,1
AVNTUSDT,2026-02-18,1
AXSUSDT,2026-02-18,1
BCHUSDT,2026-02-18,1
BEATUSDT,2026-02-18,1
BERAUSDT,2026-02-18,1
BNBUSDT,2026-02-18,1
CCUSDT,2026-02-18,1
CLOUSDT,2026-02-18,1
CRVUSDT,2026-02-18,1
DASHUSDT,2026-02-18,1
DOGEUSDT,2026-02-18,1
DOTUSDT,2026-02-18,1
DUSKUSDT,2026-02-18,1
DYDXUSDT,2026-02-18,1
ENAUSDT,2026-02-18,1
ENSOUSDT,2026-02-18,1
ETCUSDT,2026-02-18,1
FARTCOINUSDT,2026-02-18,1
FILUSDT,2026-02-18,1
FLOWUSDT,2026-02-18,1
GALAUSDT,2026-02-18,1
HANAUSDT,2026-02-18,1
HBARUSDT,2026-02-18,1
HUSDT,2026-02-18,1
HYPEUSDT,2026-02-18,1
ICPUSDT,2026-02-18,1
INJUSDT,2026-02-18,1
IPUSDT,2026-02-18,1
JTOUSDT,2026-02-18,1
KAITOUSDT,2026-02-18,1
KITEUSDT,2026-02-18,1
LDOUSDT,2026-02-18,1
LINEAUSDT,2026-02-18,1
LINKUSDT,2026-02-18,1
LITUSDT,2026-02-18,1
LTCUSDT,2026-02-18,1
MERLUSDT,2026-02-18,1
MNTUSDT,2026-02-18,1
MONUSDT,2026-02-18,1
MYXUSDT,2026-02-18,1
NEARUSDT,2026-02-18,1
NOMUSDT,2026-02-18,1
ONDOUSDT,2026-02-18,1
OPUSDT,2026-02-18,1
ORDIUSDT,2026-02-18,1
PAXGUSDT,2026-02-18,1
PENDLEUSDT,2026-02-18,1
PENGUUSDT,2026-02-18,1
PIPPINUSDT,2026-02-18,1
POLUSDT,2026-02-18,1
POPCATUSDT,2026-02-18,1
POWERUSDT,2026-02-18,1
PUMPFUNUSDT,2026-02-18,1
RENDERUSDT,2026-02-18,1
RIVERUSDT,2026-02-18,1
SANDUSDT,2026-02-18,1
SEIUSDT,2026-02-18,1
SENTUSDT,2026-02-18,1
SHIB1000USDT,2026-02-18,1
SIRENUSDT,2026-02-18,1
SOLUSDT,2026-02-18,1
SOMIUSDT,2026-02-18,1
SPXUSDT,2026-02-18,1
STABLEUSDT,2026-02-18,1
STRKUSDT,2026-02-18,1
SUIUSDT,2026-02-18,1
TAOUSDT,2026-02-18,1
TIAUSDT,2026-02-18,1
TONUSDT,2026-02-18,1
TRUMPUSDT,2026-02-18,1
TRXUSDT,2026-02-18,1
UNIUSDT,2026-02-18,1
VIRTUALUSDT,2026-02-18,1
WHITEWHALEUSDT,2026-02-18,1
WIFUSDT,2026-02-18,1
WLDUSDT,2026-02-18,1
WLFIUSDT,2026-02-18,1
XAUTUSDT,2026-02-18,1
XLMUSDT,2026-02-18,1
XMRUSDT,2026-02-18,1
XPLUSDT,2026-02-18,1
XRPUSDT,2026-02-18,1
ZAMAUSDT,2026-02-18,1
ZECUSDT,2026-02-18,1
ZILUSDT,2026-02-18,1
ZKUSDT,2026-02-18,1
ZROUSDT,2026-02-18,1
0GUSDT,2026-02-19,1
1000BONKUSDT,2026-02-19,1
1000PEPEUSDT,2026-02-19,1
AAVEUSDT,2026-02-19,1
ADAUSDT,2026-02-19,1
AEROUSDT,2026-02-19,1
APTUSDT,2026-02-19,1
ARBUSDT,2026-02-19,1
ARCUSDT,2026-02-19,1
ASTERUSDT,2026-02-19,1
ATOMUSDT,2026-02-19,1
AUCTIONUSDT,2026-02-19,1
AVAXUSDT,2026-02-19,1
AVNTUSDT,2026-02-19,1
AXSUSDT,2026-02-19,1
BCHUSDT,2026-02-19,1
BEATUSDT,2026-02-19,1
BERAUSDT,2026-02-19,1
BNBUSDT,2026-02-19,1
CCUSDT,2026-02-19,1
CLOUSDT,2026-02-19,1
CRVUSDT,2026-02-19,1
DASHUSDT,2026-02-19,1
DOGEUSDT,2026-02-19,1
DOTUSDT,2026-02-19,1
DUSKUSDT,2026-02-19,1
DYDXUSDT,2026-02-19,1
ENAUSDT,2026-02-19,1
ENSOUSDT,2026-02-19,1
ETCUSDT,2026-02-19,1
FARTCOINUSDT,2026-02-19,1
FILUSDT,2026-02-19,1
FLOWUSDT,2026-02-19,1
GALAUSDT,2026-02-19,1
HANAUSDT,2026-02-19,1
HBARUSDT,2026-02-19,1
HUSDT,2026-02-19,1
HYPEUSDT,2026-02-19,1
ICPUSDT,2026-02-19,1
INJUSDT,2026-02-19,1
IPUSDT,2026-02-19,1
JTOUSDT,2026-02-19,1
JUPUSDT,2026-02-19,1
KAITOUSDT,2026-02-19,1
KITEUSDT,2026-02-19,1
LDOUSDT,2026-02-19,1
LINEAUSDT,2026-02-19,1
LINKUSDT,2026-02-19,1
LITUSDT,2026-02-19,1
LTCUSDT,2026-02-19,1
MERLUSDT,2026-02-19,1
MEUSDT,2026-02-19,1
MNTUSDT,2026-02-19,1
MONUSDT,2026-02-19,1
MOODENGUSDT,2026-02-19,1
MYXUSDT,2026-02-19,1
NEARUSDT,2026-02-19,1
NOMUSDT,2026-02-19,1
ONDOUSDT,2026-02-19,1
OPUSDT,2026-02-19,1
ORDIUSDT,2026-02-19,1
PAXGUSDT,2026-02-19,1
PENDLEUSDT,2026-02-19,1
PENGUUSDT,2026-02-19,1
PIPPINUSDT,2026-02-19,1
POLUSDT,2026-02-19,1
POPCATUSDT,2026-02-19,1
POWERUSDT,2026-02-19,1
PUMPFUNUSDT,2026-02-19,1
RENDERUSDT,2026-02-19,1
RIVERUSDT,2026-02-19,1
SANDUSDT,2026-02-19,1
SEIUSDT,2026-02-19,1
SENTUSDT,2026-02-19,1
SHIB1000USDT,2026-02-19,1
SIRENUSDT,2026-02-19,1
SOLUSDT,2026-02-19,1
SOMIUSDT,2026-02-19,1
SPXUSDT,2026-02-19,1
STABLEUSDT,2026-02-19,1
STRKUSDT,2026-02-19,1
SUIUSDT,2026-02-19,1
TAOUSDT,2026-02-19,1
TIAUSDT,2026-02-19,1
TONUSDT,2026-02-19,1
TRUMPUSDT,2026-02-19,1
TRXUSDT,2026-02-19,1
UNIUSDT,2026-02-19,1
VIRTUALUSDT,2026-02-19,1
WHITEWHALEUSDT,2026-02-19,1
WIFUSDT,2026-02-19,1
WLDUSDT,2026-02-19,1
WLFIUSDT,2026-02-19,1
XAUTUSDT,2026-02-19,1
XLMUSDT,2026-02-19,1
XMRUSDT,2026-02-19,1
XPLUSDT,2026-02-19,1
XRPUSDT,2026-02-19,1
ZAMAUSDT,2026-02-19,1
ZECUSDT,2026-02-19,1
ZILUSDT,2026-02-19,1
ZKUSDT,2026-02-19,1
ZROUSDT,2026-02-19,1
0GUSDT,2026-02-20,1
1000BONKUSDT,2026-02-20,1
1000PEPEUSDT,2026-02-20,1
AAVEUSDT,2026-02-20,1
ADAUSDT,2026-02-20,1
AEROUSDT,2026-02-20,1
APTUSDT,2026-02-20,1
ARBUSDT,2026-02-20,1
ARCUSDT,2026-02-20,1
ASTERUSDT,2026-02-20,1
ATOMUSDT,2026-02-20,1
AUCTIONUSDT,2026-02-20,1
AVAXUSDT,2026-02-20,1
AVNTUSDT,2026-02-20,1
AXSUSDT,2026-02-20,1
BCHUSDT,2026-02-20,1
BEATUSDT,2026-02-20,1
BERAUSDT,2026-02-20,1
BNBUSDT,2026-02-20,1
CCUSDT,2026-02-20,1
CLOUSDT,2026-02-20,1
CRVUSDT,2026-02-20,1
DASHUSDT,2026-02-20,1
DOGEUSDT,2026-02-20,1
DOTUSDT,2026-02-20,1
DUSKUSDT,2026-02-20,1
DYDXUSDT,2026-02-20,1
ENAUSDT,2026-02-20,1
ENSOUSDT,2026-02-20,1
ETCUSDT,2026-02-20,1
FARTCOINUSDT,2026-02-20,1
FILUSDT,2026-02-20,1
FLOWUSDT,2026-02-20,1
GALAUSDT,2026-02-20,1
HANAUSDT,2026-02-20,1
HBARUSDT,2026-02-20,1
HUSDT,2026-02-20,1
HYPEUSDT,2026-02-20,1
ICPUSDT,2026-02-20,1
INJUSDT,2026-02-20,1
IPUSDT,2026-02-20,1
JTOUSDT,2026-02-20,1
JUPUSDT,2026-02-20,1
KITEUSDT,2026-02-20,1
LDOUSDT,2026-02-20,1
LINEAUSDT,2026-02-20,1
LINKUSDT,2026-02-20,1
LITUSDT,2026-02-20,1
LTCUSDT,2026-02-20,1
MERLUSDT,2026-02-20,1
MEUSDT,2026-02-20,1
MNTUSDT,2026-02-20,1
MONUSDT,2026-02-20,1
MOODENGUSDT,2026-02-20,1
MYXUSDT,2026-02-20,1
NEARUSDT,2026-02-20,1
ONDOUSDT,2026-02-20,1
OPUSDT,2026-02-20,1
ORDIUSDT,2026-02-20,1
PAXGUSDT,2026-02-20,1
PENDLEUSDT,2026-02-20,1
PENGUUSDT,2026-02-20,1
PIPPINUSDT,2026-02-20,1
POLUSDT,2026-02-20,1
POPCATUSDT,2026-02-20,1
POWERUSDT,2026-02-20,1
PUMPFUNUSDT,2026-02-20,1
RENDERUSDT,2026-02-20,1
RIVERUSDT,2026-02-20,1
SANDUSDT,2026-02-20,1
SEIUSDT,2026-02-20,1
SENTUSDT,2026-02-20,1
SHIB1000USDT,2026-02-20,1
SIRENUSDT,2026-02-20,1
SOLUSDT,2026-02-20,1
SOMIUSDT,2026-02-20,1
SPXUSDT,2026-02-20,1
STABLEUSDT,2026-02-20,1
STRKUSDT,2026-02-20,1
SUIUSDT,2026-02-20,1
TAOUSDT,2026-02-20,1
TIAUSDT,2026-02-20,1
TONUSDT,2026-02-20,1
TRUMPUSDT,2026-02-20,1
TRXUSDT,2026-02-20,1
UNIUSDT,2026-02-20,1
VIRTUALUSDT,2026-02-20,1
VVVUSDT,2026-02-20,1
WHITEWHALEUSDT,2026-02-20,1
WIFUSDT,2026-02-20,1
WLDUSDT,2026-02-20,1
WLFIUSDT,2026-02-20,1
XAUTUSDT,2026-02-20,1
XLMUSDT,2026-02-20,1
XMRUSDT,2026-02-20,1
XPLUSDT,2026-02-20,1
XRPUSDT,2026-02-20,1
ZAMAUSDT,2026-02-20,1
ZECUSDT,2026-02-20,1
ZILUSDT,2026-02-20,1
ZKUSDT,2026-02-20,1
ZROUSDT,2026-02-20,1
0GUSDT,2026-02-21,1
1000BONKUSDT,2026-02-21,1
1000PEPEUSDT,2026-02-21,1
AAVEUSDT,2026-02-21,1
ADAUSDT,2026-02-21,1
AEROUSDT,2026-02-21,1
APTUSDT,2026-02-21,1
ARBUSDT,2026-02-21,1
ARCUSDT,2026-02-21,1
ASTERUSDT,2026-02-21,1
ATOMUSDT,2026-02-21,1
AUCTIONUSDT,2026-02-21,1
AVAXUSDT,2026-02-21,1
AVNTUSDT,2026-02-21,1
AXSUSDT,2026-02-21,1
BCHUSDT,2026-02-21,1
BEATUSDT,2026-02-21,1
BERAUSDT,2026-02-21,1
BNBUSDT,2026-02-21,1
CCUSDT,2026-02-21,1
CLOUSDT,2026-02-21,1
CRVUSDT,2026-02-21,1
DASHUSDT,2026-02-21,1
DOGEUSDT,2026-02-21,1
DOTUSDT,2026-02-21,1
DUSKUSDT,2026-02-21,1
DYDXUSDT,2026-02-21,1
ENAUSDT,2026-02-21,1
ENSOUSDT,2026-02-21,1
ETCUSDT,2026-02-21,1
FARTCOINUSDT,2026-02-21,1
FILUSDT,2026-02-21,1
GALAUSDT,2026-02-21,1
HANAUSDT,2026-02-21,1
HBARUSDT,2026-02-21,1
HUSDT,2026-02-21,1
HYPEUSDT,2026-02-21,1
ICPUSDT,2026-02-21,1
INJUSDT,2026-02-21,1
IPUSDT,2026-02-21,1
JTOUSDT,2026-02-21,1
JUPUSDT,2026-02-21,1
KITEUSDT,2026-02-21,1
LDOUSDT,2026-02-21,1
LINEAUSDT,2026-02-21,1
LINKUSDT,2026-02-21,1
LITUSDT,2026-02-21,1
LTCUSDT,2026-02-21,1
MERLUSDT,2026-02-21,1
MEUSDT,2026-02-21,1
MNTUSDT,2026-02-21,1
MONUSDT,2026-02-21,1
MOODENGUSDT,2026-02-21,1
MYXUSDT,2026-02-21,1
NEARUSDT,2026-02-21,1
ONDOUSDT,2026-02-21,1
OPUSDT,2026-02-21,1
ORDIUSDT,2026-02-21,1
PAXGUSDT,2026-02-21,1
PENDLEUSDT,2026-02-21,1
PENGUUSDT,2026-02-21,1
PIPPINUSDT,2026-02-21,1
POLUSDT,2026-02-21,1
POPCATUSDT,2026-02-21,1
POWERUSDT,2026-02-21,1
PUMPFUNUSDT,2026-02-21,1
RENDERUSDT,2026-02-21,1
RIVERUSDT,2026-02-21,1
SANDUSDT,2026-02-21,1
SEIUSDT,2026-02-21,1
SENTUSDT,2026-02-21,1
SHIB1000USDT,2026-02-21,1
SIRENUSDT,2026-02-21,1
SOLUSDT,2026-02-21,1
SOMIUSDT,2026-02-21,1
SPXUSDT,2026-02-21,1
STABLEUSDT,2026-02-21,1
STRKUSDT,2026-02-21,1
SUIUSDT,2026-02-21,1
TAOUSDT,2026-02-21,1
TIAUSDT,2026-02-21,1
TONUSDT,2026-02-21,1
TRUMPUSDT,2026-02-21,1
TRXUSDT,2026-02-21,1
UNIUSDT,2026-02-21,1
USELESSUSDT,2026-02-21,1
VIRTUALUSDT,2026-02-21,1
VVVUSDT,2026-02-21,1
WHITEWHALEUSDT,2026-02-21,1
WIFUSDT,2026-02-21,1
WLDUSDT,2026-02-21,1
WLFIUSDT,2026-02-21,1
XAUTUSDT,2026-02-21,1
XLMUSDT,2026-02-21,1
XMRUSDT,2026-02-21,1
XPLUSDT,2026-02-21,1
XRPUSDT,2026-02-21,1
ZAMAUSDT,2026-02-21,1
ZECUSDT,2026-02-21,1
ZILUSDT,2026-02-21,1
ZKUSDT,2026-02-21,1
ZROUSDT,2026-02-21,1
0GUSDT,2026-02-22,1
1000BONKUSDT,2026-02-22,1
1000PEPEUSDT,2026-02-22,1
AAVEUSDT,2026-02-22,1
ADAUSDT,2026-02-22,1
AEROUSDT,2026-02-22,1
APTUSDT,2026-02-22,1
ARBUSDT,2026-02-22,1
ARCUSDT,2026-02-22,1
ASTERUSDT,2026-02-22,1
ATOMUSDT,2026-02-22,1
AVAXUSDT,2026-02-22,1
AVNTUSDT,2026-02-22,1
AXSUSDT,2026-02-22,1
BCHUSDT,2026-02-22,1
BEATUSDT,2026-02-22,1
BERAUSDT,2026-02-22,1
BNBUSDT,2026-02-22,1
CLOUSDT,2026-02-22,1
CRVUSDT,2026-02-22,1
DASHUSDT,2026-02-22,1
DOGEUSDT,2026-02-22,1
DOTUSDT,2026-02-22,1
DUSKUSDT,2026-02-22,1
DYDXUSDT,2026-02-22,1
ENAUSDT,2026-02-22,1
ENSOUSDT,2026-02-22,1
ETCUSDT,2026-02-22,1
FARTCOINUSDT,2026-02-22,1
FILUSDT,2026-02-22,1
GALAUSDT,2026-02-22,1
HANAUSDT,2026-02-22,1
HBARUSDT,2026-02-22,1
HUSDT,2026-02-22,1
HYPEUSDT,2026-02-22,1
ICPUSDT,2026-02-22,1
INJUSDT,2026-02-22,1
IPUSDT,2026-02-22,1
JTOUSDT,2026-02-22,1
JUPUSDT,2026-02-22,1
KITEUSDT,2026-02-22,1
LDOUSDT,2026-02-22,1
LINEAUSDT,2026-02-22,1
LINKUSDT,2026-02-22,1
LITUSDT,2026-02-22,1
LTCUSDT,2026-02-22,1
MERLUSDT,2026-02-22,1
MEUSDT,2026-02-22,1
MNTUSDT,2026-02-22,1
MONUSDT,2026-02-22,1
MOODENGUSDT,2026-02-22,1
MYXUSDT,2026-02-22,1
NEARUSDT,2026-02-22,1
ONDOUSDT,2026-02-22,1
OPUSDT,2026-02-22,1
ORDIUSDT,2026-02-22,1
PAXGUSDT,2026-02-22,1
PENGUUSDT,2026-02-22,1
PIPPINUSDT,2026-02-22,1
POLUSDT,2026-02-22,1
POPCATUSDT,2026-02-22,1
POWERUSDT,2026-02-22,1
PUMPFUNUSDT,2026-02-22,1
RENDERUSDT,2026-02-22,1
RIVERUSDT,2026-02-22,1
SANDUSDT,2026-02-22,1
SEIUSDT,2026-02-22,1
SENTUSDT,2026-02-22,1
SHIB1000USDT,2026-02-22,1
SIRENUSDT,2026-02-22,1
SOLUSDT,2026-02-22,1
SOMIUSDT,2026-02-22,1
SPXUSDT,2026-02-22,1
STABLEUSDT,2026-02-22,1
STRKUSDT,2026-02-22,1
SUIUSDT,2026-02-22,1
TAOUSDT,2026-02-22,1
TIAUSDT,2026-02-22,1
TONUSDT,2026-02-22,1
TRUMPUSDT,2026-02-22,1
TRXUSDT,2026-02-22,1
UNIUSDT,2026-02-22,1
USELESSUSDT,2026-02-22,1
VIRTUALUSDT,2026-02-22,1
VVVUSDT,2026-02-22,1
WHITEWHALEUSDT,2026-02-22,1
WIFUSDT,2026-02-22,1
WLDUSDT,2026-02-22,1
WLFIUSDT,2026-02-22,1
XAUTUSDT,2026-02-22,1
XLMUSDT,2026-02-22,1
XMRUSDT,2026-02-22,1
XPLUSDT,2026-02-22,1
XRPUSDT,2026-02-22,1
ZAMAUSDT,2026-02-22,1
ZECUSDT,2026-02-22,1
ZILUSDT,2026-02-22,1
ZKUSDT,2026-02-22,1
ZROUSDT,2026-02-22,1
0GUSDT,2026-02-23,1
1000BONKUSDT,2026-02-23,1
1000PEPEUSDT,2026-02-23,1
AAVEUSDT,2026-02-23,1
ADAUSDT,2026-02-23,1
AEROUSDT,2026-02-23,1
APTUSDT,2026-02-23,1
ARBUSDT,2026-02-23,1
ARCUSDT,2026-02-23,1
ASTERUSDT,2026-02-23,1
ATOMUSDT,2026-02-23,1
AVAXUSDT,2026-02-23,1
AVNTUSDT,2026-02-23,1
AXSUSDT,2026-02-23,1
BCHUSDT,2026-02-23,1
BEATUSDT,2026-02-23,1
BERAUSDT,2026-02-23,1
BNBUSDT,2026-02-23,1
CLOUSDT,2026-02-23,1
CRVUSDT,2026-02-23,1
DASHUSDT,2026-02-23,1
DOGEUSDT,2026-02-23,1
DOTUSDT,2026-02-23,1
DUSKUSDT,2026-02-23,1
DYDXUSDT,2026-02-23,1
ENAUSDT,2026-02-23,1
ENSOUSDT,2026-02-23,1
ETCUSDT,2026-02-23,1
FARTCOINUSDT,2026-02-23,1
FILUSDT,2026-02-23,1
GALAUSDT,2026-02-23,1
HANAUSDT,2026-02-23,1
HBARUSDT,2026-02-23,1
HUSDT,2026-02-23,1
HYPEUSDT,2026-02-23,1
ICPUSDT,2026-02-23,1
INJUSDT,2026-02-23,1
IPUSDT,2026-02-23,1
JTOUSDT,2026-02-23,1
JUPUSDT,2026-02-23,1
KITEUSDT,2026-02-23,1
LDOUSDT,2026-02-23,1
LINEAUSDT,2026-02-23,1
LINKUSDT,2026-02-23,1
LITUSDT,2026-02-23,1
LTCUSDT,2026-02-23,1
MERLUSDT,2026-02-23,1
MEUSDT,2026-02-23,1
MNTUSDT,2026-02-23,1
MONUSDT,2026-02-23,1
MOODENGUSDT,2026-02-23,1
MYXUSDT,2026-02-23,1
NEARUSDT,2026-02-23,1
ONDOUSDT,2026-02-23,1
OPUSDT,2026-02-23,1
ORDIUSDT,2026-02-23,1
PAXGUSDT,2026-02-23,1
PENGUUSDT,2026-02-23,1
PIPPINUSDT,2026-02-23,1
POLUSDT,2026-02-23,1
POPCATUSDT,2026-02-23,1
POWERUSDT,2026-02-23,1
PUMPFUNUSDT,2026-02-23,1
RENDERUSDT,2026-02-23,1
RIVERUSDT,2026-02-23,1
SEIUSDT,2026-02-23,1
SENTUSDT,2026-02-23,1
SHIB1000USDT,2026-02-23,1
SIRENUSDT,2026-02-23,1
SOLUSDT,2026-02-23,1
SOMIUSDT,2026-02-23,1
SPXUSDT,2026-02-23,1
STABLEUSDT,2026-02-23,1
STRKUSDT,2026-02-23,1
SUIUSDT,2026-02-23,1
TAOUSDT,2026-02-23,1
TIAUSDT,2026-02-23,1
TONUSDT,2026-02-23,1
TRUMPUSDT,2026-02-23,1
TRXUSDT,2026-02-23,1
UNIUSDT,2026-02-23,1
USELESSUSDT,2026-02-23,1
VIRTUALUSDT,2026-02-23,1
VVVUSDT,2026-02-23,1
WHITEWHALEUSDT,2026-02-23,1
WIFUSDT,2026-02-23,1
WLDUSDT,2026-02-23,1
WLFIUSDT,2026-02-23,1
XAUTUSDT,2026-02-23,1
XLMUSDT,2026-02-23,1
XMRUSDT,2026-02-23,1
XPLUSDT,2026-02-23,1
XRPUSDT,2026-02-23,1
ZAMAUSDT,2026-02-23,1
ZECUSDT,2026-02-23,1
ZILUSDT,2026-02-23,1
ZKUSDT,2026-02-23,1
ZROUSDT,2026-02-23,1
0GUSDT,2026-02-24,1
1000BONKUSDT,2026-02-24,1
1000PEPEUSDT,2026-02-24,1
AAVEUSDT,2026-02-24,1
ADAUSDT,2026-02-24,1
AEROUSDT,2026-02-24,1
APTUSDT,2026-02-24,1
ARBUSDT,2026-02-24,1
ARCUSDT,2026-02-24,1
ASTERUSDT,2026-02-24,1
ATOMUSDT,2026-02-24,1
AVAXUSDT,2026-02-24,1
AVNTUSDT,2026-02-24,1
AXSUSDT,2026-02-24,1
BCHUSDT,2026-02-24,1
BEATUSDT,2026-02-24,1
BERAUSDT,2026-02-24,1
BNBUSDT,2026-02-24,1
CLOUSDT,2026-02-24,1
CRVUSDT,2026-02-24,1
DASHUSDT,2026-02-24,1
DOGEUSDT,2026-02-24,1
DOTUSDT,2026-02-24,1
DUSKUSDT,2026-02-24,1
DYDXUSDT,2026-02-24,1
ENAUSDT,2026-02-24,1
ENSOUSDT,2026-02-24,1
ETCUSDT,2026-02-24,1
FARTCOINUSDT,2026-02-24,1
FILUSDT,2026-02-24,1
GALAUSDT,2026-02-24,1
HANAUSDT,2026-02-24,1
HBARUSDT,2026-02-24,1
HUSDT,2026-02-24,1
HYPEUSDT,2026-02-24,1
ICPUSDT,2026-02-24,1
INJUSDT,2026-02-24,1
IPUSDT,2026-02-24,1
JTOUSDT,2026-02-24,1
JUPUSDT,2026-02-24,1
KITEUSDT,2026-02-24,1
LDOUSDT,2026-02-24,1
LINEAUSDT,2026-02-24,1
LINKUSDT,2026-02-24,1
LITUSDT,2026-02-24,1
LTCUSDT,2026-02-24,1
MERLUSDT,2026-02-24,1
MEUSDT,2026-02-24,1
MNTUSDT,2026-02-24,1
MONUSDT,2026-02-24,1
MOODENGUSDT,2026-02-24,1
MYXUSDT,2026-02-24,1
NEARUSDT,2026-02-24,1
ONDOUSDT,2026-02-24,1
OPUSDT,2026-02-24,1
ORCAUSDT,2026-02-24,1
ORDIUSDT,2026-02-24,1
PAXGUSDT,2026-02-24,1
PENGUUSDT,2026-02-24,1
PIPPINUSDT,2026-02-24,1
POLUSDT,2026-02-24,1
POWERUSDT,2026-02-24,1
PUMPFUNUSDT,2026-02-24,1
RENDERUSDT,2026-02-24,1
RIVERUSDT,2026-02-24,1
SEIUSDT,2026-02-24,1
SENTUSDT,2026-02-24,1
SHIB1000USDT,2026-02-24,1
SIRENUSDT,2026-02-24,1
SOLUSDT,2026-02-24,1
SOMIUSDT,2026-02-24,1
SPXUSDT,2026-02-24,1
STABLEUSDT,2026-02-24,1
STRKUSDT,2026-02-24,1
SUIUSDT,2026-02-24,1
TAOUSDT,2026-02-24,1
TIAUSDT,2026-02-24,1
TONUSDT,2026-02-24,1
TRUMPUSDT,2026-02-24,1
TRXUSDT,2026-02-24,1
UNIUSDT,2026-02-24,1
USELESSUSDT,2026-02-24,1
VIRTUALUSDT,2026-02-24,1
VVVUSDT,2026-02-24,1
WHITEWHALEUSDT,2026-02-24,1
WIFUSDT,2026-02-24,1
WLDUSDT,2026-02-24,1
WLFIUSDT,2026-02-24,1
XAUTUSDT,2026-02-24,1
XLMUSDT,2026-02-24,1
XMRUSDT,2026-02-24,1
XPLUSDT,2026-02-24,1
XRPUSDT,2026-02-24,1
ZAMAUSDT,2026-02-24,1
ZECUSDT,2026-02-24,1
ZILUSDT,2026-02-24,1
ZKUSDT,2026-02-24,1
ZROUSDT,2026-02-24,1
0GUSDT,2026-02-25,1
1000BONKUSDT,2026-02-25,1
1000PEPEUSDT,2026-02-25,1
AAVEUSDT,2026-02-25,1
ADAUSDT,2026-02-25,1
AEROUSDT,2026-02-25,1
APTUSDT,2026-02-25,1
ARBUSDT,2026-02-25,1
ARCUSDT,2026-02-25,1
ASTERUSDT,2026-02-25,1
ATOMUSDT,2026-02-25,1
AVAXUSDT,2026-02-25,1
AXSUSDT,2026-02-25,1
BCHUSDT,2026-02-25,1
BEATUSDT,2026-02-25,1
BERAUSDT,2026-02-25,1
BNBUSDT,2026-02-25,1
CLOUSDT,2026-02-25,1
CRVUSDT,2026-02-25,1
DASHUSDT,2026-02-25,1
DOGEUSDT,2026-02-25,1
DOTUSDT,2026-02-25,1
DUSKUSDT,2026-02-25,1
DYDXUSDT,2026-02-25,1
ENAUSDT,2026-02-25,1
ENSOUSDT,2026-02-25,1
ETCUSDT,2026-02-25,1
FARTCOINUSDT,2026-02-25,1
FILUSDT,2026-02-25,1
GALAUSDT,2026-02-25,1
HANAUSDT,2026-02-25,1
HBARUSDT,2026-02-25,1
HUSDT,2026-02-25,1
HYPEUSDT,2026-02-25,1
ICPUSDT,2026-02-25,1
INJUSDT,2026-02-25,1
IPUSDT,2026-02-25,1
JTOUSDT,2026-02-25,1
JUPUSDT,2026-02-25,1
KITEUSDT,2026-02-25,1
LDOUSDT,2026-02-25,1
LINEAUSDT,2026-02-25,1
LINKUSDT,2026-02-25,1
LITUSDT,2026-02-25,1
LTCUSDT,2026-02-25,1
MERLUSDT,2026-02-25,1
MEUSDT,2026-02-25,1
MNTUSDT,2026-02-25,1
MONUSDT,2026-02-25,1
MOODENGUSDT,2026-02-25,1
MYXUSDT,2026-02-25,1
NEARUSDT,2026-02-25,1
ONDOUSDT,2026-02-25,1
OPUSDT,2026-02-25,1
ORCAUSDT,2026-02-25,1
ORDIUSDT,2026-02-25,1
PAXGUSDT,2026-02-25,1
PENGUUSDT,2026-02-25,1
PIPPINUSDT,2026-02-25,1
POLUSDT,2026-02-25,1
POWERUSDT,2026-02-25,1
PUMPFUNUSDT,2026-02-25,1
RENDERUSDT,2026-02-25,1
RIVERUSDT,2026-02-25,1
SEIUSDT,2026-02-25,1
SENTUSDT,2026-02-25,1
SHIB1000USDT,2026-02-25,1
SIRENUSDT,2026-02-25,1
SNXUSDT,2026-02-25,1
SOLUSDT,2026-02-25,1
SOMIUSDT,2026-02-25,1
SPXUSDT,2026-02-25,1
STABLEUSDT,2026-02-25,1
STRKUSDT,2026-02-25,1
SUIUSDT,2026-02-25,1
TAOUSDT,2026-02-25,1
TIAUSDT,2026-02-25,1
TONUSDT,2026-02-25,1
TRUMPUSDT,2026-02-25,1
TRXUSDT,2026-02-25,1
UNIUSDT,2026-02-25,1
USELESSUSDT,2026-02-25,1
VIRTUALUSDT,2026-02-25,1
VVVUSDT,2026-02-25,1
WHITEWHALEUSDT,2026-02-25,1
WIFUSDT,2026-02-25,1
WLDUSDT,2026-02-25,1
WLFIUSDT,2026-02-25,1
XAUTUSDT,2026-02-25,1
XLMUSDT,2026-02-25,1
XMRUSDT,2026-02-25,1
XPLUSDT,2026-02-25,1
XRPUSDT,2026-02-25,1
ZAMAUSDT,2026-02-25,1
ZECUSDT,2026-02-25,1
ZILUSDT,2026-02-25,1
ZKUSDT,2026-02-25,1
ZROUSDT,2026-02-25,1
0GUSDT,2026-02-26,1
1000BONKUSDT,2026-02-26,1
1000PEPEUSDT,2026-02-26,1
AAVEUSDT,2026-02-26,1
ADAUSDT,2026-02-26,1
AEROUSDT,2026-02-26,1
APTUSDT,2026-02-26,1
ARBUSDT,2026-02-26,1
ARCUSDT,2026-02-26,1
ASTERUSDT,2026-02-26,1
ATOMUSDT,2026-02-26,1
AVAXUSDT,2026-02-26,1
AXSUSDT,2026-02-26,1
BCHUSDT,2026-02-26,1
BEATUSDT,2026-02-26,1
BERAUSDT,2026-02-26,1
BNBUSDT,2026-02-26,1
CLOUSDT,2026-02-26,1
CRVUSDT,2026-02-26,1
DASHUSDT,2026-02-26,1
DOGEUSDT,2026-02-26,1
DOTUSDT,2026-02-26,1
DUSKUSDT,2026-02-26,1
DYDXUSDT,2026-02-26,1
ENAUSDT,2026-02-26,1
ENSOUSDT,2026-02-26,1
ETCUSDT,2026-02-26,1
FARTCOINUSDT,2026-02-26,1
FILUSDT,2026-02-26,1
GALAUSDT,2026-02-26,1
HANAUSDT,2026-02-26,1
HBARUSDT,2026-02-26,1
HUSDT,2026-02-26,1
HYPEUSDT,2026-02-26,1
ICPUSDT,2026-02-26,1
INJUSDT,2026-02-26,1
IPUSDT,2026-02-26,1
JTOUSDT,2026-02-26,1
JUPUSDT,2026-02-26,1
KITEUSDT,2026-02-26,1
LDOUSDT,2026-02-26,1
LINEAUSDT,2026-02-26,1
LINKUSDT,2026-02-26,1
LITUSDT,2026-02-26,1
LTCUSDT,2026-02-26,1
MEUSDT,2026-02-26,1
MNTUSDT,2026-02-26,1
MONUSDT,2026-02-26,1
MOODENGUSDT,2026-02-26,1
MYXUSDT,2026-02-26,1
NEARUSDT,2026-02-26,1
ONDOUSDT,2026-02-26,1
OPUSDT,2026-02-26,1
ORCAUSDT,2026-02-26,1
ORDIUSDT,2026-02-26,1
PAXGUSDT,2026-02-26,1
PENGUUSDT,2026-02-26,1
PIPPINUSDT,2026-02-26,1
POLUSDT,2026-02-26,1
POWERUSDT,2026-02-26,1
PUMPFUNUSDT,2026-02-26,1
RAVEUSDT,2026-02-26,1
RENDERUSDT,2026-02-26,1
RIVERUSDT,2026-02-26,1
SEIUSDT,2026-02-26,1
SENTUSDT,2026-02-26,1
SHIB1000USDT,2026-02-26,1
SIRENUSDT,2026-02-26,1
SNXUSDT,2026-02-26,1
SOLUSDT,2026-02-26,1
SOMIUSDT,2026-02-26,1
SPXUSDT,2026-02-26,1
STABLEUSDT,2026-02-26,1
STRKUSDT,2026-02-26,1
SUIUSDT,2026-02-26,1
TAOUSDT,2026-02-26,1
TIAUSDT,2026-02-26,1
TONUSDT,2026-02-26,1
TRUMPUSDT,2026-02-26,1
TRXUSDT,2026-02-26,1
UNIUSDT,2026-02-26,1
USELESSUSDT,2026-02-26,1
VIRTUALUSDT,2026-02-26,1
VVVUSDT,2026-02-26,1
WHITEWHALEUSDT,2026-02-26,1
WIFUSDT,2026-02-26,1
WLDUSDT,2026-02-26,1
WLFIUSDT,2026-02-26,1
XAUTUSDT,2026-02-26,1
XLMUSDT,2026-02-26,1
XMRUSDT,2026-02-26,1
XPLUSDT,2026-02-26,1
XRPUSDT,2026-02-26,1
ZAMAUSDT,2026-02-26,1
ZECUSDT,2026-02-26,1
ZILUSDT,2026-02-26,1
ZKUSDT,2026-02-26,1
ZROUSDT,2026-02-26,1
0GUSDT,2026-02-27,1
1000BONKUSDT,2026-02-27,1
1000PEPEUSDT,2026-02-27,1
AAVEUSDT,2026-02-27,1
ADAUSDT,2026-02-27,1
AEROUSDT,2026-02-27,1
APTUSDT,2026-02-27,1
ARBUSDT,2026-02-27,1
ARCUSDT,2026-02-27,1
ASTERUSDT,2026-02-27,1
ATOMUSDT,2026-02-27,1
AVAXUSDT,2026-02-27,1
AXSUSDT,2026-02-27,1
BCHUSDT,2026-02-27,1
BEATUSDT,2026-02-27,1
BERAUSDT,2026-02-27,1
BIOUSDT,2026-02-27,1
BNBUSDT,2026-02-27,1
CLOUSDT,2026-02-27,1
CRVUSDT,2026-02-27,1
DASHUSDT,2026-02-27,1
DOGEUSDT,2026-02-27,1
DOTUSDT,2026-02-27,1
DYDXUSDT,2026-02-27,1
ENAUSDT,2026-02-27,1
ENSOUSDT,2026-02-27,1
ETCUSDT,2026-02-27,1
FARTCOINUSDT,2026-02-27,1
FILUSDT,2026-02-27,1
GALAUSDT,2026-02-27,1
HANAUSDT,2026-02-27,1
HBARUSDT,2026-02-27,1
HUSDT,2026-02-27,1
HYPEUSDT,2026-02-27,1
ICPUSDT,2026-02-27,1
INJUSDT,2026-02-27,1
IPUSDT,2026-02-27,1
JTOUSDT,2026-02-27,1
JUPUSDT,2026-02-27,1
KITEUSDT,2026-02-27,1
LDOUSDT,2026-02-27,1
LINEAUSDT,2026-02-27,1
LINKUSDT,2026-02-27,1
LITUSDT,2026-02-27,1
LTCUSDT,2026-02-27,1
MEUSDT,2026-02-27,1
MNTUSDT,2026-02-27,1
MONUSDT,2026-02-27,1
MOODENGUSDT,2026-02-27,1
MYXUSDT,2026-02-27,1
NEARUSDT,2026-02-27,1
ONDOUSDT,2026-02-27,1
OPUSDT,2026-02-27,1
ORCAUSDT,2026-02-27,1
ORDIUSDT,2026-02-27,1
PAXGUSDT,2026-02-27,1
PENGUUSDT,2026-02-27,1
PIPPINUSDT,2026-02-27,1
POLUSDT,2026-02-27,1
POWERUSDT,2026-02-27,1
PUMPFUNUSDT,2026-02-27,1
RAVEUSDT,2026-02-27,1
RENDERUSDT,2026-02-27,1
RIVERUSDT,2026-02-27,1
SEIUSDT,2026-02-27,1
SENTUSDT,2026-02-27,1
SHIB1000USDT,2026-02-27,1
SIRENUSDT,2026-02-27,1
SNXUSDT,2026-02-27,1
SOLUSDT,2026-02-27,1
SOMIUSDT,2026-02-27,1
SPXUSDT,2026-02-27,1
STABLEUSDT,2026-02-27,1
STRKUSDT,2026-02-27,1
SUIUSDT,2026-02-27,1
TAOUSDT,2026-02-27,1
TIAUSDT,2026-02-27,1
TONUSDT,2026-02-27,1
TRUMPUSDT,2026-02-27,1
TRXUSDT,2026-02-27,1
UNIUSDT,2026-02-27,1
USELESSUSDT,2026-02-27,1
VIRTUALUSDT,2026-02-27,1
VVVUSDT,2026-02-27,1
WHITEWHALEUSDT,2026-02-27,1
WIFUSDT,2026-02-27,1
WLDUSDT,2026-02-27,1
WLFIUSDT,2026-02-27,1
XAUTUSDT,2026-02-27,1
XLMUSDT,2026-02-27,1
XMRUSDT,2026-02-27,1
XPLUSDT,2026-02-27,1
XRPUSDT,2026-02-27,1
ZAMAUSDT,2026-02-27,1
ZECUSDT,2026-02-27,1
ZILUSDT,2026-02-27,1
ZKUSDT,2026-02-27,1
ZROUSDT,2026-02-27,1
0GUSDT,2026-02-28,1
1000BONKUSDT,2026-02-28,1
1000PEPEUSDT,2026-02-28,1
AAVEUSDT,2026-02-28,1
ADAUSDT,2026-02-28,1
AEROUSDT,2026-02-28,1
APTUSDT,2026-02-28,1
ARBUSDT,2026-02-28,1
ARCUSDT,2026-02-28,1
ASTERUSDT,2026-02-28,1
ATOMUSDT,2026-02-28,1
AVAXUSDT,2026-02-28,1
AXSUSDT,2026-02-28,1
BCHUSDT,2026-02-28,1
BEATUSDT,2026-02-28,1
BERAUSDT,2026-02-28,1
BIOUSDT,2026-02-28,1
BNBUSDT,2026-02-28,1
CLOUSDT,2026-02-28,1
CRVUSDT,2026-02-28,1
DASHUSDT,2026-02-28,1
DOGEUSDT,2026-02-28,1
DOTUSDT,2026-02-28,1
DYDXUSDT,2026-02-28,1
ENAUSDT,2026-02-28,1
ENSOUSDT,2026-02-28,1
ETCUSDT,2026-02-28,1
FARTCOINUSDT,2026-02-28,1
FILUSDT,2026-02-28,1
GALAUSDT,2026-02-28,1
HANAUSDT,2026-02-28,1
HBARUSDT,2026-02-28,1
HUSDT,2026-02-28,1
HYPEUSDT,2026-02-28,1
ICPUSDT,2026-02-28,1
INJUSDT,2026-02-28,1
IPUSDT,2026-02-28,1
JTOUSDT,2026-02-28,1
JUPUSDT,2026-02-28,1
KITEUSDT,2026-02-28,1
LDOUSDT,2026-02-28,1
LINEAUSDT,2026-02-28,1
LINKUSDT,2026-02-28,1
LITUSDT,2026-02-28,1
LTCUSDT,2026-02-28,1
MEUSDT,2026-02-28,1
MNTUSDT,2026-02-28,1
MONUSDT,2026-02-28,1
MOODENGUSDT,2026-02-28,1
MYXUSDT,2026-02-28,1
NEARUSDT,2026-02-28,1
ONDOUSDT,2026-02-28,1
OPUSDT,2026-02-28,1
ORCAUSDT,2026-02-28,1
ORDIUSDT,2026-02-28,1
PAXGUSDT,2026-02-28,1
PENGUUSDT,2026-02-28,1
PIPPINUSDT,2026-02-28,1
POLUSDT,2026-02-28,1
POWERUSDT,2026-02-28,1
PUMPFUNUSDT,2026-02-28,1
RAVEUSDT,2026-02-28,1
RENDERUSDT,2026-02-28,1
RIVERUSDT,2026-02-28,1
SEIUSDT,2026-02-28,1
SENTUSDT,2026-02-28,1
SHIB1000USDT,2026-02-28,1
SIRENUSDT,2026-02-28,1
SNXUSDT,2026-02-28,1
SOLUSDT,2026-02-28,1
SOMIUSDT,2026-02-28,1
SPXUSDT,2026-02-28,1
STABLEUSDT,2026-02-28,1
STRKUSDT,2026-02-28,1
SUIUSDT,2026-02-28,1
TAOUSDT,2026-02-28,1
TIAUSDT,2026-02-28,1
TONUSDT,2026-02-28,1
TRUMPUSDT,2026-02-28,1
TRXUSDT,2026-02-28,1
UNIUSDT,2026-02-28,1
USELESSUSDT,2026-02-28,1
VIRTUALUSDT,2026-02-28,1
VVVUSDT,2026-02-28,1
WHITEWHALEUSDT,2026-02-28,1
WIFUSDT,2026-02-28,1
WLDUSDT,2026-02-28,1
WLFIUSDT,2026-02-28,1
XAUTUSDT,2026-02-28,1
XLMUSDT,2026-02-28,1
XMRUSDT,2026-02-28,1
XPLUSDT,2026-02-28,1
XRPUSDT,2026-02-28,1
ZAMAUSDT,2026-02-28,1
ZECUSDT,2026-02-28,1
ZILUSDT,2026-02-28,1
ZKUSDT,2026-02-28,1
ZROUSDT,2026-02-28,1
0GUSDT,2026-03-01,1
1000BONKUSDT,2026-03-01,1
1000PEPEUSDT,2026-03-01,1
AAVEUSDT,2026-03-01,1
ADAUSDT,2026-03-01,1
AEROUSDT,2026-03-01,1
APTUSDT,2026-03-01,1
ARBUSDT,2026-03-01,1
ARCUSDT,2026-03-01,1
ASTERUSDT,2026-03-01,1
ATOMUSDT,2026-03-01,1
AVAXUSDT,2026-03-01,1
AXSUSDT,2026-03-01,1
BCHUSDT,2026-03-01,1
BEATUSDT,2026-03-01,1
BERAUSDT,2026-03-01,1
BIOUSDT,2026-03-01,1
BNBUSDT,2026-03-01,1
CLOUSDT,2026-03-01,1
CRVUSDT,2026-03-01,1
DASHUSDT,2026-03-01,1
DOGEUSDT,2026-03-01,1
DOTUSDT,2026-03-01,1
DYDXUSDT,2026-03-01,1
ENAUSDT,2026-03-01,1
ENSOUSDT,2026-03-01,1
ETCUSDT,2026-03-01,1
FARTCOINUSDT,2026-03-01,1
FILUSDT,2026-03-01,1
GALAUSDT,2026-03-01,1
HANAUSDT,2026-03-01,1
HBARUSDT,2026-03-01,1
HUSDT,2026-03-01,1
HYPEUSDT,2026-03-01,1
ICPUSDT,2026-03-01,1
INJUSDT,2026-03-01,1
IPUSDT,2026-03-01,1
JTOUSDT,2026-03-01,1
JUPUSDT,2026-03-01,1
KITEUSDT,2026-03-01,1
LDOUSDT,2026-03-01,1
LINEAUSDT,2026-03-01,1
LINKUSDT,2026-03-01,1
LITUSDT,2026-03-01,1
LTCUSDT,2026-03-01,1
MEUSDT,2026-03-01,1
MNTUSDT,2026-03-01,1
MONUSDT,2026-03-01,1
MOODENGUSDT,2026-03-01,1
MYXUSDT,2026-03-01,1
NEARUSDT,2026-03-01,1
ONDOUSDT,2026-03-01,1
OPUSDT,2026-03-01,1
ORCAUSDT,2026-03-01,1
ORDIUSDT,2026-03-01,1
PAXGUSDT,2026-03-01,1
PENGUUSDT,2026-03-01,1
PIPPINUSDT,2026-03-01,1
POLUSDT,2026-03-01,1
POWERUSDT,2026-03-01,1
PUMPFUNUSDT,2026-03-01,1
RAVEUSDT,2026-03-01,1
RENDERUSDT,2026-03-01,1
RIVERUSDT,2026-03-01,1
SEIUSDT,2026-03-01,1
SENTUSDT,2026-03-01,1
SHIB1000USDT,2026-03-01,1
SIRENUSDT,2026-03-01,1
SNXUSDT,2026-03-01,1
SOLUSDT,2026-03-01,1
SOMIUSDT,2026-03-01,1
SPXUSDT,2026-03-01,1
STABLEUSDT,2026-03-01,1
STRKUSDT,2026-03-01,1
SUIUSDT,2026-03-01,1
TAOUSDT,2026-03-01,1
TIAUSDT,2026-03-01,1
TONUSDT,2026-03-01,1
TRUMPUSDT,2026-03-01,1
TRXUSDT,2026-03-01,1
UNIUSDT,2026-03-01,1
USELESSUSDT,2026-03-01,1
VIRTUALUSDT,2026-03-01,1
VVVUSDT,2026-03-01,1
WHITEWHALEUSDT,2026-03-01,1
WIFUSDT,2026-03-01,1
WLDUSDT,2026-03-01,1
WLFIUSDT,2026-03-01,1
XAUTUSDT,2026-03-01,1
XLMUSDT,2026-03-01,1
XMRUSDT,2026-03-01,1
XPLUSDT,2026-03-01,1
XRPUSDT,2026-03-01,1
ZAMAUSDT,2026-03-01,1
ZECUSDT,2026-03-01,1
ZILUSDT,2026-03-01,1
ZKUSDT,2026-03-01,1
ZROUSDT,2026-03-01,1
0GUSDT,2026-03-02,1
1000BONKUSDT,2026-03-02,1
1000PEPEUSDT,2026-03-02,1
AAVEUSDT,2026-03-02,1
ADAUSDT,2026-03-02,1
AEROUSDT,2026-03-02,1
APTUSDT,2026-03-02,1
ARBUSDT,2026-03-02,1
ARCUSDT,2026-03-02,1
ASTERUSDT,2026-03-02,1
ATOMUSDT,2026-03-02,1
AVAXUSDT,2026-03-02,1
AXSUSDT,2026-03-02,1
BCHUSDT,2026-03-02,1
BEATUSDT,2026-03-02,1
BERAUSDT,2026-03-02,1
BIOUSDT,2026-03-02,1
BNBUSDT,2026-03-02,1
CLOUSDT,2026-03-02,1
CRVUSDT,2026-03-02,1
DASHUSDT,2026-03-02,1
DOGEUSDT,2026-03-02,1
DOTUSDT,2026-03-02,1
DYDXUSDT,2026-03-02,1
ENAUSDT,2026-03-02,1
ENSOUSDT,2026-03-02,1
ETCUSDT,2026-03-02,1
FARTCOINUSDT,2026-03-02,1
FILUSDT,2026-03-02,1
GALAUSDT,2026-03-02,1
HANAUSDT,2026-03-02,1
HBARUSDT,2026-03-02,1
HUSDT,2026-03-02,1
HYPEUSDT,2026-03-02,1
ICPUSDT,2026-03-02,1
INJUSDT,2026-03-02,1
IPUSDT,2026-03-02,1
JTOUSDT,2026-03-02,1
JUPUSDT,2026-03-02,1
KITEUSDT,2026-03-02,1
LDOUSDT,2026-03-02,1
LINEAUSDT,2026-03-02,1
LINKUSDT,2026-03-02,1
LITUSDT,2026-03-02,1
LTCUSDT,2026-03-02,1
MEUSDT,2026-03-02,1
MNTUSDT,2026-03-02,1
MONUSDT,2026-03-02,1
MOODENGUSDT,2026-03-02,1
MYXUSDT,2026-03-02,1
NEARUSDT,2026-03-02,1
ONDOUSDT,2026-03-02,1
OPUSDT,2026-03-02,1
ORCAUSDT,2026-03-02,1
ORDIUSDT,2026-03-02,1
PAXGUSDT,2026-03-02,1
PENGUUSDT,2026-03-02,1
PIPPINUSDT,2026-03-02,1
POLUSDT,2026-03-02,1
POWERUSDT,2026-03-02,1
PUMPFUNUSDT,2026-03-02,1
RAVEUSDT,2026-03-02,1
RENDERUSDT,2026-03-02,1
RIVERUSDT,2026-03-02,1
SEIUSDT,2026-03-02,1
SENTUSDT,2026-03-02,1
SHIB1000USDT,2026-03-02,1
SIRENUSDT,2026-03-02,1
SNXUSDT,2026-03-02,1
SOLUSDT,2026-03-02,1
SOMIUSDT,2026-03-02,1
SPXUSDT,2026-03-02,1
STABLEUSDT,2026-03-02,1
STRKUSDT,2026-03-02,1
SUIUSDT,2026-03-02,1
TAOUSDT,2026-03-02,1
TIAUSDT,2026-03-02,1
TONUSDT,2026-03-02,1
TRUMPUSDT,2026-03-02,1
TRXUSDT,2026-03-02,1
UNIUSDT,2026-03-02,1
USELESSUSDT,2026-03-02,1
VIRTUALUSDT,2026-03-02,1
VVVUSDT,2026-03-02,1
WHITEWHALEUSDT,2026-03-02,1
WIFUSDT,2026-03-02,1
WLDUSDT,2026-03-02,1
WLFIUSDT,2026-03-02,1
XAUTUSDT,2026-03-02,1
XLMUSDT,2026-03-02,1
XMRUSDT,2026-03-02,1
XPLUSDT,2026-03-02,1
XRPUSDT,2026-03-02,1
ZAMAUSDT,2026-03-02,1
ZECUSDT,2026-03-02,1
ZILUSDT,2026-03-02,1
ZKUSDT,2026-03-02,1
ZROUSDT,2026-03-02,1
0GUSDT,2026-03-03,1
1000BONKUSDT,2026-03-03,1
1000PEPEUSDT,2026-03-03,1
AAVEUSDT,2026-03-03,1
ADAUSDT,2026-03-03,1
AEROUSDT,2026-03-03,1
APTUSDT,2026-03-03,1
ARBUSDT,2026-03-03,1
ARCUSDT,2026-03-03,1
ASTERUSDT,2026-03-03,1
ATOMUSDT,2026-03-03,1
AVAXUSDT,2026-03-03,1
AXSUSDT,2026-03-03,1
BCHUSDT,2026-03-03,1
BEATUSDT,2026-03-03,1
BERAUSDT,2026-03-03,1
BIOUSDT,2026-03-03,1
BNBUSDT,2026-03-03,1
CLOUSDT,2026-03-03,1
CRVUSDT,2026-03-03,1
DASHUSDT,2026-03-03,1
DOGEUSDT,2026-03-03,1
DOTUSDT,2026-03-03,1
DYDXUSDT,2026-03-03,1
ENAUSDT,2026-03-03,1
ENSOUSDT,2026-03-03,1
ETCUSDT,2026-03-03,1
FARTCOINUSDT,2026-03-03,1
FILUSDT,2026-03-03,1
GALAUSDT,2026-03-03,1
HANAUSDT,2026-03-03,1
HBARUSDT,2026-03-03,1
HUSDT,2026-03-03,1
HYPEUSDT,2026-03-03,1
ICPUSDT,2026-03-03,1
INJUSDT,2026-03-03,1
IPUSDT,2026-03-03,1
JTOUSDT,2026-03-03,1
JUPUSDT,2026-03-03,1
KITEUSDT,2026-03-03,1
LDOUSDT,2026-03-03,1
LINEAUSDT,2026-03-03,1
LINKUSDT,2026-03-03,1
LITUSDT,2026-03-03,1
LTCUSDT,2026-03-03,1
MNTUSDT,2026-03-03,1
MONUSDT,2026-03-03,1
MOODENGUSDT,2026-03-03,1
MYXUSDT,2026-03-03,1
NEARUSDT,2026-03-03,1
ONDOUSDT,2026-03-03,1
OPUSDT,2026-03-03,1
ORCAUSDT,2026-03-03,1
ORDIUSDT,2026-03-03,1
PAXGUSDT,2026-03-03,1
PENGUUSDT,2026-03-03,1
PIPPINUSDT,2026-03-03,1
POLUSDT,2026-03-03,1
POWERUSDT,2026-03-03,1
PUMPFUNUSDT,2026-03-03,1
RAVEUSDT,2026-03-03,1
RENDERUSDT,2026-03-03,1
RIVERUSDT,2026-03-03,1
SEIUSDT,2026-03-03,1
SENTUSDT,2026-03-03,1
SHIB1000USDT,2026-03-03,1
SIRENUSDT,2026-03-03,1
SKRUSDT,2026-03-03,1
SNXUSDT,2026-03-03,1
SOLUSDT,2026-03-03,1
SOMIUSDT,2026-03-03,1
SPXUSDT,2026-03-03,1
STABLEUSDT,2026-03-03,1
STRKUSDT,2026-03-03,1
SUIUSDT,2026-03-03,1
TAOUSDT,2026-03-03,1
TIAUSDT,2026-03-03,1
TONUSDT,2026-03-03,1
TRUMPUSDT,2026-03-03,1
TRXUSDT,2026-03-03,1
UNIUSDT,2026-03-03,1
USELESSUSDT,2026-03-03,1
VIRTUALUSDT,2026-03-03,1
VVVUSDT,2026-03-03,1
WHITEWHALEUSDT,2026-03-03,1
WIFUSDT,2026-03-03,1
WLDUSDT,2026-03-03,1
WLFIUSDT,2026-03-03,1
XAUTUSDT,2026-03-03,1
XLMUSDT,2026-03-03,1
XMRUSDT,2026-03-03,1
XPLUSDT,2026-03-03,1
XRPUSDT,2026-03-03,1
ZAMAUSDT,2026-03-03,1
ZECUSDT,2026-03-03,1
ZILUSDT,2026-03-03,1
ZKUSDT,2026-03-03,1
ZROUSDT,2026-03-03,1
0GUSDT,2026-03-04,1
1000BONKUSDT,2026-03-04,1
1000PEPEUSDT,2026-03-04,1
AAVEUSDT,2026-03-04,1
ADAUSDT,2026-03-04,1
AEROUSDT,2026-03-04,1
APTUSDT,2026-03-04,1
ARBUSDT,2026-03-04,1
ARCUSDT,2026-03-04,1
ASTERUSDT,2026-03-04,1
ATOMUSDT,2026-03-04,1
AVAXUSDT,2026-03-04,1
AXSUSDT,2026-03-04,1
BARDUSDT,2026-03-04,1
BCHUSDT,2026-03-04,1
BEATUSDT,2026-03-04,1
BERAUSDT,2026-03-04,1
BIOUSDT,2026-03-04,1
BNBUSDT,2026-03-04,1
CLOUSDT,2026-03-04,1
CRVUSDT,2026-03-04,1
DASHUSDT,2026-03-04,1
DOGEUSDT,2026-03-04,1
DOTUSDT,2026-03-04,1
DYDXUSDT,2026-03-04,1
ENAUSDT,2026-03-04,1
ENSOUSDT,2026-03-04,1
ETCUSDT,2026-03-04,1
FARTCOINUSDT,2026-03-04,1
FILUSDT,2026-03-04,1
GALAUSDT,2026-03-04,1
HANAUSDT,2026-03-04,1
HBARUSDT,2026-03-04,1
HUSDT,2026-03-04,1
HYPEUSDT,2026-03-04,1
ICPUSDT,2026-03-04,1
INJUSDT,2026-03-04,1
IPUSDT,2026-03-04,1
JTOUSDT,2026-03-04,1
JUPUSDT,2026-03-04,1
KITEUSDT,2026-03-04,1
LDOUSDT,2026-03-04,1
LINEAUSDT,2026-03-04,1
LINKUSDT,2026-03-04,1
LITUSDT,2026-03-04,1
LTCUSDT,2026-03-04,1
MNTUSDT,2026-03-04,1
MONUSDT,2026-03-04,1
MOODENGUSDT,2026-03-04,1
MYXUSDT,2026-03-04,1
NEARUSDT,2026-03-04,1
ONDOUSDT,2026-03-04,1
OPUSDT,2026-03-04,1
ORCAUSDT,2026-03-04,1
ORDIUSDT,2026-03-04,1
PAXGUSDT,2026-03-04,1
PENGUUSDT,2026-03-04,1
PIPPINUSDT,2026-03-04,1
POLUSDT,2026-03-04,1
POWERUSDT,2026-03-04,1
PUMPFUNUSDT,2026-03-04,1
RAVEUSDT,2026-03-04,1
RENDERUSDT,2026-03-04,1
RIVERUSDT,2026-03-04,1
SEIUSDT,2026-03-04,1
SENTUSDT,2026-03-04,1
SHIB1000USDT,2026-03-04,1
SIRENUSDT,2026-03-04,1
SKRUSDT,2026-03-04,1
SOLUSDT,2026-03-04,1
SOMIUSDT,2026-03-04,1
SPXUSDT,2026-03-04,1
STABLEUSDT,2026-03-04,1
STRKUSDT,2026-03-04,1
SUIUSDT,2026-03-04,1
TAOUSDT,2026-03-04,1
TIAUSDT,2026-03-04,1
TONUSDT,2026-03-04,1
TRUMPUSDT,2026-03-04,1
TRXUSDT,2026-03-04,1
UNIUSDT,2026-03-04,1
USELESSUSDT,2026-03-04,1
VIRTUALUSDT,2026-03-04,1
VVVUSDT,2026-03-04,1
WHITEWHALEUSDT,2026-03-04,1
WIFUSDT,2026-03-04,1
WLDUSDT,2026-03-04,1
WLFIUSDT,2026-03-04,1
XAUTUSDT,2026-03-04,1
XLMUSDT,2026-03-04,1
XMRUSDT,2026-03-04,1
XPLUSDT,2026-03-04,1
XRPUSDT,2026-03-04,1
ZAMAUSDT,2026-03-04,1
ZECUSDT,2026-03-04,1
ZILUSDT,2026-03-04,1
ZKUSDT,2026-03-04,1
ZROUSDT,2026-03-04,1
0GUSDT,2026-03-05,1
1000BONKUSDT,2026-03-05,1
1000PEPEUSDT,2026-03-05,1
AAVEUSDT,2026-03-05,1
ADAUSDT,2026-03-05,1
AEROUSDT,2026-03-05,1
APTUSDT,2026-03-05,1
ARBUSDT,2026-03-05,1
ARCUSDT,2026-03-05,1
ASTERUSDT,2026-03-05,1
ATOMUSDT,2026-03-05,1
AVAXUSDT,2026-03-05,1
AXSUSDT,2026-03-05,1
BARDUSDT,2026-03-05,1
BCHUSDT,2026-03-05,1
BEATUSDT,2026-03-05,1
BERAUSDT,2026-03-05,1
BIOUSDT,2026-03-05,1
BNBUSDT,2026-03-05,1
CLOUSDT,2026-03-05,1
CRVUSDT,2026-03-05,1
DASHUSDT,2026-03-05,1
DOGEUSDT,2026-03-05,1
DOTUSDT,2026-03-05,1
DYDXUSDT,2026-03-05,1
ENAUSDT,2026-03-05,1
ENSOUSDT,2026-03-05,1
ETCUSDT,2026-03-05,1
FARTCOINUSDT,2026-03-05,1
FILUSDT,2026-03-05,1
GALAUSDT,2026-03-05,1
HANAUSDT,2026-03-05,1
HBARUSDT,2026-03-05,1
HUSDT,2026-03-05,1
HYPEUSDT,2026-03-05,1
ICPUSDT,2026-03-05,1
INJUSDT,2026-03-05,1
IPUSDT,2026-03-05,1
JTOUSDT,2026-03-05,1
JUPUSDT,2026-03-05,1
KITEUSDT,2026-03-05,1
LDOUSDT,2026-03-05,1
LINEAUSDT,2026-03-05,1
LINKUSDT,2026-03-05,1
LITUSDT,2026-03-05,1
LTCUSDT,2026-03-05,1
MNTUSDT,2026-03-05,1
MONUSDT,2026-03-05,1
MOODENGUSDT,2026-03-05,1
MYXUSDT,2026-03-05,1
NEARUSDT,2026-03-05,1
ONDOUSDT,2026-03-05,1
OPUSDT,2026-03-05,1
ORCAUSDT,2026-03-05,1
ORDIUSDT,2026-03-05,1
PAXGUSDT,2026-03-05,1
PENGUUSDT,2026-03-05,1
PIPPINUSDT,2026-03-05,1
POLUSDT,2026-03-05,1
POWERUSDT,2026-03-05,1
PUMPFUNUSDT,2026-03-05,1
RAVEUSDT,2026-03-05,1
RENDERUSDT,2026-03-05,1
RIVERUSDT,2026-03-05,1
SEIUSDT,2026-03-05,1
SENTUSDT,2026-03-05,1
SHIB1000USDT,2026-03-05,1
SIRENUSDT,2026-03-05,1
SKRUSDT,2026-03-05,1
SOLUSDT,2026-03-05,1
SOMIUSDT,2026-03-05,1
SPXUSDT,2026-03-05,1
STABLEUSDT,2026-03-05,1
STRKUSDT,2026-03-05,1
SUIUSDT,2026-03-05,1
TAOUSDT,2026-03-05,1
TIAUSDT,2026-03-05,1
TONUSDT,2026-03-05,1
TRUMPUSDT,2026-03-05,1
TRXUSDT,2026-03-05,1
UNIUSDT,2026-03-05,1
USELESSUSDT,2026-03-05,1
VIRTUALUSDT,2026-03-05,1
VVVUSDT,2026-03-05,1
WETUSDT,2026-03-05,1
WHITEWHALEUSDT,2026-03-05,1
WIFUSDT,2026-03-05,1
WLDUSDT,2026-03-05,1
WLFIUSDT,2026-03-05,1
XAUTUSDT,2026-03-05,1
XLMUSDT,2026-03-05,1
XMRUSDT,2026-03-05,1
XPLUSDT,2026-03-05,1
XRPUSDT,2026-03-05,1
ZAMAUSDT,2026-03-05,1
ZECUSDT,2026-03-05,1
ZROUSDT,2026-03-05,1
0GUSDT,2026-03-06,1
1000BONKUSDT,2026-03-06,1
1000PEPEUSDT,2026-03-06,1
AAVEUSDT,2026-03-06,1
ADAUSDT,2026-03-06,1
AEROUSDT,2026-03-06,1
APTUSDT,2026-03-06,1
ARBUSDT,2026-03-06,1
ARCUSDT,2026-03-06,1
ASTERUSDT,2026-03-06,1
ATOMUSDT,2026-03-06,1
AVAXUSDT,2026-03-06,1
AXSUSDT,2026-03-06,1
BARDUSDT,2026-03-06,1
BCHUSDT,2026-03-06,1
BEATUSDT,2026-03-06,1
BERAUSDT,2026-03-06,1
BNBUSDT,2026-03-06,1
CLOUSDT,2026-03-06,1
CRVUSDT,2026-03-06,1
DASHUSDT,2026-03-06,1
DOGEUSDT,2026-03-06,1
DOTUSDT,2026-03-06,1
DYDXUSDT,2026-03-06,1
ENAUSDT,2026-03-06,1
ENSOUSDT,2026-03-06,1
ETCUSDT,2026-03-06,1
FARTCOINUSDT,2026-03-06,1
FILUSDT,2026-03-06,1
GALAUSDT,2026-03-06,1
HANAUSDT,2026-03-06,1
HBARUSDT,2026-03-06,1
HUSDT,2026-03-06,1
HYPEUSDT,2026-03-06,1
ICPUSDT,2026-03-06,1
INJUSDT,2026-03-06,1
IPUSDT,2026-03-06,1
JTOUSDT,2026-03-06,1
JUPUSDT,2026-03-06,1
KITEUSDT,2026-03-06,1
LDOUSDT,2026-03-06,1
LINEAUSDT,2026-03-06,1
LINKUSDT,2026-03-06,1
LITUSDT,2026-03-06,1
LTCUSDT,2026-03-06,1
MNTUSDT,2026-03-06,1
MONUSDT,2026-03-06,1
MOODENGUSDT,2026-03-06,1
MYXUSDT,2026-03-06,1
NEARUSDT,2026-03-06,1
ONDOUSDT,2026-03-06,1
OPUSDT,2026-03-06,1
ORCAUSDT,2026-03-06,1
ORDIUSDT,2026-03-06,1
PAXGUSDT,2026-03-06,1
PENGUUSDT,2026-03-06,1
PIPPINUSDT,2026-03-06,1
POLUSDT,2026-03-06,1
POWERUSDT,2026-03-06,1
PUMPFUNUSDT,2026-03-06,1
RAVEUSDT,2026-03-06,1
RENDERUSDT,2026-03-06,1
RIVERUSDT,2026-03-06,1
SAHARAUSDT,2026-03-06,1
SEIUSDT,2026-03-06,1
SHIB1000USDT,2026-03-06,1
SIRENUSDT,2026-03-06,1
SKRUSDT,2026-03-06,1
SOLUSDT,2026-03-06,1
SPXUSDT,2026-03-06,1
STABLEUSDT,2026-03-06,1
STRKUSDT,2026-03-06,1
SUIUSDT,2026-03-06,1
TAOUSDT,2026-03-06,1
TIAUSDT,2026-03-06,1
TONUSDT,2026-03-06,1
TRUMPUSDT,2026-03-06,1
TRXUSDT,2026-03-06,1
UNIUSDT,2026-03-06,1
USELESSUSDT,2026-03-06,1
VIRTUALUSDT,2026-03-06,1
VVVUSDT,2026-03-06,1
WETUSDT,2026-03-06,1
WHITEWHALEUSDT,2026-03-06,1
WIFUSDT,2026-03-06,1
WLDUSDT,2026-03-06,1
WLFIUSDT,2026-03-06,1
XAUTUSDT,2026-03-06,1
XLMUSDT,2026-03-06,1
XMRUSDT,2026-03-06,1
XPLUSDT,2026-03-06,1
XRPUSDT,2026-03-06,1
ZAMAUSDT,2026-03-06,1
ZECUSDT,2026-03-06,1
ZROUSDT,2026-03-06,1
0GUSDT,2026-03-07,1
1000BONKUSDT,2026-03-07,1
1000PEPEUSDT,2026-03-07,1
AAVEUSDT,2026-03-07,1
ADAUSDT,2026-03-07,1
AEROUSDT,2026-03-07,1
APTUSDT,2026-03-07,1
ARBUSDT,2026-03-07,1
ARCUSDT,2026-03-07,1
ASTERUSDT,2026-03-07,1
ATOMUSDT,2026-03-07,1
AVAXUSDT,2026-03-07,1
AXSUSDT,2026-03-07,1
BARDUSDT,2026-03-07,1
BCHUSDT,2026-03-07,1
BEATUSDT,2026-03-07,1
BERAUSDT,2026-03-07,1
BNBUSDT,2026-03-07,1
CRVUSDT,2026-03-07,1
DASHUSDT,2026-03-07,1
DOGEUSDT,2026-03-07,1
DOTUSDT,2026-03-07,1
DYDXUSDT,2026-03-07,1
ENAUSDT,2026-03-07,1
ENSOUSDT,2026-03-07,1
ETCUSDT,2026-03-07,1
FARTCOINUSDT,2026-03-07,1
FILUSDT,2026-03-07,1
GALAUSDT,2026-03-07,1
HANAUSDT,2026-03-07,1
HBARUSDT,2026-03-07,1
HUSDT,2026-03-07,1
HYPEUSDT,2026-03-07,1
ICPUSDT,2026-03-07,1
INJUSDT,2026-03-07,1
IPUSDT,2026-03-07,1
JTOUSDT,2026-03-07,1
JUPUSDT,2026-03-07,1
KITEUSDT,2026-03-07,1
LDOUSDT,2026-03-07,1
LINEAUSDT,2026-03-07,1
LINKUSDT,2026-03-07,1
LITUSDT,2026-03-07,1
LTCUSDT,2026-03-07,1
MNTUSDT,2026-03-07,1
MONUSDT,2026-03-07,1
MOODENGUSDT,2026-03-07,1
MYXUSDT,2026-03-07,1
NEARUSDT,2026-03-07,1
ONDOUSDT,2026-03-07,1
OPUSDT,2026-03-07,1
ORCAUSDT,2026-03-07,1
ORDIUSDT,2026-03-07,1
PAXGUSDT,2026-03-07,1
PENGUUSDT,2026-03-07,1
PIPPINUSDT,2026-03-07,1
POLUSDT,2026-03-07,1
POWERUSDT,2026-03-07,1
PUMPFUNUSDT,2026-03-07,1
RAVEUSDT,2026-03-07,1
RENDERUSDT,2026-03-07,1
RIVERUSDT,2026-03-07,1
SAHARAUSDT,2026-03-07,1
SEIUSDT,2026-03-07,1
SHIB1000USDT,2026-03-07,1
SIRENUSDT,2026-03-07,1
SKRUSDT,2026-03-07,1
SOLUSDT,2026-03-07,1
SPXUSDT,2026-03-07,1
STABLEUSDT,2026-03-07,1
STRKUSDT,2026-03-07,1
SUIUSDT,2026-03-07,1
TAOUSDT,2026-03-07,1
TIAUSDT,2026-03-07,1
TONUSDT,2026-03-07,1
TRUMPUSDT,2026-03-07,1
TRXUSDT,2026-03-07,1
UNIUSDT,2026-03-07,1
USELESSUSDT,2026-03-07,1
VIRTUALUSDT,2026-03-07,1
VVVUSDT,2026-03-07,1
WETUSDT,2026-03-07,1
WHITEWHALEUSDT,2026-03-07,1
WIFUSDT,2026-03-07,1
WLDUSDT,2026-03-07,1
WLFIUSDT,2026-03-07,1
XAUTUSDT,2026-03-07,1
XLMUSDT,2026-03-07,1
XMRUSDT,2026-03-07,1
XPLUSDT,2026-03-07,1
XRPUSDT,2026-03-07,1
ZECUSDT,2026-03-07,1
ZROUSDT,2026-03-07,1
0GUSDT,2026-03-08,1
1000BONKUSDT,2026-03-08,1
1000PEPEUSDT,2026-03-08,1
AAVEUSDT,2026-03-08,1
ADAUSDT,2026-03-08,1
AEROUSDT,2026-03-08,1
APTUSDT,2026-03-08,1
ARBUSDT,2026-03-08,1
ARCUSDT,2026-03-08,1
ASTERUSDT,2026-03-08,1
ATOMUSDT,2026-03-08,1
AVAXUSDT,2026-03-08,1
AXSUSDT,2026-03-08,1
BARDUSDT,2026-03-08,1
BCHUSDT,2026-03-08,1
BEATUSDT,2026-03-08,1
BERAUSDT,2026-03-08,1
BNBUSDT,2026-03-08,1
CRVUSDT,2026-03-08,1
DASHUSDT,2026-03-08,1
DOGEUSDT,2026-03-08,1
DOTUSDT,2026-03-08,1
DYDXUSDT,2026-03-08,1
ENAUSDT,2026-03-08,1
ENSOUSDT,2026-03-08,1
ETCUSDT,2026-03-08,1
FARTCOINUSDT,2026-03-08,1
FILUSDT,2026-03-08,1
GALAUSDT,2026-03-08,1
HANAUSDT,2026-03-08,1
HBARUSDT,2026-03-08,1
HUSDT,2026-03-08,1
HYPEUSDT,2026-03-08,1
ICPUSDT,2026-03-08,1
INJUSDT,2026-03-08,1
IPUSDT,2026-03-08,1
JTOUSDT,2026-03-08,1
JUPUSDT,2026-03-08,1
KITEUSDT,2026-03-08,1
LDOUSDT,2026-03-08,1
LINEAUSDT,2026-03-08,1
LINKUSDT,2026-03-08,1
LITUSDT,2026-03-08,1
LTCUSDT,2026-03-08,1
MNTUSDT,2026-03-08,1
MONUSDT,2026-03-08,1
MOODENGUSDT,2026-03-08,1
MYXUSDT,2026-03-08,1
NEARUSDT,2026-03-08,1
ONDOUSDT,2026-03-08,1
OPUSDT,2026-03-08,1
ORCAUSDT,2026-03-08,1
ORDIUSDT,2026-03-08,1
PAXGUSDT,2026-03-08,1
PENGUUSDT,2026-03-08,1
PIPPINUSDT,2026-03-08,1
POLUSDT,2026-03-08,1
POWERUSDT,2026-03-08,1
PUMPFUNUSDT,2026-03-08,1
RAVEUSDT,2026-03-08,1
RENDERUSDT,2026-03-08,1
RIVERUSDT,2026-03-08,1
SAHARAUSDT,2026-03-08,1
SEIUSDT,2026-03-08,1
SHIB1000USDT,2026-03-08,1
SIRENUSDT,2026-03-08,1
SKRUSDT,2026-03-08,1
SOLUSDT,2026-03-08,1
SPXUSDT,2026-03-08,1
STABLEUSDT,2026-03-08,1
STRKUSDT,2026-03-08,1
SUIUSDT,2026-03-08,1
TAOUSDT,2026-03-08,1
TIAUSDT,2026-03-08,1
TONUSDT,2026-03-08,1
TRUMPUSDT,2026-03-08,1
TRXUSDT,2026-03-08,1
UNIUSDT,2026-03-08,1
USELESSUSDT,2026-03-08,1
VIRTUALUSDT,2026-03-08,1
VVVUSDT,2026-03-08,1
WETUSDT,2026-03-08,1
WHITEWHALEUSDT,2026-03-08,1
WIFUSDT,2026-03-08,1
WLDUSDT,2026-03-08,1
WLFIUSDT,2026-03-08,1
XAUTUSDT,2026-03-08,1
XLMUSDT,2026-03-08,1
XMRUSDT,2026-03-08,1
XPLUSDT,2026-03-08,1
XRPUSDT,2026-03-08,1
ZECUSDT,2026-03-08,1
ZROUSDT,2026-03-08,1
1000BONKUSDT,2026-03-09,1
1000PEPEUSDT,2026-03-09,1
AAVEUSDT,2026-03-09,1
ADAUSDT,2026-03-09,1
AEROUSDT,2026-03-09,1
APTUSDT,2026-03-09,1
ARBUSDT,2026-03-09,1
ARCUSDT,2026-03-09,1
ASTERUSDT,2026-03-09,1
ATOMUSDT,2026-03-09,1
AVAXUSDT,2026-03-09,1
AXSUSDT,2026-03-09,1
BARDUSDT,2026-03-09,1
BCHUSDT,2026-03-09,1
BEATUSDT,2026-03-09,1
BERAUSDT,2026-03-09,1
BNBUSDT,2026-03-09,1
CRVUSDT,2026-03-09,1
DASHUSDT,2026-03-09,1
DOGEUSDT,2026-03-09,1
DOTUSDT,2026-03-09,1
DYDXUSDT,2026-03-09,1
ENAUSDT,2026-03-09,1
ENSOUSDT,2026-03-09,1
ETCUSDT,2026-03-09,1
FARTCOINUSDT,2026-03-09,1
FILUSDT,2026-03-09,1
GALAUSDT,2026-03-09,1
HANAUSDT,2026-03-09,1
HBARUSDT,2026-03-09,1
HUSDT,2026-03-09,1
HYPEUSDT,2026-03-09,1
ICPUSDT,2026-03-09,1
INJUSDT,2026-03-09,1
IPUSDT,2026-03-09,1
JTOUSDT,2026-03-09,1
JUPUSDT,2026-03-09,1
KITEUSDT,2026-03-09,1
LDOUSDT,2026-03-09,1
LINEAUSDT,2026-03-09,1
LINKUSDT,2026-03-09,1
LITUSDT,2026-03-09,1
LTCUSDT,2026-03-09,1
MNTUSDT,2026-03-09,1
MONUSDT,2026-03-09,1
MOODENGUSDT,2026-03-09,1
MYXUSDT,2026-03-09,1
NEARUSDT,2026-03-09,1
ONDOUSDT,2026-03-09,1
OPUSDT,2026-03-09,1
ORCAUSDT,2026-03-09,1
ORDIUSDT,2026-03-09,1
PAXGUSDT,2026-03-09,1
PENGUUSDT,2026-03-09,1
PIPPINUSDT,2026-03-09,1
POLUSDT,2026-03-09,1
POWERUSDT,2026-03-09,1
PUMPFUNUSDT,2026-03-09,1
RAVEUSDT,2026-03-09,1
RENDERUSDT,2026-03-09,1
RIVERUSDT,2026-03-09,1
SAHARAUSDT,2026-03-09,1
SEIUSDT,2026-03-09,1
SHIB1000USDT,2026-03-09,1
SIRENUSDT,2026-03-09,1
SKRUSDT,2026-03-09,1
SOLUSDT,2026-03-09,1
SPXUSDT,2026-03-09,1
STABLEUSDT,2026-03-09,1
STRKUSDT,2026-03-09,1
SUIUSDT,2026-03-09,1
TAOUSDT,2026-03-09,1
TIAUSDT,2026-03-09,1
TONUSDT,2026-03-09,1
TRUMPUSDT,2026-03-09,1
TRXUSDT,2026-03-09,1
UNIUSDT,2026-03-09,1
USELESSUSDT,2026-03-09,1
VIRTUALUSDT,2026-03-09,1
VVVUSDT,2026-03-09,1
WETUSDT,2026-03-09,1
WHITEWHALEUSDT,2026-03-09,1
WIFUSDT,2026-03-09,1
WLDUSDT,2026-03-09,1
WLFIUSDT,2026-03-09,1
XAUTUSDT,2026-03-09,1
XLMUSDT,2026-03-09,1
XMRUSDT,2026-03-09,1
XPLUSDT,2026-03-09,1
XRPUSDT,2026-03-09,1
ZECUSDT,2026-03-09,1
ZROUSDT,2026-03-09,1
1000BONKUSDT,2026-03-10,1
1000PEPEUSDT,2026-03-10,1
AAVEUSDT,2026-03-10,1
ADAUSDT,2026-03-10,1
AEROUSDT,2026-03-10,1
APTUSDT,2026-03-10,1
ARBUSDT,2026-03-10,1
ARCUSDT,2026-03-10,1
ASTERUSDT,2026-03-10,1
ATOMUSDT,2026-03-10,1
AVAXUSDT,2026-03-10,1
AXSUSDT,2026-03-10,1
BARDUSDT,2026-03-10,1
BCHUSDT,2026-03-10,1
BEATUSDT,2026-03-10,1
BERAUSDT,2026-03-10,1
BNBUSDT,2026-03-10,1
CRVUSDT,2026-03-10,1
DASHUSDT,2026-03-10,1
DOGEUSDT,2026-03-10,1
DOTUSDT,2026-03-10,1
DYDXUSDT,2026-03-10,1
ENAUSDT,2026-03-10,1
ENSOUSDT,2026-03-10,1
ETCUSDT,2026-03-10,1
FARTCOINUSDT,2026-03-10,1
FILUSDT,2026-03-10,1
GALAUSDT,2026-03-10,1
HANAUSDT,2026-03-10,1
HBARUSDT,2026-03-10,1
HUSDT,2026-03-10,1
HYPEUSDT,2026-03-10,1
ICPUSDT,2026-03-10,1
INJUSDT,2026-03-10,1
IPUSDT,2026-03-10,1
JELLYJELLYUSDT,2026-03-10,1
JTOUSDT,2026-03-10,1
JUPUSDT,2026-03-10,1
KITEUSDT,2026-03-10,1
LDOUSDT,2026-03-10,1
LINEAUSDT,2026-03-10,1
LINKUSDT,2026-03-10,1
LITUSDT,2026-03-10,1
LTCUSDT,2026-03-10,1
MNTUSDT,2026-03-10,1
MONUSDT,2026-03-10,1
MOODENGUSDT,2026-03-10,1
MYXUSDT,2026-03-10,1
NEARUSDT,2026-03-10,1
ONDOUSDT,2026-03-10,1
OPUSDT,2026-03-10,1
ORCAUSDT,2026-03-10,1
ORDIUSDT,2026-03-10,1
PAXGUSDT,2026-03-10,1
PENGUUSDT,2026-03-10,1
PHAUSDT,2026-03-10,1
PIPPINUSDT,2026-03-10,1
POLUSDT,2026-03-10,1
POWERUSDT,2026-03-10,1
PUMPFUNUSDT,2026-03-10,1
RAVEUSDT,2026-03-10,1
RENDERUSDT,2026-03-10,1
RIVERUSDT,2026-03-10,1
SAHARAUSDT,2026-03-10,1
SEIUSDT,2026-03-10,1
SHIB1000USDT,2026-03-10,1
SIRENUSDT,2026-03-10,1
SKRUSDT,2026-03-10,1
SOLUSDT,2026-03-10,1
SPXUSDT,2026-03-10,1
STABLEUSDT,2026-03-10,1
STRKUSDT,2026-03-10,1
SUIUSDT,2026-03-10,1
TAOUSDT,2026-03-10,1
TIAUSDT,2026-03-10,1
TONUSDT,2026-03-10,1
TRUMPUSDT,2026-03-10,1
TRXUSDT,2026-03-10,1
UNIUSDT,2026-03-10,1
USELESSUSDT,2026-03-10,1
VIRTUALUSDT,2026-03-10,1
VVVUSDT,2026-03-10,1
WETUSDT,2026-03-10,1
WHITEWHALEUSDT,2026-03-10,1
WIFUSDT,2026-03-10,1
WLDUSDT,2026-03-10,1
WLFIUSDT,2026-03-10,1
XAUTUSDT,2026-03-10,1
XLMUSDT,2026-03-10,1
XMRUSDT,2026-03-10,1
XPLUSDT,2026-03-10,1
XRPUSDT,2026-03-10,1
ZECUSDT,2026-03-10,1
ZROUSDT,2026-03-10,1
1000BONKUSDT,2026-03-11,1
1000PEPEUSDT,2026-03-11,1
AAVEUSDT,2026-03-11,1
ADAUSDT,2026-03-11,1
AEROUSDT,2026-03-11,1
APTUSDT,2026-03-11,1
ARBUSDT,2026-03-11,1
ARCUSDT,2026-03-11,1
ASTERUSDT,2026-03-11,1
ATOMUSDT,2026-03-11,1
AVAXUSDT,2026-03-11,1
AXSUSDT,2026-03-11,1
BARDUSDT,2026-03-11,1
BCHUSDT,2026-03-11,1
BEATUSDT,2026-03-11,1
BERAUSDT,2026-03-11,1
BNBUSDT,2026-03-11,1
CRVUSDT,2026-03-11,1
DASHUSDT,2026-03-11,1
DOGEUSDT,2026-03-11,1
DOTUSDT,2026-03-11,1
DYDXUSDT,2026-03-11,1
ENAUSDT,2026-03-11,1
ENSOUSDT,2026-03-11,1
ETCUSDT,2026-03-11,1
FARTCOINUSDT,2026-03-11,1
FILUSDT,2026-03-11,1
GALAUSDT,2026-03-11,1
HANAUSDT,2026-03-11,1
HBARUSDT,2026-03-11,1
HUSDT,2026-03-11,1
HYPEUSDT,2026-03-11,1
ICPUSDT,2026-03-11,1
INJUSDT,2026-03-11,1
IPUSDT,2026-03-11,1
JELLYJELLYUSDT,2026-03-11,1
JTOUSDT,2026-03-11,1
JUPUSDT,2026-03-11,1
KITEUSDT,2026-03-11,1
LDOUSDT,2026-03-11,1
LINEAUSDT,2026-03-11,1
LINKUSDT,2026-03-11,1
LITUSDT,2026-03-11,1
LTCUSDT,2026-03-11,1
MNTUSDT,2026-03-11,1
MONUSDT,2026-03-11,1
MOODENGUSDT,2026-03-11,1
MYXUSDT,2026-03-11,1
NEARUSDT,2026-03-11,1
ONDOUSDT,2026-03-11,1
OPUSDT,2026-03-11,1
ORCAUSDT,2026-03-11,1
ORDIUSDT,2026-03-11,1
PAXGUSDT,2026-03-11,1
PENGUUSDT,2026-03-11,1
PHAUSDT,2026-03-11,1
PIPPINUSDT,2026-03-11,1
POLUSDT,2026-03-11,1
POWERUSDT,2026-03-11,1
PUMPFUNUSDT,2026-03-11,1
RAVEUSDT,2026-03-11,1
RENDERUSDT,2026-03-11,1
RIVERUSDT,2026-03-11,1
SAHARAUSDT,2026-03-11,1
SEIUSDT,2026-03-11,1
SHIB1000USDT,2026-03-11,1
SIGNUSDT,2026-03-11,1
SIRENUSDT,2026-03-11,1
SKRUSDT,2026-03-11,1
SOLUSDT,2026-03-11,1
SPXUSDT,2026-03-11,1
STABLEUSDT,2026-03-11,1
STRKUSDT,2026-03-11,1
SUIUSDT,2026-03-11,1
TAOUSDT,2026-03-11,1
TIAUSDT,2026-03-11,1
TONUSDT,2026-03-11,1
TRUMPUSDT,2026-03-11,1
TRXUSDT,2026-03-11,1
UNIUSDT,2026-03-11,1
USELESSUSDT,2026-03-11,1
VIRTUALUSDT,2026-03-11,1
VVVUSDT,2026-03-11,1
WETUSDT,2026-03-11,1
WHITEWHALEUSDT,2026-03-11,1
WIFUSDT,2026-03-11,1
WLDUSDT,2026-03-11,1
WLFIUSDT,2026-03-11,1
XAUTUSDT,2026-03-11,1
XLMUSDT,2026-03-11,1
XMRUSDT,2026-03-11,1
XPLUSDT,2026-03-11,1
XRPUSDT,2026-03-11,1
ZECUSDT,2026-03-11,1
ZROUSDT,2026-03-11,1
1000BONKUSDT,2026-03-12,1
1000PEPEUSDT,2026-03-12,1
AAVEUSDT,2026-03-12,1
ADAUSDT,2026-03-12,1
AEROUSDT,2026-03-12,1
APTUSDT,2026-03-12,1
ARBUSDT,2026-03-12,1
ARCUSDT,2026-03-12,1
ASTERUSDT,2026-03-12,1
ATOMUSDT,2026-03-12,1
AVAXUSDT,2026-03-12,1
AXSUSDT,2026-03-12,1
BARDUSDT,2026-03-12,1
BCHUSDT,2026-03-12,1
BEATUSDT,2026-03-12,1
BERAUSDT,2026-03-12,1
BNBUSDT,2026-03-12,1
CRVUSDT,2026-03-12,1
DASHUSDT,2026-03-12,1
DOGEUSDT,2026-03-12,1
DOTUSDT,2026-03-12,1
DYDXUSDT,2026-03-12,1
ENAUSDT,2026-03-12,1
ENSOUSDT,2026-03-12,1
ETCUSDT,2026-03-12,1
FARTCOINUSDT,2026-03-12,1
FILUSDT,2026-03-12,1
GALAUSDT,2026-03-12,1
HANAUSDT,2026-03-12,1
HBARUSDT,2026-03-12,1
HUMAUSDT,2026-03-12,1
HUSDT,2026-03-12,1
HYPEUSDT,2026-03-12,1
ICPUSDT,2026-03-12,1
INJUSDT,2026-03-12,1
IPUSDT,2026-03-12,1
JELLYJELLYUSDT,2026-03-12,1
JTOUSDT,2026-03-12,1
JUPUSDT,2026-03-12,1
KITEUSDT,2026-03-12,1
LDOUSDT,2026-03-12,1
LINEAUSDT,2026-03-12,1
LINKUSDT,2026-03-12,1
LITUSDT,2026-03-12,1
LTCUSDT,2026-03-12,1
MNTUSDT,2026-03-12,1
MONUSDT,2026-03-12,1
MOODENGUSDT,2026-03-12,1
MYXUSDT,2026-03-12,1
NEARUSDT,2026-03-12,1
ONDOUSDT,2026-03-12,1
OPUSDT,2026-03-12,1
ORCAUSDT,2026-03-12,1
ORDIUSDT,2026-03-12,1
PAXGUSDT,2026-03-12,1
PENGUUSDT,2026-03-12,1
PHAUSDT,2026-03-12,1
PIPPINUSDT,2026-03-12,1
POLUSDT,2026-03-12,1
POWERUSDT,2026-03-12,1
PUMPFUNUSDT,2026-03-12,1
RAVEUSDT,2026-03-12,1
RENDERUSDT,2026-03-12,1
RESOLVUSDT,2026-03-12,1
RIVERUSDT,2026-03-12,1
SAHARAUSDT,2026-03-12,1
SEIUSDT,2026-03-12,1
SHIB1000USDT,2026-03-12,1
SIGNUSDT,2026-03-12,1
SIRENUSDT,2026-03-12,1
SKRUSDT,2026-03-12,1
SOLUSDT,2026-03-12,1
SPXUSDT,2026-03-12,1
STABLEUSDT,2026-03-12,1
STRKUSDT,2026-03-12,1
SUIUSDT,2026-03-12,1
TAOUSDT,2026-03-12,1
TIAUSDT,2026-03-12,1
TONUSDT,2026-03-12,1
TRUMPUSDT,2026-03-12,1
TRXUSDT,2026-03-12,1
UNIUSDT,2026-03-12,1
VIRTUALUSDT,2026-03-12,1
VVVUSDT,2026-03-12,1
WETUSDT,2026-03-12,1
WHITEWHALEUSDT,2026-03-12,1
WIFUSDT,2026-03-12,1
WLDUSDT,2026-03-12,1
WLFIUSDT,2026-03-12,1
XAUTUSDT,2026-03-12,1
XLMUSDT,2026-03-12,1
XMRUSDT,2026-03-12,1
XPLUSDT,2026-03-12,1
XRPUSDT,2026-03-12,1
ZECUSDT,2026-03-12,1
ZROUSDT,2026-03-12,1
1000BONKUSDT,2026-03-13,1
1000PEPEUSDT,2026-03-13,1
AAVEUSDT,2026-03-13,1
ADAUSDT,2026-03-13,1
AEROUSDT,2026-03-13,1
APTUSDT,2026-03-13,1
ARBUSDT,2026-03-13,1
ARCUSDT,2026-03-13,1
ASTERUSDT,2026-03-13,1
ATOMUSDT,2026-03-13,1
AVAXUSDT,2026-03-13,1
AXSUSDT,2026-03-13,1
BARDUSDT,2026-03-13,1
BCHUSDT,2026-03-13,1
BEATUSDT,2026-03-13,1
BERAUSDT,2026-03-13,1
BNBUSDT,2026-03-13,1
CRVUSDT,2026-03-13,1
DASHUSDT,2026-03-13,1
DOGEUSDT,2026-03-13,1
DOTUSDT,2026-03-13,1
DYDXUSDT,2026-03-13,1
ENAUSDT,2026-03-13,1
ENSOUSDT,2026-03-13,1
ETCUSDT,2026-03-13,1
FARTCOINUSDT,2026-03-13,1
FILUSDT,2026-03-13,1
FLOWUSDT,2026-03-13,1
GALAUSDT,2026-03-13,1
HANAUSDT,2026-03-13,1
HBARUSDT,2026-03-13,1
HUMAUSDT,2026-03-13,1
HUSDT,2026-03-13,1
HYPEUSDT,2026-03-13,1
ICPUSDT,2026-03-13,1
INJUSDT,2026-03-13,1
IPUSDT,2026-03-13,1
JELLYJELLYUSDT,2026-03-13,1
JUPUSDT,2026-03-13,1
KITEUSDT,2026-03-13,1
LDOUSDT,2026-03-13,1
LINEAUSDT,2026-03-13,1
LINKUSDT,2026-03-13,1
LITUSDT,2026-03-13,1
LTCUSDT,2026-03-13,1
MNTUSDT,2026-03-13,1
MONUSDT,2026-03-13,1
MOODENGUSDT,2026-03-13,1
MYXUSDT,2026-03-13,1
NEARUSDT,2026-03-13,1
ONDOUSDT,2026-03-13,1
OPUSDT,2026-03-13,1
ORCAUSDT,2026-03-13,1
ORDIUSDT,2026-03-13,1
PAXGUSDT,2026-03-13,1
PENGUUSDT,2026-03-13,1
PHAUSDT,2026-03-13,1
PIPPINUSDT,2026-03-13,1
POLUSDT,2026-03-13,1
POWERUSDT,2026-03-13,1
PUMPFUNUSDT,2026-03-13,1
RAVEUSDT,2026-03-13,1
RENDERUSDT,2026-03-13,1
RESOLVUSDT,2026-03-13,1
RIVERUSDT,2026-03-13,1
SAHARAUSDT,2026-03-13,1
SEIUSDT,2026-03-13,1
SHIB1000USDT,2026-03-13,1
SIGNUSDT,2026-03-13,1
SIRENUSDT,2026-03-13,1
SKRUSDT,2026-03-13,1
SOLUSDT,2026-03-13,1
SPXUSDT,2026-03-13,1
STABLEUSDT,2026-03-13,1
STRKUSDT,2026-03-13,1
SUIUSDT,2026-03-13,1
TAOUSDT,2026-03-13,1
TIAUSDT,2026-03-13,1
TONUSDT,2026-03-13,1
TRUMPUSDT,2026-03-13,1
TRXUSDT,2026-03-13,1
UNIUSDT,2026-03-13,1
VIRTUALUSDT,2026-03-13,1
VVVUSDT,2026-03-13,1
WETUSDT,2026-03-13,1
WHITEWHALEUSDT,2026-03-13,1
WIFUSDT,2026-03-13,1
WLDUSDT,2026-03-13,1
WLFIUSDT,2026-03-13,1
XAUTUSDT,2026-03-13,1
XLMUSDT,2026-03-13,1
XMRUSDT,2026-03-13,1
XPLUSDT,2026-03-13,1
XRPUSDT,2026-03-13,1
ZECUSDT,2026-03-13,1
ZROUSDT,2026-03-13,1
1000BONKUSDT,2026-03-14,1
1000PEPEUSDT,2026-03-14,1
AAVEUSDT,2026-03-14,1
ADAUSDT,2026-03-14,1
AEROUSDT,2026-03-14,1
APTUSDT,2026-03-14,1
ARBUSDT,2026-03-14,1
ARCUSDT,2026-03-14,1
ASTERUSDT,2026-03-14,1
ATOMUSDT,2026-03-14,1
AVAXUSDT,2026-03-14,1
AXSUSDT,2026-03-14,1
BARDUSDT,2026-03-14,1
BCHUSDT,2026-03-14,1
BEATUSDT,2026-03-14,1
BERAUSDT,2026-03-14,1
BNBUSDT,2026-03-14,1
CRVUSDT,2026-03-14,1
DASHUSDT,2026-03-14,1
DOGEUSDT,2026-03-14,1
DOTUSDT,2026-03-14,1
DYDXUSDT,2026-03-14,1
ENAUSDT,2026-03-14,1
ENSOUSDT,2026-03-14,1
ETCUSDT,2026-03-14,1
FARTCOINUSDT,2026-03-14,1
FILUSDT,2026-03-14,1
FLOWUSDT,2026-03-14,1
GALAUSDT,2026-03-14,1
HANAUSDT,2026-03-14,1
HBARUSDT,2026-03-14,1
HUMAUSDT,2026-03-14,1
HUSDT,2026-03-14,1
HYPEUSDT,2026-03-14,1
ICPUSDT,2026-03-14,1
INJUSDT,2026-03-14,1
IPUSDT,2026-03-14,1
JELLYJELLYUSDT,2026-03-14,1
JUPUSDT,2026-03-14,1
KITEUSDT,2026-03-14,1
LDOUSDT,2026-03-14,1
LINKUSDT,2026-03-14,1
LITUSDT,2026-03-14,1
LTCUSDT,2026-03-14,1
LYNUSDT,2026-03-14,1
MNTUSDT,2026-03-14,1
MONUSDT,2026-03-14,1
MOODENGUSDT,2026-03-14,1
MYXUSDT,2026-03-14,1
NEARUSDT,2026-03-14,1
ONDOUSDT,2026-03-14,1
OPUSDT,2026-03-14,1
ORDIUSDT,2026-03-14,1
PAXGUSDT,2026-03-14,1
PENGUUSDT,2026-03-14,1
PHAUSDT,2026-03-14,1
PIPPINUSDT,2026-03-14,1
POLUSDT,2026-03-14,1
POWERUSDT,2026-03-14,1
PUMPFUNUSDT,2026-03-14,1
RAVEUSDT,2026-03-14,1
RENDERUSDT,2026-03-14,1
RESOLVUSDT,2026-03-14,1
RIVERUSDT,2026-03-14,1
SAHARAUSDT,2026-03-14,1
SEIUSDT,2026-03-14,1
SHIB1000USDT,2026-03-14,1
SIGNUSDT,2026-03-14,1
SIRENUSDT,2026-03-14,1
SKRUSDT,2026-03-14,1
SOLUSDT,2026-03-14,1
SPXUSDT,2026-03-14,1
STABLEUSDT,2026-03-14,1
STRKUSDT,2026-03-14,1
SUIUSDT,2026-03-14,1
TAOUSDT,2026-03-14,1
TIAUSDT,2026-03-14,1
TONUSDT,2026-03-14,1
TRUMPUSDT,2026-03-14,1
TRXUSDT,2026-03-14,1
UNIUSDT,2026-03-14,1
VIRTUALUSDT,2026-03-14,1
VVVUSDT,2026-03-14,1
WETUSDT,2026-03-14,1
WHITEWHALEUSDT,2026-03-14,1
WIFUSDT,2026-03-14,1
WLDUSDT,2026-03-14,1
WLFIUSDT,2026-03-14,1
XAUTUSDT,2026-03-14,1
XLMUSDT,2026-03-14,1
XMRUSDT,2026-03-14,1
XPLUSDT,2026-03-14,1
XRPUSDT,2026-03-14,1
ZECUSDT,2026-03-14,1
ZROUSDT,2026-03-14,1
1000BONKUSDT,2026-03-15,1
1000PEPEUSDT,2026-03-15,1
AAVEUSDT,2026-03-15,1
ADAUSDT,2026-03-15,1
AEROUSDT,2026-03-15,1
APTUSDT,2026-03-15,1
ARBUSDT,2026-03-15,1
ARCUSDT,2026-03-15,1
ASTERUSDT,2026-03-15,1
ATOMUSDT,2026-03-15,1
AVAXUSDT,2026-03-15,1
AXSUSDT,2026-03-15,1
BARDUSDT,2026-03-15,1
BCHUSDT,2026-03-15,1
BEATUSDT,2026-03-15,1
BERAUSDT,2026-03-15,1
BNBUSDT,2026-03-15,1
CRVUSDT,2026-03-15,1
DASHUSDT,2026-03-15,1
DOGEUSDT,2026-03-15,1
DOTUSDT,2026-03-15,1
DYDXUSDT,2026-03-15,1
ENAUSDT,2026-03-15,1
ENSOUSDT,2026-03-15,1
ETCUSDT,2026-03-15,1
FARTCOINUSDT,2026-03-15,1
FILUSDT,2026-03-15,1
FLOWUSDT,2026-03-15,1
GALAUSDT,2026-03-15,1
HANAUSDT,2026-03-15,1
HBARUSDT,2026-03-15,1
HUMAUSDT,2026-03-15,1
HUSDT,2026-03-15,1
HYPEUSDT,2026-03-15,1
ICPUSDT,2026-03-15,1
INJUSDT,2026-03-15,1
IPUSDT,2026-03-15,1
JELLYJELLYUSDT,2026-03-15,1
JUPUSDT,2026-03-15,1
KITEUSDT,2026-03-15,1
LDOUSDT,2026-03-15,1
LINKUSDT,2026-03-15,1
LITUSDT,2026-03-15,1
LTCUSDT,2026-03-15,1
LYNUSDT,2026-03-15,1
MNTUSDT,2026-03-15,1
MONUSDT,2026-03-15,1
MOODENGUSDT,2026-03-15,1
MYXUSDT,2026-03-15,1
NEARUSDT,2026-03-15,1
ONDOUSDT,2026-03-15,1
OPUSDT,2026-03-15,1
ORDIUSDT,2026-03-15,1
PAXGUSDT,2026-03-15,1
PENGUUSDT,2026-03-15,1
PHAUSDT,2026-03-15,1
PIPPINUSDT,2026-03-15,1
POLUSDT,2026-03-15,1
POWERUSDT,2026-03-15,1
PUMPFUNUSDT,2026-03-15,1
RAVEUSDT,2026-03-15,1
RENDERUSDT,2026-03-15,1
RESOLVUSDT,2026-03-15,1
RIVERUSDT,2026-03-15,1
SAHARAUSDT,2026-03-15,1
SEIUSDT,2026-03-15,1
SHIB1000USDT,2026-03-15,1
SIGNUSDT,2026-03-15,1
SIRENUSDT,2026-03-15,1
SKRUSDT,2026-03-15,1
SOLUSDT,2026-03-15,1
SPXUSDT,2026-03-15,1
STABLEUSDT,2026-03-15,1
STRKUSDT,2026-03-15,1
SUIUSDT,2026-03-15,1
TAOUSDT,2026-03-15,1
TIAUSDT,2026-03-15,1
TONUSDT,2026-03-15,1
TRIAUSDT,2026-03-15,1
TRUMPUSDT,2026-03-15,1
TRXUSDT,2026-03-15,1
UNIUSDT,2026-03-15,1
VIRTUALUSDT,2026-03-15,1
VVVUSDT,2026-03-15,1
WETUSDT,2026-03-15,1
WIFUSDT,2026-03-15,1
WLDUSDT,2026-03-15,1
WLFIUSDT,2026-03-15,1
XAUTUSDT,2026-03-15,1
XLMUSDT,2026-03-15,1
XMRUSDT,2026-03-15,1
XPLUSDT,2026-03-15,1
XRPUSDT,2026-03-15,1
ZECUSDT,2026-03-15,1
ZROUSDT,2026-03-15,1
1000BONKUSDT,2026-03-16,1
1000PEPEUSDT,2026-03-16,1
AAVEUSDT,2026-03-16,1
ADAUSDT,2026-03-16,1
AEROUSDT,2026-03-16,1
APTUSDT,2026-03-16,1
ARBUSDT,2026-03-16,1
ARCUSDT,2026-03-16,1
ASTERUSDT,2026-03-16,1
ATOMUSDT,2026-03-16,1
AVAXUSDT,2026-03-16,1
AXSUSDT,2026-03-16,1
BARDUSDT,2026-03-16,1
BCHUSDT,2026-03-16,1
BEATUSDT,2026-03-16,1
BERAUSDT,2026-03-16,1
BNBUSDT,2026-03-16,1
CRVUSDT,2026-03-16,1
DASHUSDT,2026-03-16,1
DOGEUSDT,2026-03-16,1
DOTUSDT,2026-03-16,1
DYDXUSDT,2026-03-16,1
ENAUSDT,2026-03-16,1
ENSOUSDT,2026-03-16,1
ETCUSDT,2026-03-16,1
FARTCOINUSDT,2026-03-16,1
FILUSDT,2026-03-16,1
FLOWUSDT,2026-03-16,1
GALAUSDT,2026-03-16,1
HANAUSDT,2026-03-16,1
HBARUSDT,2026-03-16,1
HUMAUSDT,2026-03-16,1
HUSDT,2026-03-16,1
HYPEUSDT,2026-03-16,1
ICPUSDT,2026-03-16,1
INJUSDT,2026-03-16,1
IPUSDT,2026-03-16,1
JELLYJELLYUSDT,2026-03-16,1
JUPUSDT,2026-03-16,1
KITEUSDT,2026-03-16,1
LDOUSDT,2026-03-16,1
LINKUSDT,2026-03-16,1
LITUSDT,2026-03-16,1
LTCUSDT,2026-03-16,1
LYNUSDT,2026-03-16,1
MNTUSDT,2026-03-16,1
MONUSDT,2026-03-16,1
MOODENGUSDT,2026-03-16,1
MYXUSDT,2026-03-16,1
NEARUSDT,2026-03-16,1
ONDOUSDT,2026-03-16,1
OPUSDT,2026-03-16,1
ORDIUSDT,2026-03-16,1
PAXGUSDT,2026-03-16,1
PENGUUSDT,2026-03-16,1
PHAUSDT,2026-03-16,1
PIPPINUSDT,2026-03-16,1
POLUSDT,2026-03-16,1
POWERUSDT,2026-03-16,1
PUMPFUNUSDT,2026-03-16,1
RAVEUSDT,2026-03-16,1
RENDERUSDT,2026-03-16,1
RESOLVUSDT,2026-03-16,1
RIVERUSDT,2026-03-16,1
SAHARAUSDT,2026-03-16,1
SEIUSDT,2026-03-16,1
SHIB1000USDT,2026-03-16,1
SIGNUSDT,2026-03-16,1
SIRENUSDT,2026-03-16,1
SKRUSDT,2026-03-16,1
SOLUSDT,2026-03-16,1
SPXUSDT,2026-03-16,1
STABLEUSDT,2026-03-16,1
STRKUSDT,2026-03-16,1
SUIUSDT,2026-03-16,1
TAOUSDT,2026-03-16,1
TIAUSDT,2026-03-16,1
TONUSDT,2026-03-16,1
TRIAUSDT,2026-03-16,1
TRUMPUSDT,2026-03-16,1
TRXUSDT,2026-03-16,1
UNIUSDT,2026-03-16,1
VIRTUALUSDT,2026-03-16,1
VVVUSDT,2026-03-16,1
WIFUSDT,2026-03-16,1
WLDUSDT,2026-03-16,1
WLFIUSDT,2026-03-16,1
XAUTUSDT,2026-03-16,1
XLMUSDT,2026-03-16,1
XMRUSDT,2026-03-16,1
XPLUSDT,2026-03-16,1
XRPUSDT,2026-03-16,1
ZECUSDT,2026-03-16,1
ZROUSDT,2026-03-16,1
1000BONKUSDT,2026-03-17,1
1000PEPEUSDT,2026-03-17,1
AAVEUSDT,2026-03-17,1
ADAUSDT,2026-03-17,1
AEROUSDT,2026-03-17,1
APTUSDT,2026-03-17,1
ARBUSDT,2026-03-17,1
ARCUSDT,2026-03-17,1
ASTERUSDT,2026-03-17,1
ATOMUSDT,2026-03-17,1
AVAXUSDT,2026-03-17,1
AXSUSDT,2026-03-17,1
BARDUSDT,2026-03-17,1
BCHUSDT,2026-03-17,1
BEATUSDT,2026-03-17,1
BERAUSDT,2026-03-17,1
BNBUSDT,2026-03-17,1
CRVUSDT,2026-03-17,1
DASHUSDT,2026-03-17,1
DOGEUSDT,2026-03-17,1
DOTUSDT,2026-03-17,1
DYDXUSDT,2026-03-17,1
ENAUSDT,2026-03-17,1
ENSOUSDT,2026-03-17,1
ETCUSDT,2026-03-17,1
FARTCOINUSDT,2026-03-17,1
FILUSDT,2026-03-17,1
FLOWUSDT,2026-03-17,1
GALAUSDT,2026-03-17,1
HANAUSDT,2026-03-17,1
HBARUSDT,2026-03-17,1
HUMAUSDT,2026-03-17,1
HUSDT,2026-03-17,1
HYPEUSDT,2026-03-17,1
ICPUSDT,2026-03-17,1
INJUSDT,2026-03-17,1
IPUSDT,2026-03-17,1
JELLYJELLYUSDT,2026-03-17,1
JUPUSDT,2026-03-17,1
KITEUSDT,2026-03-17,1
LDOUSDT,2026-03-17,1
LINKUSDT,2026-03-17,1
LITUSDT,2026-03-17,1
LTCUSDT,2026-03-17,1
LYNUSDT,2026-03-17,1
MNTUSDT,2026-03-17,1
MONUSDT,2026-03-17,1
MOODENGUSDT,2026-03-17,1
MYXUSDT,2026-03-17,1
NEARUSDT,2026-03-17,1
ONDOUSDT,2026-03-17,1
OPUSDT,2026-03-17,1
ORDIUSDT,2026-03-17,1
PAXGUSDT,2026-03-17,1
PENGUUSDT,2026-03-17,1
PHAUSDT,2026-03-17,1
PIPPINUSDT,2026-03-17,1
PIXELUSDT,2026-03-17,1
POLUSDT,2026-03-17,1
POWERUSDT,2026-03-17,1
PUMPFUNUSDT,2026-03-17,1
RAVEUSDT,2026-03-17,1
RENDERUSDT,2026-03-17,1
RESOLVUSDT,2026-03-17,1
RIVERUSDT,2026-03-17,1
SAHARAUSDT,2026-03-17,1
SEIUSDT,2026-03-17,1
SHIB1000USDT,2026-03-17,1
SIGNUSDT,2026-03-17,1
SIRENUSDT,2026-03-17,1
SKRUSDT,2026-03-17,1
SOLUSDT,2026-03-17,1
SPXUSDT,2026-03-17,1
STABLEUSDT,2026-03-17,1
STRKUSDT,2026-03-17,1
SUIUSDT,2026-03-17,1
TAOUSDT,2026-03-17,1
TIAUSDT,2026-03-17,1
TONUSDT,2026-03-17,1
TRIAUSDT,2026-03-17,1
TRUMPUSDT,2026-03-17,1
TRXUSDT,2026-03-17,1
UNIUSDT,2026-03-17,1
VIRTUALUSDT,2026-03-17,1
VVVUSDT,2026-03-17,1
WIFUSDT,2026-03-17,1
WLDUSDT,2026-03-17,1
WLFIUSDT,2026-03-17,1
XAUTUSDT,2026-03-17,1
XLMUSDT,2026-03-17,1
XMRUSDT,2026-03-17,1
XPLUSDT,2026-03-17,1
XRPUSDT,2026-03-17,1
ZECUSDT,2026-03-17,1
ZROUSDT,2026-03-17,1
1000BONKUSDT,2026-03-18,1
1000PEPEUSDT,2026-03-18,1
AAVEUSDT,2026-03-18,1
ADAUSDT,2026-03-18,1
APTUSDT,2026-03-18,1
ARBUSDT,2026-03-18,1
ARCUSDT,2026-03-18,1
ASTERUSDT,2026-03-18,1
ATOMUSDT,2026-03-18,1
AVAXUSDT,2026-03-18,1
AXSUSDT,2026-03-18,1
BARDUSDT,2026-03-18,1
BCHUSDT,2026-03-18,1
BEATUSDT,2026-03-18,1
BERAUSDT,2026-03-18,1
BNBUSDT,2026-03-18,1
CRVUSDT,2026-03-18,1
DASHUSDT,2026-03-18,1
DOGEUSDT,2026-03-18,1
DOTUSDT,2026-03-18,1
DYDXUSDT,2026-03-18,1
ENAUSDT,2026-03-18,1
ENSOUSDT,2026-03-18,1
ETCUSDT,2026-03-18,1
FARTCOINUSDT,2026-03-18,1
FILUSDT,2026-03-18,1
FLOWUSDT,2026-03-18,1
GALAUSDT,2026-03-18,1
HANAUSDT,2026-03-18,1
HBARUSDT,2026-03-18,1
HUMAUSDT,2026-03-18,1
HUSDT,2026-03-18,1
HYPEUSDT,2026-03-18,1
ICPUSDT,2026-03-18,1
INJUSDT,2026-03-18,1
IPUSDT,2026-03-18,1
JELLYJELLYUSDT,2026-03-18,1
JUPUSDT,2026-03-18,1
KITEUSDT,2026-03-18,1
LDOUSDT,2026-03-18,1
LINKUSDT,2026-03-18,1
LITUSDT,2026-03-18,1
LTCUSDT,2026-03-18,1
LYNUSDT,2026-03-18,1
MNTUSDT,2026-03-18,1
MONUSDT,2026-03-18,1
MOODENGUSDT,2026-03-18,1
MYXUSDT,2026-03-18,1
NEARUSDT,2026-03-18,1
ONDOUSDT,2026-03-18,1
OPUSDT,2026-03-18,1
ORDIUSDT,2026-03-18,1
PAXGUSDT,2026-03-18,1
PENGUUSDT,2026-03-18,1
PHAUSDT,2026-03-18,1
PIPPINUSDT,2026-03-18,1
PIXELUSDT,2026-03-18,1
POLUSDT,2026-03-18,1
POWERUSDT,2026-03-18,1
PUMPFUNUSDT,2026-03-18,1
RAVEUSDT,2026-03-18,1
RENDERUSDT,2026-03-18,1
RESOLVUSDT,2026-03-18,1
RIVERUSDT,2026-03-18,1
SAHARAUSDT,2026-03-18,1
SEIUSDT,2026-03-18,1
SHIB1000USDT,2026-03-18,1
SIGNUSDT,2026-03-18,1
SIRENUSDT,2026-03-18,1
SKRUSDT,2026-03-18,1
SOLUSDT,2026-03-18,1
SPXUSDT,2026-03-18,1
STRKUSDT,2026-03-18,1
SUIUSDT,2026-03-18,1
TAOUSDT,2026-03-18,1
TIAUSDT,2026-03-18,1
TONUSDT,2026-03-18,1
TRIAUSDT,2026-03-18,1
TRUMPUSDT,2026-03-18,1
TRXUSDT,2026-03-18,1
UNIUSDT,2026-03-18,1
VIRTUALUSDT,2026-03-18,1
VVVUSDT,2026-03-18,1
WIFUSDT,2026-03-18,1
WLDUSDT,2026-03-18,1
WLFIUSDT,2026-03-18,1
XAUTUSDT,2026-03-18,1
XLMUSDT,2026-03-18,1
XMRUSDT,2026-03-18,1
XPLUSDT,2026-03-18,1
XRPUSDT,2026-03-18,1
ZECUSDT,2026-03-18,1
ZROUSDT,2026-03-18,1
1000BONKUSDT,2026-03-19,1
1000PEPEUSDT,2026-03-19,1
AAVEUSDT,2026-03-19,1
ADAUSDT,2026-03-19,1
APTUSDT,2026-03-19,1
ARBUSDT,2026-03-19,1
ARCUSDT,2026-03-19,1
ASTERUSDT,2026-03-19,1
ATOMUSDT,2026-03-19,1
AVAXUSDT,2026-03-19,1
AXSUSDT,2026-03-19,1
BARDUSDT,2026-03-19,1
BCHUSDT,2026-03-19,1
BEATUSDT,2026-03-19,1
BERAUSDT,2026-03-19,1
BNBUSDT,2026-03-19,1
CRVUSDT,2026-03-19,1
DASHUSDT,2026-03-19,1
DOGEUSDT,2026-03-19,1
DOTUSDT,2026-03-19,1
DYDXUSDT,2026-03-19,1
ENAUSDT,2026-03-19,1
ENSOUSDT,2026-03-19,1
ETCUSDT,2026-03-19,1
FARTCOINUSDT,2026-03-19,1
FILUSDT,2026-03-19,1
FLOWUSDT,2026-03-19,1
GALAUSDT,2026-03-19,1
HANAUSDT,2026-03-19,1
HBARUSDT,2026-03-19,1
HUMAUSDT,2026-03-19,1
HUSDT,2026-03-19,1
HYPEUSDT,2026-03-19,1
ICPUSDT,2026-03-19,1
INJUSDT,2026-03-19,1
IPUSDT,2026-03-19,1
JELLYJELLYUSDT,2026-03-19,1
JUPUSDT,2026-03-19,1
KITEUSDT,2026-03-19,1
LDOUSDT,2026-03-19,1
LINKUSDT,2026-03-19,1
LITUSDT,2026-03-19,1
LTCUSDT,2026-03-19,1
LYNUSDT,2026-03-19,1
MNTUSDT,2026-03-19,1
MONUSDT,2026-03-19,1
MOODENGUSDT,2026-03-19,1
MYXUSDT,2026-03-19,1
NEARUSDT,2026-03-19,1
ONDOUSDT,2026-03-19,1
OPUSDT,2026-03-19,1
ORDIUSDT,2026-03-19,1
PAXGUSDT,2026-03-19,1
PENGUUSDT,2026-03-19,1
PHAUSDT,2026-03-19,1
PIPPINUSDT,2026-03-19,1
PIXELUSDT,2026-03-19,1
POLUSDT,2026-03-19,1
POWERUSDT,2026-03-19,1
PUMPFUNUSDT,2026-03-19,1
RAVEUSDT,2026-03-19,1
RENDERUSDT,2026-03-19,1
RESOLVUSDT,2026-03-19,1
RIVERUSDT,2026-03-19,1
SAHARAUSDT,2026-03-19,1
SEIUSDT,2026-03-19,1
SHIB1000USDT,2026-03-19,1
SIGNUSDT,2026-03-19,1
SIRENUSDT,2026-03-19,1
SKRUSDT,2026-03-19,1
SOLUSDT,2026-03-19,1
SPXUSDT,2026-03-19,1
STRKUSDT,2026-03-19,1
SUIUSDT,2026-03-19,1
TAOUSDT,2026-03-19,1
TIAUSDT,2026-03-19,1
TONUSDT,2026-03-19,1
TRIAUSDT,2026-03-19,1
TRUMPUSDT,2026-03-19,1
TRXUSDT,2026-03-19,1
UNIUSDT,2026-03-19,1
VIRTUALUSDT,2026-03-19,1
VVVUSDT,2026-03-19,1
WIFUSDT,2026-03-19,1
WLDUSDT,2026-03-19,1
WLFIUSDT,2026-03-19,1
XAUTUSDT,2026-03-19,1
XLMUSDT,2026-03-19,1
XMRUSDT,2026-03-19,1
XPLUSDT,2026-03-19,1
XRPUSDT,2026-03-19,1
ZECUSDT,2026-03-19,1
ZROUSDT,2026-03-19,1
1000BONKUSDT,2026-03-20,1
1000PEPEUSDT,2026-03-20,1
AAVEUSDT,2026-03-20,1
ADAUSDT,2026-03-20,1
APTUSDT,2026-03-20,1
ARBUSDT,2026-03-20,1
ARCUSDT,2026-03-20,1
ASTERUSDT,2026-03-20,1
ATOMUSDT,2026-03-20,1
AVAXUSDT,2026-03-20,1
AXSUSDT,2026-03-20,1
BARDUSDT,2026-03-20,1
BCHUSDT,2026-03-20,1
BEATUSDT,2026-03-20,1
BERAUSDT,2026-03-20,1
BNBUSDT,2026-03-20,1
CRVUSDT,2026-03-20,1
DASHUSDT,2026-03-20,1
DOGEUSDT,2026-03-20,1
DOTUSDT,2026-03-20,1
DYDXUSDT,2026-03-20,1
ENAUSDT,2026-03-20,1
ENSOUSDT,2026-03-20,1
ETCUSDT,2026-03-20,1
FARTCOINUSDT,2026-03-20,1
FILUSDT,2026-03-20,1
FLOWUSDT,2026-03-20,1
GALAUSDT,2026-03-20,1
HANAUSDT,2026-03-20,1
HBARUSDT,2026-03-20,1
HUMAUSDT,2026-03-20,1
HUSDT,2026-03-20,1
HYPEUSDT,2026-03-20,1
ICPUSDT,2026-03-20,1
INJUSDT,2026-03-20,1
IPUSDT,2026-03-20,1
JELLYJELLYUSDT,2026-03-20,1
JUPUSDT,2026-03-20,1
KITEUSDT,2026-03-20,1
LDOUSDT,2026-03-20,1
LINKUSDT,2026-03-20,1
LITUSDT,2026-03-20,1
LTCUSDT,2026-03-20,1
LYNUSDT,2026-03-20,1
MNTUSDT,2026-03-20,1
MONUSDT,2026-03-20,1
MOODENGUSDT,2026-03-20,1
MYXUSDT,2026-03-20,1
NEARUSDT,2026-03-20,1
ONDOUSDT,2026-03-20,1
OPUSDT,2026-03-20,1
ORDIUSDT,2026-03-20,1
PAXGUSDT,2026-03-20,1
PENGUUSDT,2026-03-20,1
PHAUSDT,2026-03-20,1
PIPPINUSDT,2026-03-20,1
PIXELUSDT,2026-03-20,1
POLUSDT,2026-03-20,1
POWERUSDT,2026-03-20,1
PUMPFUNUSDT,2026-03-20,1
RAVEUSDT,2026-03-20,1
RENDERUSDT,2026-03-20,1
RESOLVUSDT,2026-03-20,1
RIVERUSDT,2026-03-20,1
SAHARAUSDT,2026-03-20,1
SEIUSDT,2026-03-20,1
SHIB1000USDT,2026-03-20,1
SIGNUSDT,2026-03-20,1
SIRENUSDT,2026-03-20,1
SKRUSDT,2026-03-20,1
SOLUSDT,2026-03-20,1
SPXUSDT,2026-03-20,1
STRKUSDT,2026-03-20,1
SUIUSDT,2026-03-20,1
TAOUSDT,2026-03-20,1
TIAUSDT,2026-03-20,1
TONUSDT,2026-03-20,1
TRIAUSDT,2026-03-20,1
TRUMPUSDT,2026-03-20,1
TRXUSDT,2026-03-20,1
UNIUSDT,2026-03-20,1
VIRTUALUSDT,2026-03-20,1
VVVUSDT,2026-03-20,1
WIFUSDT,2026-03-20,1
WLDUSDT,2026-03-20,1
WLFIUSDT,2026-03-20,1
XAUTUSDT,2026-03-20,1
XLMUSDT,2026-03-20,1
XMRUSDT,2026-03-20,1
XPLUSDT,2026-03-20,1
XRPUSDT,2026-03-20,1
ZECUSDT,2026-03-20,1
ZROUSDT,2026-03-20,1
1000BONKUSDT,2026-03-21,1
1000PEPEUSDT,2026-03-21,1
AAVEUSDT,2026-03-21,1
ADAUSDT,2026-03-21,1
APTUSDT,2026-03-21,1
ARBUSDT,2026-03-21,1
ARCUSDT,2026-03-21,1
ASTERUSDT,2026-03-21,1
ATOMUSDT,2026-03-21,1
AVAXUSDT,2026-03-21,1
AXSUSDT,2026-03-21,1
BARDUSDT,2026-03-21,1
BCHUSDT,2026-03-21,1
BEATUSDT,2026-03-21,1
BERAUSDT,2026-03-21,1
BNBUSDT,2026-03-21,1
CRVUSDT,2026-03-21,1
DASHUSDT,2026-03-21,1
DOGEUSDT,2026-03-21,1
DOTUSDT,2026-03-21,1
DYDXUSDT,2026-03-21,1
ENAUSDT,2026-03-21,1
ENSOUSDT,2026-03-21,1
ETCUSDT,2026-03-21,1
FARTCOINUSDT,2026-03-21,1
FILUSDT,2026-03-21,1
FLOWUSDT,2026-03-21,1
GALAUSDT,2026-03-21,1
HANAUSDT,2026-03-21,1
HBARUSDT,2026-03-21,1
HUMAUSDT,2026-03-21,1
HUSDT,2026-03-21,1
HYPEUSDT,2026-03-21,1
ICPUSDT,2026-03-21,1
INJUSDT,2026-03-21,1
IPUSDT,2026-03-21,1
JELLYJELLYUSDT,2026-03-21,1
JUPUSDT,2026-03-21,1
KITEUSDT,2026-03-21,1
LDOUSDT,2026-03-21,1
LINKUSDT,2026-03-21,1
LITUSDT,2026-03-21,1
LTCUSDT,2026-03-21,1
LYNUSDT,2026-03-21,1
MNTUSDT,2026-03-21,1
MONUSDT,2026-03-21,1
MOODENGUSDT,2026-03-21,1
MYXUSDT,2026-03-21,1
NEARUSDT,2026-03-21,1
ONDOUSDT,2026-03-21,1
OPUSDT,2026-03-21,1
PAXGUSDT,2026-03-21,1
PENGUUSDT,2026-03-21,1
PHAUSDT,2026-03-21,1
PIPPINUSDT,2026-03-21,1
PIXELUSDT,2026-03-21,1
POLUSDT,2026-03-21,1
POWERUSDT,2026-03-21,1
PUMPFUNUSDT,2026-03-21,1
RENDERUSDT,2026-03-21,1
RESOLVUSDT,2026-03-21,1
RIVERUSDT,2026-03-21,1
SAHARAUSDT,2026-03-21,1
SEIUSDT,2026-03-21,1
SHIB1000USDT,2026-03-21,1
SIGNUSDT,2026-03-21,1
SIRENUSDT,2026-03-21,1
SKRUSDT,2026-03-21,1
SOLUSDT,2026-03-21,1
SPXUSDT,2026-03-21,1
STRKUSDT,2026-03-21,1
SUIUSDT,2026-03-21,1
TAOUSDT,2026-03-21,1
TIAUSDT,2026-03-21,1
TONUSDT,2026-03-21,1
TRIAUSDT,2026-03-21,1
TRUMPUSDT,2026-03-21,1
TRXUSDT,2026-03-21,1
UNIUSDT,2026-03-21,1
VIRTUALUSDT,2026-03-21,1
VVVUSDT,2026-03-21,1
WIFUSDT,2026-03-21,1
WLDUSDT,2026-03-21,1
WLFIUSDT,2026-03-21,1
XAUTUSDT,2026-03-21,1
XLMUSDT,2026-03-21,1
XMRUSDT,2026-03-21,1
XPLUSDT,2026-03-21,1
XRPUSDT,2026-03-21,1
ZECUSDT,2026-03-21,1
ZROUSDT,2026-03-21,1
1000BONKUSDT,2026-03-22,1
1000PEPEUSDT,2026-03-22,1
AAVEUSDT,2026-03-22,1
ADAUSDT,2026-03-22,1
APTUSDT,2026-03-22,1
ARBUSDT,2026-03-22,1
ARCUSDT,2026-03-22,1
ASTERUSDT,2026-03-22,1
ATOMUSDT,2026-03-22,1
AVAXUSDT,2026-03-22,1
AXSUSDT,2026-03-22,1
BARDUSDT,2026-03-22,1
BCHUSDT,2026-03-22,1
BEATUSDT,2026-03-22,1
BERAUSDT,2026-03-22,1
BNBUSDT,2026-03-22,1
CRVUSDT,2026-03-22,1
DASHUSDT,2026-03-22,1
DOGEUSDT,2026-03-22,1
DOTUSDT,2026-03-22,1
DYDXUSDT,2026-03-22,1
ENAUSDT,2026-03-22,1
ENSOUSDT,2026-03-22,1
ETCUSDT,2026-03-22,1
FARTCOINUSDT,2026-03-22,1
FILUSDT,2026-03-22,1
FLOWUSDT,2026-03-22,1
GALAUSDT,2026-03-22,1
HANAUSDT,2026-03-22,1
HBARUSDT,2026-03-22,1
HUMAUSDT,2026-03-22,1
HUSDT,2026-03-22,1
HYPEUSDT,2026-03-22,1
ICPUSDT,2026-03-22,1
INJUSDT,2026-03-22,1
IPUSDT,2026-03-22,1
JUPUSDT,2026-03-22,1
KITEUSDT,2026-03-22,1
LDOUSDT,2026-03-22,1
LINKUSDT,2026-03-22,1
LITUSDT,2026-03-22,1
LTCUSDT,2026-03-22,1
LYNUSDT,2026-03-22,1
MNTUSDT,2026-03-22,1
MONUSDT,2026-03-22,1
MOODENGUSDT,2026-03-22,1
MYXUSDT,2026-03-22,1
NEARUSDT,2026-03-22,1
ONDOUSDT,2026-03-22,1
OPUSDT,2026-03-22,1
PAXGUSDT,2026-03-22,1
PENGUUSDT,2026-03-22,1
PHAUSDT,2026-03-22,1
PIPPINUSDT,2026-03-22,1
PIXELUSDT,2026-03-22,1
POLUSDT,2026-03-22,1
POWERUSDT,2026-03-22,1
PUMPFUNUSDT,2026-03-22,1
RENDERUSDT,2026-03-22,1
RESOLVUSDT,2026-03-22,1
RIVERUSDT,2026-03-22,1
SAHARAUSDT,2026-03-22,1
SEIUSDT,2026-03-22,1
SHIB1000USDT,2026-03-22,1
SIGNUSDT,2026-03-22,1
SIRENUSDT,2026-03-22,1
SKRUSDT,2026-03-22,1
SOLUSDT,2026-03-22,1
SPXUSDT,2026-03-22,1
STRKUSDT,2026-03-22,1
SUIUSDT,2026-03-22,1
TAOUSDT,2026-03-22,1
TIAUSDT,2026-03-22,1
TONUSDT,2026-03-22,1
TRIAUSDT,2026-03-22,1
TRUMPUSDT,2026-03-22,1
TRXUSDT,2026-03-22,1
UNIUSDT,2026-03-22,1
VIRTUALUSDT,2026-03-22,1
VVVUSDT,2026-03-22,1
WIFUSDT,2026-03-22,1
WLDUSDT,2026-03-22,1
WLFIUSDT,2026-03-22,1
XAUTUSDT,2026-03-22,1
XLMUSDT,2026-03-22,1
XMRUSDT,2026-03-22,1
XPLUSDT,2026-03-22,1
XRPUSDT,2026-03-22,1
ZECUSDT,2026-03-22,1
ZROUSDT,2026-03-22,1
1000BONKUSDT,2026-03-23,1
1000PEPEUSDT,2026-03-23,1
AAVEUSDT,2026-03-23,1
ADAUSDT,2026-03-23,1
APTUSDT,2026-03-23,1
ARBUSDT,2026-03-23,1
ARCUSDT,2026-03-23,1
ASTERUSDT,2026-03-23,1
ATOMUSDT,2026-03-23,1
AVAXUSDT,2026-03-23,1
AXSUSDT,2026-03-23,1
BARDUSDT,2026-03-23,1
BCHUSDT,2026-03-23,1
BEATUSDT,2026-03-23,1
BERAUSDT,2026-03-23,1
BNBUSDT,2026-03-23,1
CRVUSDT,2026-03-23,1
DASHUSDT,2026-03-23,1
DOGEUSDT,2026-03-23,1
DOTUSDT,2026-03-23,1
DYDXUSDT,2026-03-23,1
ENAUSDT,2026-03-23,1
ENSOUSDT,2026-03-23,1
ETCUSDT,2026-03-23,1
FARTCOINUSDT,2026-03-23,1
FILUSDT,2026-03-23,1
FLOWUSDT,2026-03-23,1
GALAUSDT,2026-03-23,1
HANAUSDT,2026-03-23,1
HBARUSDT,2026-03-23,1
HUMAUSDT,2026-03-23,1
HUSDT,2026-03-23,1
HYPEUSDT,2026-03-23,1
ICPUSDT,2026-03-23,1
INJUSDT,2026-03-23,1
IPUSDT,2026-03-23,1
JUPUSDT,2026-03-23,1
KITEUSDT,2026-03-23,1
LDOUSDT,2026-03-23,1
LINKUSDT,2026-03-23,1
LITUSDT,2026-03-23,1
LTCUSDT,2026-03-23,1
LYNUSDT,2026-03-23,1
MNTUSDT,2026-03-23,1
MONUSDT,2026-03-23,1
MOODENGUSDT,2026-03-23,1
MYXUSDT,2026-03-23,1
NEARUSDT,2026-03-23,1
ONDOUSDT,2026-03-23,1
OPUSDT,2026-03-23,1
PAXGUSDT,2026-03-23,1
PENGUUSDT,2026-03-23,1
PHAUSDT,2026-03-23,1
PIPPINUSDT,2026-03-23,1
PIXELUSDT,2026-03-23,1
POLUSDT,2026-03-23,1
POWERUSDT,2026-03-23,1
PUMPFUNUSDT,2026-03-23,1
RENDERUSDT,2026-03-23,1
RESOLVUSDT,2026-03-23,1
RIVERUSDT,2026-03-23,1
SAHARAUSDT,2026-03-23,1
SEIUSDT,2026-03-23,1
SHIB1000USDT,2026-03-23,1
SIGNUSDT,2026-03-23,1
SIRENUSDT,2026-03-23,1
SKRUSDT,2026-03-23,1
SOLUSDT,2026-03-23,1
SPXUSDT,2026-03-23,1
STRKUSDT,2026-03-23,1
SUIUSDT,2026-03-23,1
TAOUSDT,2026-03-23,1
TIAUSDT,2026-03-23,1
TONUSDT,2026-03-23,1
TRIAUSDT,2026-03-23,1
TRUMPUSDT,2026-03-23,1
TRXUSDT,2026-03-23,1
UNIUSDT,2026-03-23,1
VIRTUALUSDT,2026-03-23,1
VVVUSDT,2026-03-23,1
WIFUSDT,2026-03-23,1
WLDUSDT,2026-03-23,1
WLFIUSDT,2026-03-23,1
XAUTUSDT,2026-03-23,1
XLMUSDT,2026-03-23,1
XMRUSDT,2026-03-23,1
XPLUSDT,2026-03-23,1
XRPUSDT,2026-03-23,1
ZECUSDT,2026-03-23,1
ZROUSDT,2026-03-23,1
1000BONKUSDT,2026-03-24,1
1000PEPEUSDT,2026-03-24,1
AAVEUSDT,2026-03-24,1
ADAUSDT,2026-03-24,1
AKTUSDT,2026-03-24,1
APTUSDT,2026-03-24,1
ARBUSDT,2026-03-24,1
ARCUSDT,2026-03-24,1
ASTERUSDT,2026-03-24,1
ATOMUSDT,2026-03-24,1
AVAXUSDT,2026-03-24,1
AXSUSDT,2026-03-24,1
BARDUSDT,2026-03-24,1
BCHUSDT,2026-03-24,1
BEATUSDT,2026-03-24,1
BERAUSDT,2026-03-24,1
BNBUSDT,2026-03-24,1
CRVUSDT,2026-03-24,1
DASHUSDT,2026-03-24,1
DOGEUSDT,2026-03-24,1
DOTUSDT,2026-03-24,1
DYDXUSDT,2026-03-24,1
ENAUSDT,2026-03-24,1
ENSOUSDT,2026-03-24,1
ETCUSDT,2026-03-24,1
FARTCOINUSDT,2026-03-24,1
FILUSDT,2026-03-24,1
FLOWUSDT,2026-03-24,1
GALAUSDT,2026-03-24,1
HANAUSDT,2026-03-24,1
HBARUSDT,2026-03-24,1
HUMAUSDT,2026-03-24,1
HUSDT,2026-03-24,1
HYPEUSDT,2026-03-24,1
ICPUSDT,2026-03-24,1
INJUSDT,2026-03-24,1
IPUSDT,2026-03-24,1
JUPUSDT,2026-03-24,1
KITEUSDT,2026-03-24,1
LDOUSDT,2026-03-24,1
LINKUSDT,2026-03-24,1
LITUSDT,2026-03-24,1
LTCUSDT,2026-03-24,1
LYNUSDT,2026-03-24,1
MNTUSDT,2026-03-24,1
MONUSDT,2026-03-24,1
MOODENGUSDT,2026-03-24,1
MYXUSDT,2026-03-24,1
NEARUSDT,2026-03-24,1
ONDOUSDT,2026-03-24,1
OPUSDT,2026-03-24,1
PAXGUSDT,2026-03-24,1
PENGUUSDT,2026-03-24,1
PHAUSDT,2026-03-24,1
PIPPINUSDT,2026-03-24,1
PIXELUSDT,2026-03-24,1
POLUSDT,2026-03-24,1
POWERUSDT,2026-03-24,1
PUMPFUNUSDT,2026-03-24,1
RENDERUSDT,2026-03-24,1
RESOLVUSDT,2026-03-24,1
RIVERUSDT,2026-03-24,1
SAHARAUSDT,2026-03-24,1
SEIUSDT,2026-03-24,1
SHIB1000USDT,2026-03-24,1
SIGNUSDT,2026-03-24,1
SIRENUSDT,2026-03-24,1
SOLUSDT,2026-03-24,1
SPXUSDT,2026-03-24,1
STRKUSDT,2026-03-24,1
SUIUSDT,2026-03-24,1
TAOUSDT,2026-03-24,1
TIAUSDT,2026-03-24,1
TONUSDT,2026-03-24,1
TRIAUSDT,2026-03-24,1
TRUMPUSDT,2026-03-24,1
TRXUSDT,2026-03-24,1
UNIUSDT,2026-03-24,1
VIRTUALUSDT,2026-03-24,1
VVVUSDT,2026-03-24,1
WIFUSDT,2026-03-24,1
WLDUSDT,2026-03-24,1
WLFIUSDT,2026-03-24,1
XAUTUSDT,2026-03-24,1
XLMUSDT,2026-03-24,1
XMRUSDT,2026-03-24,1
XPLUSDT,2026-03-24,1
XRPUSDT,2026-03-24,1
ZECUSDT,2026-03-24,1
ZROUSDT,2026-03-24,1
1000BONKUSDT,2026-03-25,1
1000PEPEUSDT,2026-03-25,1
AAVEUSDT,2026-03-25,1
ADAUSDT,2026-03-25,1
AKTUSDT,2026-03-25,1
APTUSDT,2026-03-25,1
ARBUSDT,2026-03-25,1
ARCUSDT,2026-03-25,1
ASTERUSDT,2026-03-25,1
ATHUSDT,2026-03-25,1
ATOMUSDT,2026-03-25,1
AVAXUSDT,2026-03-25,1
AXSUSDT,2026-03-25,1
BARDUSDT,2026-03-25,1
BCHUSDT,2026-03-25,1
BEATUSDT,2026-03-25,1
BERAUSDT,2026-03-25,1
BNBUSDT,2026-03-25,1
CRVUSDT,2026-03-25,1
DASHUSDT,2026-03-25,1
DOGEUSDT,2026-03-25,1
DOTUSDT,2026-03-25,1
DYDXUSDT,2026-03-25,1
ENAUSDT,2026-03-25,1
ENSOUSDT,2026-03-25,1
ETCUSDT,2026-03-25,1
FARTCOINUSDT,2026-03-25,1
FILUSDT,2026-03-25,1
FLOWUSDT,2026-03-25,1
GALAUSDT,2026-03-25,1
HANAUSDT,2026-03-25,1
HBARUSDT,2026-03-25,1
HUMAUSDT,2026-03-25,1
HUSDT,2026-03-25,1
HYPEUSDT,2026-03-25,1
ICPUSDT,2026-03-25,1
INJUSDT,2026-03-25,1
IPUSDT,2026-03-25,1
JUPUSDT,2026-03-25,1
KITEUSDT,2026-03-25,1
LDOUSDT,2026-03-25,1
LINKUSDT,2026-03-25,1
LITUSDT,2026-03-25,1
LTCUSDT,2026-03-25,1
LYNUSDT,2026-03-25,1
MNTUSDT,2026-03-25,1
MONUSDT,2026-03-25,1
MOODENGUSDT,2026-03-25,1
MYXUSDT,2026-03-25,1
NEARUSDT,2026-03-25,1
ONDOUSDT,2026-03-25,1
OPUSDT,2026-03-25,1
PAXGUSDT,2026-03-25,1
PENGUUSDT,2026-03-25,1
PHAUSDT,2026-03-25,1
PIPPINUSDT,2026-03-25,1
PIXELUSDT,2026-03-25,1
POLUSDT,2026-03-25,1
POWERUSDT,2026-03-25,1
PUMPFUNUSDT,2026-03-25,1
RENDERUSDT,2026-03-25,1
RESOLVUSDT,2026-03-25,1
RIVERUSDT,2026-03-25,1
SAHARAUSDT,2026-03-25,1
SEIUSDT,2026-03-25,1
SHIB1000USDT,2026-03-25,1
SIGNUSDT,2026-03-25,1
SIRENUSDT,2026-03-25,1
SOLUSDT,2026-03-25,1
SPXUSDT,2026-03-25,1
STRKUSDT,2026-03-25,1
SUIUSDT,2026-03-25,1
TAOUSDT,2026-03-25,1
TIAUSDT,2026-03-25,1
TONUSDT,2026-03-25,1
TRIAUSDT,2026-03-25,1
TRUMPUSDT,2026-03-25,1
TRXUSDT,2026-03-25,1
UNIUSDT,2026-03-25,1
VIRTUALUSDT,2026-03-25,1
VVVUSDT,2026-03-25,1
WIFUSDT,2026-03-25,1
WLDUSDT,2026-03-25,1
WLFIUSDT,2026-03-25,1
XAUTUSDT,2026-03-25,1
XLMUSDT,2026-03-25,1
XMRUSDT,2026-03-25,1
XPLUSDT,2026-03-25,1
XRPUSDT,2026-03-25,1
ZECUSDT,2026-03-25,1
ZROUSDT,2026-03-25,1
1000BONKUSDT,2026-03-26,1
1000PEPEUSDT,2026-03-26,1
AAVEUSDT,2026-03-26,1
ADAUSDT,2026-03-26,1
AKTUSDT,2026-03-26,1
APTUSDT,2026-03-26,1
ARBUSDT,2026-03-26,1
ARCUSDT,2026-03-26,1
ASTERUSDT,2026-03-26,1
ATHUSDT,2026-03-26,1
ATOMUSDT,2026-03-26,1
AVAXUSDT,2026-03-26,1
AXSUSDT,2026-03-26,1
BARDUSDT,2026-03-26,1
BCHUSDT,2026-03-26,1
BEATUSDT,2026-03-26,1
BERAUSDT,2026-03-26,1
BNBUSDT,2026-03-26,1
BTRUSDT,2026-03-26,1
CRVUSDT,2026-03-26,1
DASHUSDT,2026-03-26,1
DOGEUSDT,2026-03-26,1
DOTUSDT,2026-03-26,1
DYDXUSDT,2026-03-26,1
ENAUSDT,2026-03-26,1
ENSOUSDT,2026-03-26,1
ETCUSDT,2026-03-26,1
ETHFIUSDT,2026-03-26,1
FARTCOINUSDT,2026-03-26,1
FILUSDT,2026-03-26,1
FLOWUSDT,2026-03-26,1
GALAUSDT,2026-03-26,1
HANAUSDT,2026-03-26,1
HBARUSDT,2026-03-26,1
HUMAUSDT,2026-03-26,1
HUSDT,2026-03-26,1
HYPEUSDT,2026-03-26,1
ICPUSDT,2026-03-26,1
INJUSDT,2026-03-26,1
IPUSDT,2026-03-26,1
JUPUSDT,2026-03-26,1
KITEUSDT,2026-03-26,1
LDOUSDT,2026-03-26,1
LINKUSDT,2026-03-26,1
LITUSDT,2026-03-26,1
LTCUSDT,2026-03-26,1
LYNUSDT,2026-03-26,1
MNTUSDT,2026-03-26,1
MONUSDT,2026-03-26,1
MOODENGUSDT,2026-03-26,1
MYXUSDT,2026-03-26,1
NEARUSDT,2026-03-26,1
ONDOUSDT,2026-03-26,1
OPUSDT,2026-03-26,1
PAXGUSDT,2026-03-26,1
PENGUUSDT,2026-03-26,1
PHAUSDT,2026-03-26,1
PIPPINUSDT,2026-03-26,1
PIXELUSDT,2026-03-26,1
POLUSDT,2026-03-26,1
POWERUSDT,2026-03-26,1
PUMPFUNUSDT,2026-03-26,1
RENDERUSDT,2026-03-26,1
RESOLVUSDT,2026-03-26,1
RIVERUSDT,2026-03-26,1
SAHARAUSDT,2026-03-26,1
SEIUSDT,2026-03-26,1
SHIB1000USDT,2026-03-26,1
SIGNUSDT,2026-03-26,1
SIRENUSDT,2026-03-26,1
SOLUSDT,2026-03-26,1
SPXUSDT,2026-03-26,1
STRKUSDT,2026-03-26,1
SUIUSDT,2026-03-26,1
TAOUSDT,2026-03-26,1
TIAUSDT,2026-03-26,1
TONUSDT,2026-03-26,1
TRIAUSDT,2026-03-26,1
TRUMPUSDT,2026-03-26,1
TRXUSDT,2026-03-26,1
UNIUSDT,2026-03-26,1
VIRTUALUSDT,2026-03-26,1
VVVUSDT,2026-03-26,1
WIFUSDT,2026-03-26,1
WLDUSDT,2026-03-26,1
WLFIUSDT,2026-03-26,1
XAUTUSDT,2026-03-26,1
XLMUSDT,2026-03-26,1
XMRUSDT,2026-03-26,1
XPLUSDT,2026-03-26,1
XRPUSDT,2026-03-26,1
ZECUSDT,2026-03-26,1
ZROUSDT,2026-03-26,1
1000BONKUSDT,2026-03-27,1
1000PEPEUSDT,2026-03-27,1
AAVEUSDT,2026-03-27,1
ADAUSDT,2026-03-27,1
AKTUSDT,2026-03-27,1
APTUSDT,2026-03-27,1
ARBUSDT,2026-03-27,1
ARCUSDT,2026-03-27,1
ASTERUSDT,2026-03-27,1
ATHUSDT,2026-03-27,1
ATOMUSDT,2026-03-27,1
AVAXUSDT,2026-03-27,1
AXSUSDT,2026-03-27,1
BARDUSDT,2026-03-27,1
BCHUSDT,2026-03-27,1
BEATUSDT,2026-03-27,1
BERAUSDT,2026-03-27,1
BNBUSDT,2026-03-27,1
BTRUSDT,2026-03-27,1
CRVUSDT,2026-03-27,1
DASHUSDT,2026-03-27,1
DOGEUSDT,2026-03-27,1
DOTUSDT,2026-03-27,1
DYDXUSDT,2026-03-27,1
ENAUSDT,2026-03-27,1
ENSOUSDT,2026-03-27,1
ETCUSDT,2026-03-27,1
ETHFIUSDT,2026-03-27,1
FARTCOINUSDT,2026-03-27,1
FILUSDT,2026-03-27,1
FLOWUSDT,2026-03-27,1
GALAUSDT,2026-03-27,1
HANAUSDT,2026-03-27,1
HBARUSDT,2026-03-27,1
HUMAUSDT,2026-03-27,1
HUSDT,2026-03-27,1
HYPEUSDT,2026-03-27,1
ICPUSDT,2026-03-27,1
INJUSDT,2026-03-27,1
IPUSDT,2026-03-27,1
JCTUSDT,2026-03-27,1
JUPUSDT,2026-03-27,1
KITEUSDT,2026-03-27,1
LDOUSDT,2026-03-27,1
LINKUSDT,2026-03-27,1
LITUSDT,2026-03-27,1
LTCUSDT,2026-03-27,1
LYNUSDT,2026-03-27,1
MNTUSDT,2026-03-27,1
MONUSDT,2026-03-27,1
MOODENGUSDT,2026-03-27,1
MYXUSDT,2026-03-27,1
NEARUSDT,2026-03-27,1
ONDOUSDT,2026-03-27,1
OPUSDT,2026-03-27,1
PAXGUSDT,2026-03-27,1
PENGUUSDT,2026-03-27,1
PHAUSDT,2026-03-27,1
PIPPINUSDT,2026-03-27,1
PIXELUSDT,2026-03-27,1
POLUSDT,2026-03-27,1
POWERUSDT,2026-03-27,1
PUMPFUNUSDT,2026-03-27,1
RENDERUSDT,2026-03-27,1
RESOLVUSDT,2026-03-27,1
RIVERUSDT,2026-03-27,1
SAHARAUSDT,2026-03-27,1
SEIUSDT,2026-03-27,1
SHIB1000USDT,2026-03-27,1
SIGNUSDT,2026-03-27,1
SIRENUSDT,2026-03-27,1
SOLUSDT,2026-03-27,1
SPXUSDT,2026-03-27,1
STRKUSDT,2026-03-27,1
SUIUSDT,2026-03-27,1
TAOUSDT,2026-03-27,1
TIAUSDT,2026-03-27,1
TONUSDT,2026-03-27,1
TRIAUSDT,2026-03-27,1
TRUMPUSDT,2026-03-27,1
TRXUSDT,2026-03-27,1
UNIUSDT,2026-03-27,1
VIRTUALUSDT,2026-03-27,1
VVVUSDT,2026-03-27,1
WIFUSDT,2026-03-27,1
WLDUSDT,2026-03-27,1
WLFIUSDT,2026-03-27,1
XAUTUSDT,2026-03-27,1
XLMUSDT,2026-03-27,1
XMRUSDT,2026-03-27,1
XPLUSDT,2026-03-27,1
XRPUSDT,2026-03-27,1
ZECUSDT,2026-03-27,1
ZROUSDT,2026-03-27,1
1000BONKUSDT,2026-03-28,1
1000PEPEUSDT,2026-03-28,1
AAVEUSDT,2026-03-28,1
ADAUSDT,2026-03-28,1
AKTUSDT,2026-03-28,1
APTUSDT,2026-03-28,1
ARBUSDT,2026-03-28,1
ARCUSDT,2026-03-28,1
ASTERUSDT,2026-03-28,1
ATHUSDT,2026-03-28,1
ATOMUSDT,2026-03-28,1
AVAXUSDT,2026-03-28,1
AXSUSDT,2026-03-28,1
BARDUSDT,2026-03-28,1
BCHUSDT,2026-03-28,1
BEATUSDT,2026-03-28,1
BERAUSDT,2026-03-28,1
BNBUSDT,2026-03-28,1
BTRUSDT,2026-03-28,1
CRVUSDT,2026-03-28,1
DASHUSDT,2026-03-28,1
DOGEUSDT,2026-03-28,1
DOTUSDT,2026-03-28,1
DYDXUSDT,2026-03-28,1
ENAUSDT,2026-03-28,1
ENSOUSDT,2026-03-28,1
ETCUSDT,2026-03-28,1
ETHFIUSDT,2026-03-28,1
FARTCOINUSDT,2026-03-28,1
FILUSDT,2026-03-28,1
FLOWUSDT,2026-03-28,1
GALAUSDT,2026-03-28,1
HANAUSDT,2026-03-28,1
HBARUSDT,2026-03-28,1
HUMAUSDT,2026-03-28,1
HUSDT,2026-03-28,1
HYPEUSDT,2026-03-28,1
ICPUSDT,2026-03-28,1
INJUSDT,2026-03-28,1
IPUSDT,2026-03-28,1
JCTUSDT,2026-03-28,1
JUPUSDT,2026-03-28,1
KITEUSDT,2026-03-28,1
LDOUSDT,2026-03-28,1
LINKUSDT,2026-03-28,1
LITUSDT,2026-03-28,1
LTCUSDT,2026-03-28,1
LYNUSDT,2026-03-28,1
MNTUSDT,2026-03-28,1
MONUSDT,2026-03-28,1
MOODENGUSDT,2026-03-28,1
MYXUSDT,2026-03-28,1
NEARUSDT,2026-03-28,1
ONDOUSDT,2026-03-28,1
OPUSDT,2026-03-28,1
PAXGUSDT,2026-03-28,1
PENGUUSDT,2026-03-28,1
PHAUSDT,2026-03-28,1
PIPPINUSDT,2026-03-28,1
PIXELUSDT,2026-03-28,1
POLUSDT,2026-03-28,1
POWERUSDT,2026-03-28,1
PUMPFUNUSDT,2026-03-28,1
RENDERUSDT,2026-03-28,1
RESOLVUSDT,2026-03-28,1
RIVERUSDT,2026-03-28,1
SAHARAUSDT,2026-03-28,1
SEIUSDT,2026-03-28,1
SHIB1000USDT,2026-03-28,1
SIGNUSDT,2026-03-28,1
SIRENUSDT,2026-03-28,1
SOLUSDT,2026-03-28,1
SPXUSDT,2026-03-28,1
STRKUSDT,2026-03-28,1
SUIUSDT,2026-03-28,1
TAOUSDT,2026-03-28,1
TIAUSDT,2026-03-28,1
TONUSDT,2026-03-28,1
TRIAUSDT,2026-03-28,1
TRUMPUSDT,2026-03-28,1
TRXUSDT,2026-03-28,1
UNIUSDT,2026-03-28,1
VIRTUALUSDT,2026-03-28,1
VVVUSDT,2026-03-28,1
WIFUSDT,2026-03-28,1
WLDUSDT,2026-03-28,1
WLFIUSDT,2026-03-28,1
XAUTUSDT,2026-03-28,1
XLMUSDT,2026-03-28,1
XMRUSDT,2026-03-28,1
XPLUSDT,2026-03-28,1
XRPUSDT,2026-03-28,1
ZECUSDT,2026-03-28,1
ZROUSDT,2026-03-28,1
1000BONKUSDT,2026-03-29,1
1000PEPEUSDT,2026-03-29,1
AAVEUSDT,2026-03-29,1
ADAUSDT,2026-03-29,1
AKTUSDT,2026-03-29,1
APTUSDT,2026-03-29,1
ARBUSDT,2026-03-29,1
ARCUSDT,2026-03-29,1
ARIAUSDT,2026-03-29,1
ASTERUSDT,2026-03-29,1
ATHUSDT,2026-03-29,1
ATOMUSDT,2026-03-29,1
AVAXUSDT,2026-03-29,1
AXSUSDT,2026-03-29,1
BARDUSDT,2026-03-29,1
BCHUSDT,2026-03-29,1
BEATUSDT,2026-03-29,1
BERAUSDT,2026-03-29,1
BNBUSDT,2026-03-29,1
BRUSDT,2026-03-29,1
BTRUSDT,2026-03-29,1
CRVUSDT,2026-03-29,1
DASHUSDT,2026-03-29,1
DOGEUSDT,2026-03-29,1
DOTUSDT,2026-03-29,1
DYDXUSDT,2026-03-29,1
ENAUSDT,2026-03-29,1
ENSOUSDT,2026-03-29,1
ETCUSDT,2026-03-29,1
ETHFIUSDT,2026-03-29,1
FARTCOINUSDT,2026-03-29,1
FILUSDT,2026-03-29,1
FLOWUSDT,2026-03-29,1
GALAUSDT,2026-03-29,1
HANAUSDT,2026-03-29,1
HBARUSDT,2026-03-29,1
HUMAUSDT,2026-03-29,1
HUSDT,2026-03-29,1
HYPEUSDT,2026-03-29,1
ICPUSDT,2026-03-29,1
INJUSDT,2026-03-29,1
IPUSDT,2026-03-29,1
JCTUSDT,2026-03-29,1
JUPUSDT,2026-03-29,1
KITEUSDT,2026-03-29,1
LDOUSDT,2026-03-29,1
LINKUSDT,2026-03-29,1
LITUSDT,2026-03-29,1
LTCUSDT,2026-03-29,1
LYNUSDT,2026-03-29,1
MNTUSDT,2026-03-29,1
MONUSDT,2026-03-29,1
MOODENGUSDT,2026-03-29,1
MYXUSDT,2026-03-29,1
NEARUSDT,2026-03-29,1
ONDOUSDT,2026-03-29,1
OPUSDT,2026-03-29,1
PAXGUSDT,2026-03-29,1
PENGUUSDT,2026-03-29,1
PIPPINUSDT,2026-03-29,1
PIXELUSDT,2026-03-29,1
POLUSDT,2026-03-29,1
POWERUSDT,2026-03-29,1
PUMPFUNUSDT,2026-03-29,1
RENDERUSDT,2026-03-29,1
RESOLVUSDT,2026-03-29,1
RIVERUSDT,2026-03-29,1
SAHARAUSDT,2026-03-29,1
SEIUSDT,2026-03-29,1
SHIB1000USDT,2026-03-29,1
SIGNUSDT,2026-03-29,1
SIRENUSDT,2026-03-29,1
SOLUSDT,2026-03-29,1
SPXUSDT,2026-03-29,1
STRKUSDT,2026-03-29,1
SUIUSDT,2026-03-29,1
TAOUSDT,2026-03-29,1
TIAUSDT,2026-03-29,1
TONUSDT,2026-03-29,1
TRIAUSDT,2026-03-29,1
TRUMPUSDT,2026-03-29,1
TRXUSDT,2026-03-29,1
UNIUSDT,2026-03-29,1
VIRTUALUSDT,2026-03-29,1
VVVUSDT,2026-03-29,1
WIFUSDT,2026-03-29,1
WLDUSDT,2026-03-29,1
WLFIUSDT,2026-03-29,1
XAUTUSDT,2026-03-29,1
XLMUSDT,2026-03-29,1
XMRUSDT,2026-03-29,1
XPLUSDT,2026-03-29,1
XRPUSDT,2026-03-29,1
ZECUSDT,2026-03-29,1
ZROUSDT,2026-03-29,1
1000BONKUSDT,2026-03-30,1
1000PEPEUSDT,2026-03-30,1
AAVEUSDT,2026-03-30,1
ADAUSDT,2026-03-30,1
AKTUSDT,2026-03-30,1
APTUSDT,2026-03-30,1
ARBUSDT,2026-03-30,1
ARCUSDT,2026-03-30,1
ARIAUSDT,2026-03-30,1
ASTERUSDT,2026-03-30,1
ATHUSDT,2026-03-30,1
ATOMUSDT,2026-03-30,1
AVAXUSDT,2026-03-30,1
AXSUSDT,2026-03-30,1
BARDUSDT,2026-03-30,1
BCHUSDT,2026-03-30,1
BEATUSDT,2026-03-30,1
BERAUSDT,2026-03-30,1
BNBUSDT,2026-03-30,1
BRUSDT,2026-03-30,1
BTRUSDT,2026-03-30,1
CRVUSDT,2026-03-30,1
DASHUSDT,2026-03-30,1
DOGEUSDT,2026-03-30,1
DOTUSDT,2026-03-30,1
DYDXUSDT,2026-03-30,1
ENAUSDT,2026-03-30,1
ENSOUSDT,2026-03-30,1
ETCUSDT,2026-03-30,1
ETHFIUSDT,2026-03-30,1
FARTCOINUSDT,2026-03-30,1
FILUSDT,2026-03-30,1
FLOWUSDT,2026-03-30,1
GALAUSDT,2026-03-30,1
HANAUSDT,2026-03-30,1
HBARUSDT,2026-03-30,1
HUMAUSDT,2026-03-30,1
HUSDT,2026-03-30,1
HYPEUSDT,2026-03-30,1
ICPUSDT,2026-03-30,1
INJUSDT,2026-03-30,1
IPUSDT,2026-03-30,1
JCTUSDT,2026-03-30,1
JUPUSDT,2026-03-30,1
KITEUSDT,2026-03-30,1
LDOUSDT,2026-03-30,1
LINKUSDT,2026-03-30,1
LITUSDT,2026-03-30,1
LTCUSDT,2026-03-30,1
LYNUSDT,2026-03-30,1
MNTUSDT,2026-03-30,1
MONUSDT,2026-03-30,1
MOODENGUSDT,2026-03-30,1
MYXUSDT,2026-03-30,1
NEARUSDT,2026-03-30,1
ONDOUSDT,2026-03-30,1
OPUSDT,2026-03-30,1
PAXGUSDT,2026-03-30,1
PENGUUSDT,2026-03-30,1
PIPPINUSDT,2026-03-30,1
PIXELUSDT,2026-03-30,1
POLUSDT,2026-03-30,1
POWERUSDT,2026-03-30,1
PUMPFUNUSDT,2026-03-30,1
RENDERUSDT,2026-03-30,1
RESOLVUSDT,2026-03-30,1
RIVERUSDT,2026-03-30,1
SAHARAUSDT,2026-03-30,1
SEIUSDT,2026-03-30,1
SHIB1000USDT,2026-03-30,1
SIGNUSDT,2026-03-30,1
SIRENUSDT,2026-03-30,1
SOLUSDT,2026-03-30,1
SPXUSDT,2026-03-30,1
STRKUSDT,2026-03-30,1
SUIUSDT,2026-03-30,1
TAOUSDT,2026-03-30,1
TIAUSDT,2026-03-30,1
TONUSDT,2026-03-30,1
TRIAUSDT,2026-03-30,1
TRUMPUSDT,2026-03-30,1
TRXUSDT,2026-03-30,1
UNIUSDT,2026-03-30,1
VIRTUALUSDT,2026-03-30,1
VVVUSDT,2026-03-30,1
WIFUSDT,2026-03-30,1
WLDUSDT,2026-03-30,1
WLFIUSDT,2026-03-30,1
XAUTUSDT,2026-03-30,1
XLMUSDT,2026-03-30,1
XMRUSDT,2026-03-30,1
XPLUSDT,2026-03-30,1
XRPUSDT,2026-03-30,1
ZECUSDT,2026-03-30,1
ZROUSDT,2026-03-30,1
1000BONKUSDT,2026-03-31,1
1000PEPEUSDT,2026-03-31,1
AAVEUSDT,2026-03-31,1
ADAUSDT,2026-03-31,1
AKTUSDT,2026-03-31,1
APTUSDT,2026-03-31,1
ARBUSDT,2026-03-31,1
ARCUSDT,2026-03-31,1
ARIAUSDT,2026-03-31,1
ASTERUSDT,2026-03-31,1
ATHUSDT,2026-03-31,1
ATOMUSDT,2026-03-31,1
AVAXUSDT,2026-03-31,1
AXSUSDT,2026-03-31,1
BARDUSDT,2026-03-31,1
BCHUSDT,2026-03-31,1
BEATUSDT,2026-03-31,1
BERAUSDT,2026-03-31,1
BNBUSDT,2026-03-31,1
BRUSDT,2026-03-31,1
BTRUSDT,2026-03-31,1
CRVUSDT,2026-03-31,1
DASHUSDT,2026-03-31,1
DOGEUSDT,2026-03-31,1
DOTUSDT,2026-03-31,1
DYDXUSDT,2026-03-31,1
ENAUSDT,2026-03-31,1
ENSOUSDT,2026-03-31,1
ETCUSDT,2026-03-31,1
ETHFIUSDT,2026-03-31,1
FARTCOINUSDT,2026-03-31,1
FILUSDT,2026-03-31,1
GALAUSDT,2026-03-31,1
HANAUSDT,2026-03-31,1
HBARUSDT,2026-03-31,1
HUMAUSDT,2026-03-31,1
HUSDT,2026-03-31,1
HYPEUSDT,2026-03-31,1
ICPUSDT,2026-03-31,1
INJUSDT,2026-03-31,1
IPUSDT,2026-03-31,1
JCTUSDT,2026-03-31,1
JUPUSDT,2026-03-31,1
KITEUSDT,2026-03-31,1
LDOUSDT,2026-03-31,1
LINKUSDT,2026-03-31,1
LITUSDT,2026-03-31,1
LTCUSDT,2026-03-31,1
LYNUSDT,2026-03-31,1
MNTUSDT,2026-03-31,1
MONUSDT,2026-03-31,1
MOODENGUSDT,2026-03-31,1
MYXUSDT,2026-03-31,1
NEARUSDT,2026-03-31,1
ONDOUSDT,2026-03-31,1
ONTUSDT,2026-03-31,1
OPUSDT,2026-03-31,1
PAXGUSDT,2026-03-31,1
PENGUUSDT,2026-03-31,1
PIPPINUSDT,2026-03-31,1
PIXELUSDT,2026-03-31,1
POLUSDT,2026-03-31,1
POWERUSDT,2026-03-31,1
PUMPFUNUSDT,2026-03-31,1
RENDERUSDT,2026-03-31,1
RESOLVUSDT,2026-03-31,1
RIVERUSDT,2026-03-31,1
SAHARAUSDT,2026-03-31,1
SEIUSDT,2026-03-31,1
SHIB1000USDT,2026-03-31,1
SIGNUSDT,2026-03-31,1
SIRENUSDT,2026-03-31,1
SOLUSDT,2026-03-31,1
SPXUSDT,2026-03-31,1
STRKUSDT,2026-03-31,1
SUIUSDT,2026-03-31,1
TAOUSDT,2026-03-31,1
TIAUSDT,2026-03-31,1
TONUSDT,2026-03-31,1
TRIAUSDT,2026-03-31,1
TRUMPUSDT,2026-03-31,1
TRXUSDT,2026-03-31,1
UNIUSDT,2026-03-31,1
VIRTUALUSDT,2026-03-31,1
VVVUSDT,2026-03-31,1
WIFUSDT,2026-03-31,1
WLDUSDT,2026-03-31,1
WLFIUSDT,2026-03-31,1
XAUTUSDT,2026-03-31,1
XLMUSDT,2026-03-31,1
XMRUSDT,2026-03-31,1
XPLUSDT,2026-03-31,1
XRPUSDT,2026-03-31,1
ZECUSDT,2026-03-31,1
ZROUSDT,2026-03-31,1
1000BONKUSDT,2026-04-01,1
1000PEPEUSDT,2026-04-01,1
AAVEUSDT,2026-04-01,1
ADAUSDT,2026-04-01,1
AKTUSDT,2026-04-01,1
APTUSDT,2026-04-01,1
ARBUSDT,2026-04-01,1
ARCUSDT,2026-04-01,1
ARIAUSDT,2026-04-01,1
ASTERUSDT,2026-04-01,1
ATHUSDT,2026-04-01,1
ATOMUSDT,2026-04-01,1
AVAXUSDT,2026-04-01,1
AXSUSDT,2026-04-01,1
BARDUSDT,2026-04-01,1
BCHUSDT,2026-04-01,1
BEATUSDT,2026-04-01,1
BERAUSDT,2026-04-01,1
BNBUSDT,2026-04-01,1
BRUSDT,2026-04-01,1
BTRUSDT,2026-04-01,1
CRVUSDT,2026-04-01,1
DASHUSDT,2026-04-01,1
DOGEUSDT,2026-04-01,1
DOTUSDT,2026-04-01,1
DYDXUSDT,2026-04-01,1
ENAUSDT,2026-04-01,1
ENSOUSDT,2026-04-01,1
ETCUSDT,2026-04-01,1
ETHFIUSDT,2026-04-01,1
FARTCOINUSDT,2026-04-01,1
FILUSDT,2026-04-01,1
GALAUSDT,2026-04-01,1
HANAUSDT,2026-04-01,1
HBARUSDT,2026-04-01,1
HUMAUSDT,2026-04-01,1
HUSDT,2026-04-01,1
HYPEUSDT,2026-04-01,1
ICPUSDT,2026-04-01,1
INJUSDT,2026-04-01,1
IPUSDT,2026-04-01,1
JCTUSDT,2026-04-01,1
JUPUSDT,2026-04-01,1
KITEUSDT,2026-04-01,1
LDOUSDT,2026-04-01,1
LINKUSDT,2026-04-01,1
LITUSDT,2026-04-01,1
LTCUSDT,2026-04-01,1
LYNUSDT,2026-04-01,1
MNTUSDT,2026-04-01,1
MONUSDT,2026-04-01,1
MOODENGUSDT,2026-04-01,1
MUSDT,2026-04-01,1
MYXUSDT,2026-04-01,1
NEARUSDT,2026-04-01,1
ONDOUSDT,2026-04-01,1
ONTUSDT,2026-04-01,1
OPUSDT,2026-04-01,1
PAXGUSDT,2026-04-01,1
PENGUUSDT,2026-04-01,1
PIPPINUSDT,2026-04-01,1
PIXELUSDT,2026-04-01,1
POLUSDT,2026-04-01,1
POWERUSDT,2026-04-01,1
PUMPFUNUSDT,2026-04-01,1
RENDERUSDT,2026-04-01,1
RESOLVUSDT,2026-04-01,1
RIVERUSDT,2026-04-01,1
SAHARAUSDT,2026-04-01,1
SEIUSDT,2026-04-01,1
SHIB1000USDT,2026-04-01,1
SIGNUSDT,2026-04-01,1
SIRENUSDT,2026-04-01,1
SOLUSDT,2026-04-01,1
SPXUSDT,2026-04-01,1
STRKUSDT,2026-04-01,1
SUIUSDT,2026-04-01,1
TAOUSDT,2026-04-01,1
TIAUSDT,2026-04-01,1
TONUSDT,2026-04-01,1
TRIAUSDT,2026-04-01,1
TRUMPUSDT,2026-04-01,1
TRXUSDT,2026-04-01,1
UNIUSDT,2026-04-01,1
VIRTUALUSDT,2026-04-01,1
VVVUSDT,2026-04-01,1
WIFUSDT,2026-04-01,1
WLDUSDT,2026-04-01,1
WLFIUSDT,2026-04-01,1
XAUTUSDT,2026-04-01,1
XLMUSDT,2026-04-01,1
XMRUSDT,2026-04-01,1
XPLUSDT,2026-04-01,1
XRPUSDT,2026-04-01,1
ZECUSDT,2026-04-01,1
ZROUSDT,2026-04-01,1
1000BONKUSDT,2026-04-02,1
1000PEPEUSDT,2026-04-02,1
AAVEUSDT,2026-04-02,1
ADAUSDT,2026-04-02,1
AKTUSDT,2026-04-02,1
APTUSDT,2026-04-02,1
ARBUSDT,2026-04-02,1
ARCUSDT,2026-04-02,1
ARIAUSDT,2026-04-02,1
ASTERUSDT,2026-04-02,1
ATHUSDT,2026-04-02,1
ATOMUSDT,2026-04-02,1
AVAXUSDT,2026-04-02,1
AXSUSDT,2026-04-02,1
BARDUSDT,2026-04-02,1
BCHUSDT,2026-04-02,1
BEATUSDT,2026-04-02,1
BERAUSDT,2026-04-02,1
BNBUSDT,2026-04-02,1
BRUSDT,2026-04-02,1
BTRUSDT,2026-04-02,1
CRVUSDT,2026-04-02,1
DASHUSDT,2026-04-02,1
DOGEUSDT,2026-04-02,1
DOTUSDT,2026-04-02,1
DYDXUSDT,2026-04-02,1
ENAUSDT,2026-04-02,1
ENSOUSDT,2026-04-02,1
ETCUSDT,2026-04-02,1
ETHFIUSDT,2026-04-02,1
FARTCOINUSDT,2026-04-02,1
FILUSDT,2026-04-02,1
GALAUSDT,2026-04-02,1
HANAUSDT,2026-04-02,1
HBARUSDT,2026-04-02,1
HUMAUSDT,2026-04-02,1
HUSDT,2026-04-02,1
HYPEUSDT,2026-04-02,1
ICPUSDT,2026-04-02,1
INJUSDT,2026-04-02,1
IPUSDT,2026-04-02,1
JCTUSDT,2026-04-02,1
JUPUSDT,2026-04-02,1
KITEUSDT,2026-04-02,1
LDOUSDT,2026-04-02,1
LINKUSDT,2026-04-02,1
LITUSDT,2026-04-02,1
LTCUSDT,2026-04-02,1
LYNUSDT,2026-04-02,1
MNTUSDT,2026-04-02,1
MONUSDT,2026-04-02,1
MOODENGUSDT,2026-04-02,1
MUSDT,2026-04-02,1
MYXUSDT,2026-04-02,1
NEARUSDT,2026-04-02,1
ONDOUSDT,2026-04-02,1
ONTUSDT,2026-04-02,1
OPUSDT,2026-04-02,1
PAXGUSDT,2026-04-02,1
PENGUUSDT,2026-04-02,1
PIPPINUSDT,2026-04-02,1
PIXELUSDT,2026-04-02,1
POLUSDT,2026-04-02,1
POWERUSDT,2026-04-02,1
PUMPFUNUSDT,2026-04-02,1
RENDERUSDT,2026-04-02,1
RESOLVUSDT,2026-04-02,1
RIVERUSDT,2026-04-02,1
SAHARAUSDT,2026-04-02,1
SEIUSDT,2026-04-02,1
SHIB1000USDT,2026-04-02,1
SIGNUSDT,2026-04-02,1
SIRENUSDT,2026-04-02,1
SOLUSDT,2026-04-02,1
SPXUSDT,2026-04-02,1
STOUSDT,2026-04-02,1
STRKUSDT,2026-04-02,1
SUIUSDT,2026-04-02,1
TAOUSDT,2026-04-02,1
TIAUSDT,2026-04-02,1
TONUSDT,2026-04-02,1
TRIAUSDT,2026-04-02,1
TRUMPUSDT,2026-04-02,1
TRXUSDT,2026-04-02,1
UNIUSDT,2026-04-02,1
VIRTUALUSDT,2026-04-02,1
VVVUSDT,2026-04-02,1
WIFUSDT,2026-04-02,1
WLDUSDT,2026-04-02,1
WLFIUSDT,2026-04-02,1
XAUTUSDT,2026-04-02,1
XLMUSDT,2026-04-02,1
XMRUSDT,2026-04-02,1
XPLUSDT,2026-04-02,1
XRPUSDT,2026-04-02,1
ZECUSDT,2026-04-02,1
ZROUSDT,2026-04-02,1
1000BONKUSDT,2026-04-03,1
1000PEPEUSDT,2026-04-03,1
AAVEUSDT,2026-04-03,1
ADAUSDT,2026-04-03,1
AKTUSDT,2026-04-03,1
APTUSDT,2026-04-03,1
ARBUSDT,2026-04-03,1
ARCUSDT,2026-04-03,1
ARIAUSDT,2026-04-03,1
ASTERUSDT,2026-04-03,1
ATHUSDT,2026-04-03,1
ATOMUSDT,2026-04-03,1
AVAXUSDT,2026-04-03,1
AXSUSDT,2026-04-03,1
BARDUSDT,2026-04-03,1
BCHUSDT,2026-04-03,1
BEATUSDT,2026-04-03,1
BERAUSDT,2026-04-03,1
BNBUSDT,2026-04-03,1
BRUSDT,2026-04-03,1
BTRUSDT,2026-04-03,1
CRVUSDT,2026-04-03,1
DASHUSDT,2026-04-03,1
DOGEUSDT,2026-04-03,1
DOTUSDT,2026-04-03,1
DYDXUSDT,2026-04-03,1
ENAUSDT,2026-04-03,1
ENSOUSDT,2026-04-03,1
ETCUSDT,2026-04-03,1
ETHFIUSDT,2026-04-03,1
FARTCOINUSDT,2026-04-03,1
FILUSDT,2026-04-03,1
GALAUSDT,2026-04-03,1
HANAUSDT,2026-04-03,1
HBARUSDT,2026-04-03,1
HUMAUSDT,2026-04-03,1
HUSDT,2026-04-03,1
HYPEUSDT,2026-04-03,1
ICPUSDT,2026-04-03,1
INJUSDT,2026-04-03,1
IPUSDT,2026-04-03,1
JCTUSDT,2026-04-03,1
JUPUSDT,2026-04-03,1
KITEUSDT,2026-04-03,1
LDOUSDT,2026-04-03,1
LINKUSDT,2026-04-03,1
LITUSDT,2026-04-03,1
LTCUSDT,2026-04-03,1
LYNUSDT,2026-04-03,1
MNTUSDT,2026-04-03,1
MONUSDT,2026-04-03,1
MOODENGUSDT,2026-04-03,1
MUSDT,2026-04-03,1
MYXUSDT,2026-04-03,1
NEARUSDT,2026-04-03,1
ONDOUSDT,2026-04-03,1
ONTUSDT,2026-04-03,1
OPUSDT,2026-04-03,1
PAXGUSDT,2026-04-03,1
PENGUUSDT,2026-04-03,1
PIPPINUSDT,2026-04-03,1
PIXELUSDT,2026-04-03,1
POLUSDT,2026-04-03,1
POWERUSDT,2026-04-03,1
PUMPFUNUSDT,2026-04-03,1
RENDERUSDT,2026-04-03,1
RESOLVUSDT,2026-04-03,1
RIVERUSDT,2026-04-03,1
SAHARAUSDT,2026-04-03,1
SEIUSDT,2026-04-03,1
SHIB1000USDT,2026-04-03,1
SIGNUSDT,2026-04-03,1
SIRENUSDT,2026-04-03,1
SOLUSDT,2026-04-03,1
SPXUSDT,2026-04-03,1
STOUSDT,2026-04-03,1
STRKUSDT,2026-04-03,1
SUIUSDT,2026-04-03,1
TAOUSDT,2026-04-03,1
TIAUSDT,2026-04-03,1
TONUSDT,2026-04-03,1
TRIAUSDT,2026-04-03,1
TRUMPUSDT,2026-04-03,1
TRXUSDT,2026-04-03,1
UNIUSDT,2026-04-03,1
VIRTUALUSDT,2026-04-03,1
VVVUSDT,2026-04-03,1
WIFUSDT,2026-04-03,1
WLDUSDT,2026-04-03,1
WLFIUSDT,2026-04-03,1
XAUTUSDT,2026-04-03,1
XLMUSDT,2026-04-03,1
XMRUSDT,2026-04-03,1
XPLUSDT,2026-04-03,1
XRPUSDT,2026-04-03,1
ZECUSDT,2026-04-03,1
ZROUSDT,2026-04-03,1
1000BONKUSDT,2026-04-04,1
1000PEPEUSDT,2026-04-04,1
AAVEUSDT,2026-04-04,1
ADAUSDT,2026-04-04,1
AKTUSDT,2026-04-04,1
APTUSDT,2026-04-04,1
ARBUSDT,2026-04-04,1
ARCUSDT,2026-04-04,1
ARIAUSDT,2026-04-04,1
ASTERUSDT,2026-04-04,1
ATHUSDT,2026-04-04,1
ATOMUSDT,2026-04-04,1
AVAXUSDT,2026-04-04,1
AXSUSDT,2026-04-04,1
BARDUSDT,2026-04-04,1
BCHUSDT,2026-04-04,1
BEATUSDT,2026-04-04,1
BERAUSDT,2026-04-04,1
BNBUSDT,2026-04-04,1
BRUSDT,2026-04-04,1
BTRUSDT,2026-04-04,1
CRVUSDT,2026-04-04,1
DASHUSDT,2026-04-04,1
DOGEUSDT,2026-04-04,1
DOTUSDT,2026-04-04,1
DYDXUSDT,2026-04-04,1
ENAUSDT,2026-04-04,1
ENSOUSDT,2026-04-04,1
ETCUSDT,2026-04-04,1
ETHFIUSDT,2026-04-04,1
FARTCOINUSDT,2026-04-04,1
FILUSDT,2026-04-04,1
GALAUSDT,2026-04-04,1
HANAUSDT,2026-04-04,1
HBARUSDT,2026-04-04,1
HUMAUSDT,2026-04-04,1
HUSDT,2026-04-04,1
HYPEUSDT,2026-04-04,1
ICPUSDT,2026-04-04,1
INJUSDT,2026-04-04,1
IPUSDT,2026-04-04,1
JCTUSDT,2026-04-04,1
JUPUSDT,2026-04-04,1
KITEUSDT,2026-04-04,1
LDOUSDT,2026-04-04,1
LINKUSDT,2026-04-04,1
LITUSDT,2026-04-04,1
LTCUSDT,2026-04-04,1
LYNUSDT,2026-04-04,1
MNTUSDT,2026-04-04,1
MONUSDT,2026-04-04,1
MOODENGUSDT,2026-04-04,1
MUSDT,2026-04-04,1
NEARUSDT,2026-04-04,1
NIGHTUSDT,2026-04-04,1
NOMUSDT,2026-04-04,1
ONDOUSDT,2026-04-04,1
ONTUSDT,2026-04-04,1
OPUSDT,2026-04-04,1
PAXGUSDT,2026-04-04,1
PENGUUSDT,2026-04-04,1
PIPPINUSDT,2026-04-04,1
PIXELUSDT,2026-04-04,1
POLUSDT,2026-04-04,1
POWERUSDT,2026-04-04,1
PUMPFUNUSDT,2026-04-04,1
RENDERUSDT,2026-04-04,1
RESOLVUSDT,2026-04-04,1
RIVERUSDT,2026-04-04,1
SAHARAUSDT,2026-04-04,1
SEIUSDT,2026-04-04,1
SHIB1000USDT,2026-04-04,1
SIGNUSDT,2026-04-04,1
SIRENUSDT,2026-04-04,1
SOLUSDT,2026-04-04,1
SPXUSDT,2026-04-04,1
STOUSDT,2026-04-04,1
STRKUSDT,2026-04-04,1
SUIUSDT,2026-04-04,1
TAOUSDT,2026-04-04,1
TIAUSDT,2026-04-04,1
TONUSDT,2026-04-04,1
TRIAUSDT,2026-04-04,1
TRUMPUSDT,2026-04-04,1
TRXUSDT,2026-04-04,1
UNIUSDT,2026-04-04,1
VIRTUALUSDT,2026-04-04,1
VVVUSDT,2026-04-04,1
WIFUSDT,2026-04-04,1
WLDUSDT,2026-04-04,1
WLFIUSDT,2026-04-04,1
XAUTUSDT,2026-04-04,1
XLMUSDT,2026-04-04,1
XMRUSDT,2026-04-04,1
XPLUSDT,2026-04-04,1
XRPUSDT,2026-04-04,1
ZECUSDT,2026-04-04,1
ZROUSDT,2026-04-04,1
1000BONKUSDT,2026-04-05,1
1000PEPEUSDT,2026-04-05,1
AAVEUSDT,2026-04-05,1
ADAUSDT,2026-04-05,1
APTUSDT,2026-04-05,1
ARBUSDT,2026-04-05,1
ARCUSDT,2026-04-05,1
ARIAUSDT,2026-04-05,1
ASTERUSDT,2026-04-05,1
ATHUSDT,2026-04-05,1
ATOMUSDT,2026-04-05,1
AVAXUSDT,2026-04-05,1
AXSUSDT,2026-04-05,1
BARDUSDT,2026-04-05,1
BCHUSDT,2026-04-05,1
BEATUSDT,2026-04-05,1
BERAUSDT,2026-04-05,1
BNBUSDT,2026-04-05,1
BRUSDT,2026-04-05,1
BTRUSDT,2026-04-05,1
CRVUSDT,2026-04-05,1
DASHUSDT,2026-04-05,1
DOGEUSDT,2026-04-05,1
DOTUSDT,2026-04-05,1
DYDXUSDT,2026-04-05,1
ENAUSDT,2026-04-05,1
ETCUSDT,2026-04-05,1
ETHFIUSDT,2026-04-05,1
FARTCOINUSDT,2026-04-05,1
FILUSDT,2026-04-05,1
GALAUSDT,2026-04-05,1
HANAUSDT,2026-04-05,1
HBARUSDT,2026-04-05,1
HUMAUSDT,2026-04-05,1
HUSDT,2026-04-05,1
HYPEUSDT,2026-04-05,1
ICPUSDT,2026-04-05,1
INJUSDT,2026-04-05,1
IPUSDT,2026-04-05,1
JCTUSDT,2026-04-05,1
JUPUSDT,2026-04-05,1
KITEUSDT,2026-04-05,1
LDOUSDT,2026-04-05,1
LINKUSDT,2026-04-05,1
LITUSDT,2026-04-05,1
LTCUSDT,2026-04-05,1
LYNUSDT,2026-04-05,1
MNTUSDT,2026-04-05,1
MONUSDT,2026-04-05,1
MOODENGUSDT,2026-04-05,1
MUSDT,2026-04-05,1
NEARUSDT,2026-04-05,1
NIGHTUSDT,2026-04-05,1
NOMUSDT,2026-04-05,1
ONDOUSDT,2026-04-05,1
ONTUSDT,2026-04-05,1
OPUSDT,2026-04-05,1
PAXGUSDT,2026-04-05,1
PENGUUSDT,2026-04-05,1
PIPPINUSDT,2026-04-05,1
PIXELUSDT,2026-04-05,1
POLUSDT,2026-04-05,1
POWERUSDT,2026-04-05,1
PUMPFUNUSDT,2026-04-05,1
RENDERUSDT,2026-04-05,1
RESOLVUSDT,2026-04-05,1
RIVERUSDT,2026-04-05,1
SAHARAUSDT,2026-04-05,1
SEIUSDT,2026-04-05,1
SHIB1000USDT,2026-04-05,1
SIGNUSDT,2026-04-05,1
SIRENUSDT,2026-04-05,1
SOLUSDT,2026-04-05,1
SPXUSDT,2026-04-05,1
STOUSDT,2026-04-05,1
STRKUSDT,2026-04-05,1
SUIUSDT,2026-04-05,1
TAOUSDT,2026-04-05,1
TIAUSDT,2026-04-05,1
TONUSDT,2026-04-05,1
TRIAUSDT,2026-04-05,1
TRUMPUSDT,2026-04-05,1
TRXUSDT,2026-04-05,1
UNIUSDT,2026-04-05,1
VIRTUALUSDT,2026-04-05,1
VVVUSDT,2026-04-05,1
WIFUSDT,2026-04-05,1
WLDUSDT,2026-04-05,1
WLFIUSDT,2026-04-05,1
XAUTUSDT,2026-04-05,1
XLMUSDT,2026-04-05,1
XMRUSDT,2026-04-05,1
XPLUSDT,2026-04-05,1
XRPUSDT,2026-04-05,1
ZECUSDT,2026-04-05,1
ZROUSDT,2026-04-05,1
1000BONKUSDT,2026-04-06,1
1000PEPEUSDT,2026-04-06,1
AAVEUSDT,2026-04-06,1
ADAUSDT,2026-04-06,1
APTUSDT,2026-04-06,1
ARBUSDT,2026-04-06,1
ARCUSDT,2026-04-06,1
ARIAUSDT,2026-04-06,1
ASTERUSDT,2026-04-06,1
ATHUSDT,2026-04-06,1
ATOMUSDT,2026-04-06,1
AVAXUSDT,2026-04-06,1
AXSUSDT,2026-04-06,1
BARDUSDT,2026-04-06,1
BCHUSDT,2026-04-06,1
BEATUSDT,2026-04-06,1
BERAUSDT,2026-04-06,1
BNBUSDT,2026-04-06,1
BRUSDT,2026-04-06,1
CRVUSDT,2026-04-06,1
DASHUSDT,2026-04-06,1
DOGEUSDT,2026-04-06,1
DOTUSDT,2026-04-06,1
DYDXUSDT,2026-04-06,1
ENAUSDT,2026-04-06,1
ETCUSDT,2026-04-06,1
ETHFIUSDT,2026-04-06,1
FARTCOINUSDT,2026-04-06,1
FILUSDT,2026-04-06,1
GALAUSDT,2026-04-06,1
HANAUSDT,2026-04-06,1
HBARUSDT,2026-04-06,1
HUMAUSDT,2026-04-06,1
HUSDT,2026-04-06,1
HYPEUSDT,2026-04-06,1
ICPUSDT,2026-04-06,1
INJUSDT,2026-04-06,1
IPUSDT,2026-04-06,1
JCTUSDT,2026-04-06,1
JUPUSDT,2026-04-06,1
KITEUSDT,2026-04-06,1
LDOUSDT,2026-04-06,1
LINKUSDT,2026-04-06,1
LITUSDT,2026-04-06,1
LTCUSDT,2026-04-06,1
LYNUSDT,2026-04-06,1
MNTUSDT,2026-04-06,1
MONUSDT,2026-04-06,1
MOODENGUSDT,2026-04-06,1
MUSDT,2026-04-06,1
NEARUSDT,2026-04-06,1
NIGHTUSDT,2026-04-06,1
NOMUSDT,2026-04-06,1
ONDOUSDT,2026-04-06,1
ONTUSDT,2026-04-06,1
OPUSDT,2026-04-06,1
PAXGUSDT,2026-04-06,1
PENGUUSDT,2026-04-06,1
PIPPINUSDT,2026-04-06,1
PIXELUSDT,2026-04-06,1
POLUSDT,2026-04-06,1
POWERUSDT,2026-04-06,1
PUMPFUNUSDT,2026-04-06,1
RENDERUSDT,2026-04-06,1
RESOLVUSDT,2026-04-06,1
RIVERUSDT,2026-04-06,1
SAHARAUSDT,2026-04-06,1
SEIUSDT,2026-04-06,1
SHIB1000USDT,2026-04-06,1
SIGNUSDT,2026-04-06,1
SIRENUSDT,2026-04-06,1
SOLUSDT,2026-04-06,1
SPXUSDT,2026-04-06,1
STOUSDT,2026-04-06,1
STRKUSDT,2026-04-06,1
SUIUSDT,2026-04-06,1
TAOUSDT,2026-04-06,1
TIAUSDT,2026-04-06,1
TONUSDT,2026-04-06,1
TRIAUSDT,2026-04-06,1
TRUMPUSDT,2026-04-06,1
TRXUSDT,2026-04-06,1
UNIUSDT,2026-04-06,1
VIRTUALUSDT,2026-04-06,1
VVVUSDT,2026-04-06,1
WIFUSDT,2026-04-06,1
WLDUSDT,2026-04-06,1
WLFIUSDT,2026-04-06,1
XAUTUSDT,2026-04-06,1
XLMUSDT,2026-04-06,1
XMRUSDT,2026-04-06,1
XPLUSDT,2026-04-06,1
XRPUSDT,2026-04-06,1
ZECUSDT,2026-04-06,1
ZROUSDT,2026-04-06,1
1000BONKUSDT,2026-04-07,1
1000PEPEUSDT,2026-04-07,1
AAVEUSDT,2026-04-07,1
ADAUSDT,2026-04-07,1
ALGOUSDT,2026-04-07,1
APTUSDT,2026-04-07,1
ARBUSDT,2026-04-07,1
ARCUSDT,2026-04-07,1
ARIAUSDT,2026-04-07,1
ASTERUSDT,2026-04-07,1
ATHUSDT,2026-04-07,1
ATOMUSDT,2026-04-07,1
AVAXUSDT,2026-04-07,1
AXSUSDT,2026-04-07,1
BARDUSDT,2026-04-07,1
BCHUSDT,2026-04-07,1
BEATUSDT,2026-04-07,1
BERAUSDT,2026-04-07,1
BNBUSDT,2026-04-07,1
BRUSDT,2026-04-07,1
CRVUSDT,2026-04-07,1
DASHUSDT,2026-04-07,1
DOGEUSDT,2026-04-07,1
DOTUSDT,2026-04-07,1
DYDXUSDT,2026-04-07,1
ENAUSDT,2026-04-07,1
ETCUSDT,2026-04-07,1
ETHFIUSDT,2026-04-07,1
FARTCOINUSDT,2026-04-07,1
FILUSDT,2026-04-07,1
GALAUSDT,2026-04-07,1
HANAUSDT,2026-04-07,1
HBARUSDT,2026-04-07,1
HUSDT,2026-04-07,1
HYPEUSDT,2026-04-07,1
ICPUSDT,2026-04-07,1
INJUSDT,2026-04-07,1
IPUSDT,2026-04-07,1
JCTUSDT,2026-04-07,1
JUPUSDT,2026-04-07,1
KITEUSDT,2026-04-07,1
LDOUSDT,2026-04-07,1
LINKUSDT,2026-04-07,1
LITUSDT,2026-04-07,1
LTCUSDT,2026-04-07,1
LYNUSDT,2026-04-07,1
MNTUSDT,2026-04-07,1
MONUSDT,2026-04-07,1
MOODENGUSDT,2026-04-07,1
MUSDT,2026-04-07,1
NEARUSDT,2026-04-07,1
NIGHTUSDT,2026-04-07,1
NOMUSDT,2026-04-07,1
ONDOUSDT,2026-04-07,1
ONTUSDT,2026-04-07,1
OPUSDT,2026-04-07,1
PAXGUSDT,2026-04-07,1
PENGUUSDT,2026-04-07,1
PIPPINUSDT,2026-04-07,1
PIXELUSDT,2026-04-07,1
POLUSDT,2026-04-07,1
POWERUSDT,2026-04-07,1
PUMPFUNUSDT,2026-04-07,1
RENDERUSDT,2026-04-07,1
RESOLVUSDT,2026-04-07,1
RIVERUSDT,2026-04-07,1
SAHARAUSDT,2026-04-07,1
SEIUSDT,2026-04-07,1
SHIB1000USDT,2026-04-07,1
SIGNUSDT,2026-04-07,1
SIRENUSDT,2026-04-07,1
SOLUSDT,2026-04-07,1
SPXUSDT,2026-04-07,1
STOUSDT,2026-04-07,1
STRKUSDT,2026-04-07,1
SUIUSDT,2026-04-07,1
TAOUSDT,2026-04-07,1
TIAUSDT,2026-04-07,1
TONUSDT,2026-04-07,1
TRIAUSDT,2026-04-07,1
TRUMPUSDT,2026-04-07,1
TRXUSDT,2026-04-07,1
UNIUSDT,2026-04-07,1
VIRTUALUSDT,2026-04-07,1
VVVUSDT,2026-04-07,1
WIFUSDT,2026-04-07,1
WLDUSDT,2026-04-07,1
WLFIUSDT,2026-04-07,1
XAUTUSDT,2026-04-07,1
XLMUSDT,2026-04-07,1
XMRUSDT,2026-04-07,1
XPLUSDT,2026-04-07,1
XRPUSDT,2026-04-07,1
ZECUSDT,2026-04-07,1
ZROUSDT,2026-04-07,1
1000BONKUSDT,2026-04-08,1
1000PEPEUSDT,2026-04-08,1
AAVEUSDT,2026-04-08,1
ADAUSDT,2026-04-08,1
ALGOUSDT,2026-04-08,1
APTUSDT,2026-04-08,1
ARBUSDT,2026-04-08,1
ARCUSDT,2026-04-08,1
ARIAUSDT,2026-04-08,1
ASTERUSDT,2026-04-08,1
ATHUSDT,2026-04-08,1
ATOMUSDT,2026-04-08,1
AVAXUSDT,2026-04-08,1
AXSUSDT,2026-04-08,1
BARDUSDT,2026-04-08,1
BCHUSDT,2026-04-08,1
BEATUSDT,2026-04-08,1
BERAUSDT,2026-04-08,1
BNBUSDT,2026-04-08,1
BRUSDT,2026-04-08,1
CRVUSDT,2026-04-08,1
DASHUSDT,2026-04-08,1
DOGEUSDT,2026-04-08,1
DOTUSDT,2026-04-08,1
DRIFTUSDT,2026-04-08,1
DYDXUSDT,2026-04-08,1
ENAUSDT,2026-04-08,1
ETCUSDT,2026-04-08,1
ETHFIUSDT,2026-04-08,1
FARTCOINUSDT,2026-04-08,1
FILUSDT,2026-04-08,1
GALAUSDT,2026-04-08,1
HANAUSDT,2026-04-08,1
HBARUSDT,2026-04-08,1
HUSDT,2026-04-08,1
HYPEUSDT,2026-04-08,1
ICPUSDT,2026-04-08,1
INJUSDT,2026-04-08,1
IPUSDT,2026-04-08,1
JCTUSDT,2026-04-08,1
JUPUSDT,2026-04-08,1
KITEUSDT,2026-04-08,1
LDOUSDT,2026-04-08,1
LINKUSDT,2026-04-08,1
LITUSDT,2026-04-08,1
LTCUSDT,2026-04-08,1
LYNUSDT,2026-04-08,1
MNTUSDT,2026-04-08,1
MONUSDT,2026-04-08,1
MOODENGUSDT,2026-04-08,1
MUSDT,2026-04-08,1
NEARUSDT,2026-04-08,1
NIGHTUSDT,2026-04-08,1
NOMUSDT,2026-04-08,1
ONDOUSDT,2026-04-08,1
ONTUSDT,2026-04-08,1
OPUSDT,2026-04-08,1
PAXGUSDT,2026-04-08,1
PENGUUSDT,2026-04-08,1
PIPPINUSDT,2026-04-08,1
PIXELUSDT,2026-04-08,1
POLUSDT,2026-04-08,1
POWERUSDT,2026-04-08,1
PUMPFUNUSDT,2026-04-08,1
RENDERUSDT,2026-04-08,1
RESOLVUSDT,2026-04-08,1
RIVERUSDT,2026-04-08,1
SAHARAUSDT,2026-04-08,1
SEIUSDT,2026-04-08,1
SHIB1000USDT,2026-04-08,1
SIGNUSDT,2026-04-08,1
SIRENUSDT,2026-04-08,1
SOLUSDT,2026-04-08,1
SPXUSDT,2026-04-08,1
STOUSDT,2026-04-08,1
STRKUSDT,2026-04-08,1
SUIUSDT,2026-04-08,1
TAOUSDT,2026-04-08,1
TIAUSDT,2026-04-08,1
TONUSDT,2026-04-08,1
TRIAUSDT,2026-04-08,1
TRUMPUSDT,2026-04-08,1
TRXUSDT,2026-04-08,1
UNIUSDT,2026-04-08,1
VIRTUALUSDT,2026-04-08,1
VVVUSDT,2026-04-08,1
WIFUSDT,2026-04-08,1
WLDUSDT,2026-04-08,1
WLFIUSDT,2026-04-08,1
XAUTUSDT,2026-04-08,1
XLMUSDT,2026-04-08,1
XMRUSDT,2026-04-08,1
XPLUSDT,2026-04-08,1
XRPUSDT,2026-04-08,1
ZECUSDT,2026-04-08,1
ZROUSDT,2026-04-08,1
1000BONKUSDT,2026-04-09,1
1000PEPEUSDT,2026-04-09,1
AAVEUSDT,2026-04-09,1
ADAUSDT,2026-04-09,1
ALGOUSDT,2026-04-09,1
APTUSDT,2026-04-09,1
ARBUSDT,2026-04-09,1
ARIAUSDT,2026-04-09,1
ASTERUSDT,2026-04-09,1
ATHUSDT,2026-04-09,1
ATOMUSDT,2026-04-09,1
AVAXUSDT,2026-04-09,1
AXSUSDT,2026-04-09,1
BARDUSDT,2026-04-09,1
BCHUSDT,2026-04-09,1
BEATUSDT,2026-04-09,1
BERAUSDT,2026-04-09,1
BNBUSDT,2026-04-09,1
BRUSDT,2026-04-09,1
CRVUSDT,2026-04-09,1
DASHUSDT,2026-04-09,1
DOGEUSDT,2026-04-09,1
DOTUSDT,2026-04-09,1
DRIFTUSDT,2026-04-09,1
DYDXUSDT,2026-04-09,1
ENAUSDT,2026-04-09,1
ETCUSDT,2026-04-09,1
FARTCOINUSDT,2026-04-09,1
FILUSDT,2026-04-09,1
GALAUSDT,2026-04-09,1
HANAUSDT,2026-04-09,1
HBARUSDT,2026-04-09,1
HUSDT,2026-04-09,1
HYPEUSDT,2026-04-09,1
ICPUSDT,2026-04-09,1
INJUSDT,2026-04-09,1
IPUSDT,2026-04-09,1
JCTUSDT,2026-04-09,1
JUPUSDT,2026-04-09,1
KITEUSDT,2026-04-09,1
LDOUSDT,2026-04-09,1
LINKUSDT,2026-04-09,1
LITUSDT,2026-04-09,1
LTCUSDT,2026-04-09,1
LYNUSDT,2026-04-09,1
MNTUSDT,2026-04-09,1
MONUSDT,2026-04-09,1
MOODENGUSDT,2026-04-09,1
MUSDT,2026-04-09,1
NEARUSDT,2026-04-09,1
NIGHTUSDT,2026-04-09,1
NOMUSDT,2026-04-09,1
ONDOUSDT,2026-04-09,1
ONTUSDT,2026-04-09,1
OPUSDT,2026-04-09,1
PAXGUSDT,2026-04-09,1
PENGUUSDT,2026-04-09,1
PIPPINUSDT,2026-04-09,1
PIXELUSDT,2026-04-09,1
POLUSDT,2026-04-09,1
POWERUSDT,2026-04-09,1
PUMPFUNUSDT,2026-04-09,1
RENDERUSDT,2026-04-09,1
RESOLVUSDT,2026-04-09,1
RIVERUSDT,2026-04-09,1
SAHARAUSDT,2026-04-09,1
SEIUSDT,2026-04-09,1
SHIB1000USDT,2026-04-09,1
SIGNUSDT,2026-04-09,1
SIRENUSDT,2026-04-09,1
SOLUSDT,2026-04-09,1
SPXUSDT,2026-04-09,1
STOUSDT,2026-04-09,1
STRKUSDT,2026-04-09,1
SUIUSDT,2026-04-09,1
TAOUSDT,2026-04-09,1
TIAUSDT,2026-04-09,1
TONUSDT,2026-04-09,1
TRIAUSDT,2026-04-09,1
TRUMPUSDT,2026-04-09,1
TRXUSDT,2026-04-09,1
UNIUSDT,2026-04-09,1
VIRTUALUSDT,2026-04-09,1
VVVUSDT,2026-04-09,1
WIFUSDT,2026-04-09,1
WLDUSDT,2026-04-09,1
WLFIUSDT,2026-04-09,1
XAUTUSDT,2026-04-09,1
XLMUSDT,2026-04-09,1
XMRUSDT,2026-04-09,1
XPLUSDT,2026-04-09,1
XRPUSDT,2026-04-09,1
ZECUSDT,2026-04-09,1
ZROUSDT,2026-04-09,1
1000BONKUSDT,2026-04-10,1
1000PEPEUSDT,2026-04-10,1
AAVEUSDT,2026-04-10,1
ADAUSDT,2026-04-10,1
ALGOUSDT,2026-04-10,1
APTUSDT,2026-04-10,1
ARBUSDT,2026-04-10,1
ARIAUSDT,2026-04-10,1
ASTERUSDT,2026-04-10,1
ATHUSDT,2026-04-10,1
ATOMUSDT,2026-04-10,1
AVAXUSDT,2026-04-10,1
AXSUSDT,2026-04-10,1
BARDUSDT,2026-04-10,1
BCHUSDT,2026-04-10,1
BEATUSDT,2026-04-10,1
BERAUSDT,2026-04-10,1
BNBUSDT,2026-04-10,1
BRUSDT,2026-04-10,1
CRVUSDT,2026-04-10,1
DASHUSDT,2026-04-10,1
DOGEUSDT,2026-04-10,1
DOTUSDT,2026-04-10,1
DRIFTUSDT,2026-04-10,1
DYDXUSDT,2026-04-10,1
ENAUSDT,2026-04-10,1
ETCUSDT,2026-04-10,1
FARTCOINUSDT,2026-04-10,1
FILUSDT,2026-04-10,1
GALAUSDT,2026-04-10,1
HBARUSDT,2026-04-10,1
HYPEUSDT,2026-04-10,1
ICPUSDT,2026-04-10,1
INJUSDT,2026-04-10,1
IPUSDT,2026-04-10,1
JCTUSDT,2026-04-10,1
JUPUSDT,2026-04-10,1
KITEUSDT,2026-04-10,1
LDOUSDT,2026-04-10,1
LINKUSDT,2026-04-10,1
LITUSDT,2026-04-10,1
LTCUSDT,2026-04-10,1
LYNUSDT,2026-04-10,1
MNTUSDT,2026-04-10,1
MONUSDT,2026-04-10,1
MOODENGUSDT,2026-04-10,1
MUSDT,2026-04-10,1
NEARUSDT,2026-04-10,1
NIGHTUSDT,2026-04-10,1
NOMUSDT,2026-04-10,1
ONDOUSDT,2026-04-10,1
ONTUSDT,2026-04-10,1
OPUSDT,2026-04-10,1
PAXGUSDT,2026-04-10,1
PENGUUSDT,2026-04-10,1
PIPPINUSDT,2026-04-10,1
PIXELUSDT,2026-04-10,1
POLUSDT,2026-04-10,1
POWERUSDT,2026-04-10,1
PUMPFUNUSDT,2026-04-10,1
RENDERUSDT,2026-04-10,1
RESOLVUSDT,2026-04-10,1
RIVERUSDT,2026-04-10,1
SAHARAUSDT,2026-04-10,1
SEIUSDT,2026-04-10,1
SHIB1000USDT,2026-04-10,1
SIGNUSDT,2026-04-10,1
SIRENUSDT,2026-04-10,1
SOLUSDT,2026-04-10,1
SPXUSDT,2026-04-10,1
STOUSDT,2026-04-10,1
STRKUSDT,2026-04-10,1
SUIUSDT,2026-04-10,1
TAOUSDT,2026-04-10,1
TIAUSDT,2026-04-10,1
TONUSDT,2026-04-10,1
TRIAUSDT,2026-04-10,1
TRUMPUSDT,2026-04-10,1
TRXUSDT,2026-04-10,1
UNIUSDT,2026-04-10,1
VIRTUALUSDT,2026-04-10,1
VVVUSDT,2026-04-10,1
WIFUSDT,2026-04-10,1
WLDUSDT,2026-04-10,1
WLFIUSDT,2026-04-10,1
XAUTUSDT,2026-04-10,1
XLMUSDT,2026-04-10,1
XMRUSDT,2026-04-10,1
XPLUSDT,2026-04-10,1
XRPUSDT,2026-04-10,1
ZECUSDT,2026-04-10,1
ZROUSDT,2026-04-10,1
1000BONKUSDT,2026-04-11,1
1000PEPEUSDT,2026-04-11,1
AAVEUSDT,2026-04-11,1
ADAUSDT,2026-04-11,1
ALGOUSDT,2026-04-11,1
APTUSDT,2026-04-11,1
ARBUSDT,2026-04-11,1
ARIAUSDT,2026-04-11,1
ASTERUSDT,2026-04-11,1
ATHUSDT,2026-04-11,1
ATOMUSDT,2026-04-11,1
AVAXUSDT,2026-04-11,1
AXSUSDT,2026-04-11,1
BARDUSDT,2026-04-11,1
BCHUSDT,2026-04-11,1
BEATUSDT,2026-04-11,1
BERAUSDT,2026-04-11,1
BNBUSDT,2026-04-11,1
BRUSDT,2026-04-11,1
CRVUSDT,2026-04-11,1
DASHUSDT,2026-04-11,1
DOGEUSDT,2026-04-11,1
DOTUSDT,2026-04-11,1
DRIFTUSDT,2026-04-11,1
DYDXUSDT,2026-04-11,1
ENAUSDT,2026-04-11,1
ETCUSDT,2026-04-11,1
FARTCOINUSDT,2026-04-11,1
FILUSDT,2026-04-11,1
GALAUSDT,2026-04-11,1
HBARUSDT,2026-04-11,1
HYPEUSDT,2026-04-11,1
ICPUSDT,2026-04-11,1
INJUSDT,2026-04-11,1
IPUSDT,2026-04-11,1
JCTUSDT,2026-04-11,1
JUPUSDT,2026-04-11,1
KITEUSDT,2026-04-11,1
LDOUSDT,2026-04-11,1
LINKUSDT,2026-04-11,1
LITUSDT,2026-04-11,1
LTCUSDT,2026-04-11,1
LYNUSDT,2026-04-11,1
MNTUSDT,2026-04-11,1
MONUSDT,2026-04-11,1
MOODENGUSDT,2026-04-11,1
MUSDT,2026-04-11,1
NEARUSDT,2026-04-11,1
NIGHTUSDT,2026-04-11,1
NOMUSDT,2026-04-11,1
ONDOUSDT,2026-04-11,1
ONTUSDT,2026-04-11,1
OPUSDT,2026-04-11,1
PAXGUSDT,2026-04-11,1
PENGUUSDT,2026-04-11,1
PIPPINUSDT,2026-04-11,1
PIXELUSDT,2026-04-11,1
POLUSDT,2026-04-11,1
POWERUSDT,2026-04-11,1
PUMPFUNUSDT,2026-04-11,1
RENDERUSDT,2026-04-11,1
RESOLVUSDT,2026-04-11,1
RIVERUSDT,2026-04-11,1
SAHARAUSDT,2026-04-11,1
SEIUSDT,2026-04-11,1
SHIB1000USDT,2026-04-11,1
SIGNUSDT,2026-04-11,1
SIRENUSDT,2026-04-11,1
SOLUSDT,2026-04-11,1
SPXUSDT,2026-04-11,1
STOUSDT,2026-04-11,1
STRKUSDT,2026-04-11,1
SUIUSDT,2026-04-11,1
TAOUSDT,2026-04-11,1
TIAUSDT,2026-04-11,1
TONUSDT,2026-04-11,1
TRIAUSDT,2026-04-11,1
TRUMPUSDT,2026-04-11,1
TRXUSDT,2026-04-11,1
UNIUSDT,2026-04-11,1
VIRTUALUSDT,2026-04-11,1
VVVUSDT,2026-04-11,1
WIFUSDT,2026-04-11,1
WLDUSDT,2026-04-11,1
WLFIUSDT,2026-04-11,1
XAUTUSDT,2026-04-11,1
XLMUSDT,2026-04-11,1
XMRUSDT,2026-04-11,1
XPLUSDT,2026-04-11,1
XRPUSDT,2026-04-11,1
ZECUSDT,2026-04-11,1
ZROUSDT,2026-04-11,1
1000BONKUSDT,2026-04-12,1
1000PEPEUSDT,2026-04-12,1
AAVEUSDT,2026-04-12,1
ADAUSDT,2026-04-12,1
ALGOUSDT,2026-04-12,1
APTUSDT,2026-04-12,1
ARBUSDT,2026-04-12,1
ARIAUSDT,2026-04-12,1
ASTERUSDT,2026-04-12,1
ATHUSDT,2026-04-12,1
ATOMUSDT,2026-04-12,1
AVAXUSDT,2026-04-12,1
AXSUSDT,2026-04-12,1
BARDUSDT,2026-04-12,1
BCHUSDT,2026-04-12,1
BEATUSDT,2026-04-12,1
BERAUSDT,2026-04-12,1
BNBUSDT,2026-04-12,1
BRUSDT,2026-04-12,1
CRVUSDT,2026-04-12,1
DASHUSDT,2026-04-12,1
DOGEUSDT,2026-04-12,1
DOTUSDT,2026-04-12,1
DRIFTUSDT,2026-04-12,1
DYDXUSDT,2026-04-12,1
ENAUSDT,2026-04-12,1
ETCUSDT,2026-04-12,1
FARTCOINUSDT,2026-04-12,1
FILUSDT,2026-04-12,1
GALAUSDT,2026-04-12,1
HBARUSDT,2026-04-12,1
HYPEUSDT,2026-04-12,1
ICPUSDT,2026-04-12,1
INJUSDT,2026-04-12,1
IPUSDT,2026-04-12,1
JCTUSDT,2026-04-12,1
JUPUSDT,2026-04-12,1
KITEUSDT,2026-04-12,1
LDOUSDT,2026-04-12,1
LINKUSDT,2026-04-12,1
LITUSDT,2026-04-12,1
LTCUSDT,2026-04-12,1
LYNUSDT,2026-04-12,1
MNTUSDT,2026-04-12,1
MONUSDT,2026-04-12,1
MOODENGUSDT,2026-04-12,1
MUSDT,2026-04-12,1
NEARUSDT,2026-04-12,1
NIGHTUSDT,2026-04-12,1
NOMUSDT,2026-04-12,1
ONDOUSDT,2026-04-12,1
ONTUSDT,2026-04-12,1
OPUSDT,2026-04-12,1
PAXGUSDT,2026-04-12,1
PENGUUSDT,2026-04-12,1
PIPPINUSDT,2026-04-12,1
PIXELUSDT,2026-04-12,1
POLUSDT,2026-04-12,1
POWERUSDT,2026-04-12,1
PUMPFUNUSDT,2026-04-12,1
RENDERUSDT,2026-04-12,1
RESOLVUSDT,2026-04-12,1
RIVERUSDT,2026-04-12,1
SAHARAUSDT,2026-04-12,1
SEIUSDT,2026-04-12,1
SHIB1000USDT,2026-04-12,1
SIGNUSDT,2026-04-12,1
SIRENUSDT,2026-04-12,1
SOLUSDT,2026-04-12,1
SPXUSDT,2026-04-12,1
STOUSDT,2026-04-12,1
STRKUSDT,2026-04-12,1
SUIUSDT,2026-04-12,1
TAOUSDT,2026-04-12,1
TIAUSDT,2026-04-12,1
TONUSDT,2026-04-12,1
TRIAUSDT,2026-04-12,1
TRUMPUSDT,2026-04-12,1
TRXUSDT,2026-04-12,1
UNIUSDT,2026-04-12,1
VIRTUALUSDT,2026-04-12,1
VVVUSDT,2026-04-12,1
WIFUSDT,2026-04-12,1
WLDUSDT,2026-04-12,1
WLFIUSDT,2026-04-12,1
XAUTUSDT,2026-04-12,1
XLMUSDT,2026-04-12,1
XMRUSDT,2026-04-12,1
XPLUSDT,2026-04-12,1
XRPUSDT,2026-04-12,1
ZECUSDT,2026-04-12,1
ZROUSDT,2026-04-12,1
1000BONKUSDT,2026-04-13,1
1000PEPEUSDT,2026-04-13,1
AAVEUSDT,2026-04-13,1
ADAUSDT,2026-04-13,1
ALGOUSDT,2026-04-13,1
APTUSDT,2026-04-13,1
ARBUSDT,2026-04-13,1
ARIAUSDT,2026-04-13,1
ASTERUSDT,2026-04-13,1
ATHUSDT,2026-04-13,1
ATOMUSDT,2026-04-13,1
AVAXUSDT,2026-04-13,1
AXSUSDT,2026-04-13,1
BARDUSDT,2026-04-13,1
BCHUSDT,2026-04-13,1
BEATUSDT,2026-04-13,1
BERAUSDT,2026-04-13,1
BNBUSDT,2026-04-13,1
CRVUSDT,2026-04-13,1
DASHUSDT,2026-04-13,1
DOGEUSDT,2026-04-13,1
DOTUSDT,2026-04-13,1
DRIFTUSDT,2026-04-13,1
DYDXUSDT,2026-04-13,1
ENAUSDT,2026-04-13,1
ETCUSDT,2026-04-13,1
FARTCOINUSDT,2026-04-13,1
FILUSDT,2026-04-13,1
GALAUSDT,2026-04-13,1
HBARUSDT,2026-04-13,1
HYPEUSDT,2026-04-13,1
ICPUSDT,2026-04-13,1
INJUSDT,2026-04-13,1
IPUSDT,2026-04-13,1
JCTUSDT,2026-04-13,1
JUPUSDT,2026-04-13,1
KITEUSDT,2026-04-13,1
LABUSDT,2026-04-13,1
LDOUSDT,2026-04-13,1
LINKUSDT,2026-04-13,1
LITUSDT,2026-04-13,1
LTCUSDT,2026-04-13,1
LYNUSDT,2026-04-13,1
MNTUSDT,2026-04-13,1
MONUSDT,2026-04-13,1
MOODENGUSDT,2026-04-13,1
MUSDT,2026-04-13,1
NEARUSDT,2026-04-13,1
NOMUSDT,2026-04-13,1
ONDOUSDT,2026-04-13,1
ONTUSDT,2026-04-13,1
OPUSDT,2026-04-13,1
PAXGUSDT,2026-04-13,1
PENGUUSDT,2026-04-13,1
PIPPINUSDT,2026-04-13,1
PIXELUSDT,2026-04-13,1
POLUSDT,2026-04-13,1
POWERUSDT,2026-04-13,1
PUMPFUNUSDT,2026-04-13,1
REDUSDT,2026-04-13,1
RENDERUSDT,2026-04-13,1
RESOLVUSDT,2026-04-13,1
RIVERUSDT,2026-04-13,1
SAHARAUSDT,2026-04-13,1
SEIUSDT,2026-04-13,1
SHIB1000USDT,2026-04-13,1
SIGNUSDT,2026-04-13,1
SIRENUSDT,2026-04-13,1
SOLUSDT,2026-04-13,1
SPXUSDT,2026-04-13,1
STOUSDT,2026-04-13,1
STRKUSDT,2026-04-13,1
SUIUSDT,2026-04-13,1
TAOUSDT,2026-04-13,1
TIAUSDT,2026-04-13,1
TONUSDT,2026-04-13,1
TRIAUSDT,2026-04-13,1
TRUMPUSDT,2026-04-13,1
TRXUSDT,2026-04-13,1
UNIUSDT,2026-04-13,1
VIRTUALUSDT,2026-04-13,1
VVVUSDT,2026-04-13,1
WIFUSDT,2026-04-13,1
WLDUSDT,2026-04-13,1
WLFIUSDT,2026-04-13,1
XAUTUSDT,2026-04-13,1
XLMUSDT,2026-04-13,1
XMRUSDT,2026-04-13,1
XPLUSDT,2026-04-13,1
XRPUSDT,2026-04-13,1
ZECUSDT,2026-04-13,1
ZROUSDT,2026-04-13,1
1000BONKUSDT,2026-04-14,1
1000PEPEUSDT,2026-04-14,1
AAVEUSDT,2026-04-14,1
ADAUSDT,2026-04-14,1
ALGOUSDT,2026-04-14,1
APTUSDT,2026-04-14,1
ARBUSDT,2026-04-14,1
ARIAUSDT,2026-04-14,1
ASTERUSDT,2026-04-14,1
ATHUSDT,2026-04-14,1
ATOMUSDT,2026-04-14,1
AVAXUSDT,2026-04-14,1
AXSUSDT,2026-04-14,1
BARDUSDT,2026-04-14,1
BCHUSDT,2026-04-14,1
BEATUSDT,2026-04-14,1
BERAUSDT,2026-04-14,1
BNBUSDT,2026-04-14,1
CRVUSDT,2026-04-14,1
DASHUSDT,2026-04-14,1
DOGEUSDT,2026-04-14,1
DOTUSDT,2026-04-14,1
DRIFTUSDT,2026-04-14,1
DYDXUSDT,2026-04-14,1
ENAUSDT,2026-04-14,1
ETCUSDT,2026-04-14,1
FARTCOINUSDT,2026-04-14,1
FILUSDT,2026-04-14,1
GALAUSDT,2026-04-14,1
HBARUSDT,2026-04-14,1
HYPEUSDT,2026-04-14,1
ICPUSDT,2026-04-14,1
INJUSDT,2026-04-14,1
IPUSDT,2026-04-14,1
JUPUSDT,2026-04-14,1
KITEUSDT,2026-04-14,1
LABUSDT,2026-04-14,1
LDOUSDT,2026-04-14,1
LINKUSDT,2026-04-14,1
LITUSDT,2026-04-14,1
LTCUSDT,2026-04-14,1
LYNUSDT,2026-04-14,1
MNTUSDT,2026-04-14,1
MONUSDT,2026-04-14,1
MUSDT,2026-04-14,1
NEARUSDT,2026-04-14,1
NOMUSDT,2026-04-14,1
ONDOUSDT,2026-04-14,1
ONTUSDT,2026-04-14,1
OPUSDT,2026-04-14,1
PAXGUSDT,2026-04-14,1
PENGUUSDT,2026-04-14,1
PIPPINUSDT,2026-04-14,1
PIXELUSDT,2026-04-14,1
POLUSDT,2026-04-14,1
POWERUSDT,2026-04-14,1
PUMPFUNUSDT,2026-04-14,1
REDUSDT,2026-04-14,1
RENDERUSDT,2026-04-14,1
RESOLVUSDT,2026-04-14,1
RIVERUSDT,2026-04-14,1
SAHARAUSDT,2026-04-14,1
SEIUSDT,2026-04-14,1
SHIB1000USDT,2026-04-14,1
SIRENUSDT,2026-04-14,1
SOLUSDT,2026-04-14,1
SPXUSDT,2026-04-14,1
STOUSDT,2026-04-14,1
STRKUSDT,2026-04-14,1
SUIUSDT,2026-04-14,1
TAOUSDT,2026-04-14,1
TIAUSDT,2026-04-14,1
TONUSDT,2026-04-14,1
TRIAUSDT,2026-04-14,1
TRUMPUSDT,2026-04-14,1
TRXUSDT,2026-04-14,1
UNIUSDT,2026-04-14,1
VIRTUALUSDT,2026-04-14,1
VVVUSDT,2026-04-14,1
WIFUSDT,2026-04-14,1
WLDUSDT,2026-04-14,1
WLFIUSDT,2026-04-14,1
XAUTUSDT,2026-04-14,1
XLMUSDT,2026-04-14,1
XMRUSDT,2026-04-14,1
XPLUSDT,2026-04-14,1
XRPUSDT,2026-04-14,1
ZECUSDT,2026-04-14,1
ZROUSDT,2026-04-14,1
1000BONKUSDT,2026-04-15,1
1000PEPEUSDT,2026-04-15,1
AAVEUSDT,2026-04-15,1
ADAUSDT,2026-04-15,1
ALGOUSDT,2026-04-15,1
APTUSDT,2026-04-15,1
ARBUSDT,2026-04-15,1
ARIAUSDT,2026-04-15,1
ASTERUSDT,2026-04-15,1
ATHUSDT,2026-04-15,1
ATOMUSDT,2026-04-15,1
AVAXUSDT,2026-04-15,1
AXSUSDT,2026-04-15,1
BARDUSDT,2026-04-15,1
BCHUSDT,2026-04-15,1
BEATUSDT,2026-04-15,1
BERAUSDT,2026-04-15,1
BNBUSDT,2026-04-15,1
CRVUSDT,2026-04-15,1
DASHUSDT,2026-04-15,1
DOGEUSDT,2026-04-15,1
DOTUSDT,2026-04-15,1
DRIFTUSDT,2026-04-15,1
DYDXUSDT,2026-04-15,1
ENAUSDT,2026-04-15,1
ENJUSDT,2026-04-15,1
ETCUSDT,2026-04-15,1
FARTCOINUSDT,2026-04-15,1
FILUSDT,2026-04-15,1
GALAUSDT,2026-04-15,1
HBARUSDT,2026-04-15,1
HYPEUSDT,2026-04-15,1
ICPUSDT,2026-04-15,1
INJUSDT,2026-04-15,1
IPUSDT,2026-04-15,1
JUPUSDT,2026-04-15,1
KITEUSDT,2026-04-15,1
LABUSDT,2026-04-15,1
LDOUSDT,2026-04-15,1
LINKUSDT,2026-04-15,1
LITUSDT,2026-04-15,1
LTCUSDT,2026-04-15,1
LYNUSDT,2026-04-15,1
MNTUSDT,2026-04-15,1
MONUSDT,2026-04-15,1
MUSDT,2026-04-15,1
NEARUSDT,2026-04-15,1
NOMUSDT,2026-04-15,1
ONDOUSDT,2026-04-15,1
ONTUSDT,2026-04-15,1
OPUSDT,2026-04-15,1
PAXGUSDT,2026-04-15,1
PENGUUSDT,2026-04-15,1
PIPPINUSDT,2026-04-15,1
PIXELUSDT,2026-04-15,1
POLUSDT,2026-04-15,1
POWERUSDT,2026-04-15,1
PUMPFUNUSDT,2026-04-15,1
REDUSDT,2026-04-15,1
RENDERUSDT,2026-04-15,1
RESOLVUSDT,2026-04-15,1
RIVERUSDT,2026-04-15,1
SEIUSDT,2026-04-15,1
SHIB1000USDT,2026-04-15,1
SIRENUSDT,2026-04-15,1
SOLUSDT,2026-04-15,1
SPXUSDT,2026-04-15,1
STOUSDT,2026-04-15,1
STRKUSDT,2026-04-15,1
SUIUSDT,2026-04-15,1
TAOUSDT,2026-04-15,1
TIAUSDT,2026-04-15,1
TONUSDT,2026-04-15,1
TRIAUSDT,2026-04-15,1
TRUMPUSDT,2026-04-15,1
TRXUSDT,2026-04-15,1
UNIUSDT,2026-04-15,1
VIRTUALUSDT,2026-04-15,1
VVVUSDT,2026-04-15,1
WIFUSDT,2026-04-15,1
WLDUSDT,2026-04-15,1
WLFIUSDT,2026-04-15,1
XAUTUSDT,2026-04-15,1
XLMUSDT,2026-04-15,1
XMRUSDT,2026-04-15,1
XPLUSDT,2026-04-15,1
XRPUSDT,2026-04-15,1
ZECUSDT,2026-04-15,1
ZROUSDT,2026-04-15,1
1000BONKUSDT,2026-04-16,1
1000PEPEUSDT,2026-04-16,1
AAVEUSDT,2026-04-16,1
ADAUSDT,2026-04-16,1
ALGOUSDT,2026-04-16,1
APTUSDT,2026-04-16,1
ARBUSDT,2026-04-16,1
ARIAUSDT,2026-04-16,1
ASTERUSDT,2026-04-16,1
ATHUSDT,2026-04-16,1
ATOMUSDT,2026-04-16,1
AVAXUSDT,2026-04-16,1
AXSUSDT,2026-04-16,1
BARDUSDT,2026-04-16,1
BCHUSDT,2026-04-16,1
BEATUSDT,2026-04-16,1
BNBUSDT,2026-04-16,1
CRVUSDT,2026-04-16,1
DASHUSDT,2026-04-16,1
DOGEUSDT,2026-04-16,1
DOTUSDT,2026-04-16,1
DRIFTUSDT,2026-04-16,1
DYDXUSDT,2026-04-16,1
ENAUSDT,2026-04-16,1
ENJUSDT,2026-04-16,1
ETCUSDT,2026-04-16,1
FARTCOINUSDT,2026-04-16,1
FILUSDT,2026-04-16,1
GALAUSDT,2026-04-16,1
HBARUSDT,2026-04-16,1
HYPEUSDT,2026-04-16,1
ICPUSDT,2026-04-16,1
INJUSDT,2026-04-16,1
IPUSDT,2026-04-16,1
JUPUSDT,2026-04-16,1
KITEUSDT,2026-04-16,1
LABUSDT,2026-04-16,1
LDOUSDT,2026-04-16,1
LINKUSDT,2026-04-16,1
LITUSDT,2026-04-16,1
LTCUSDT,2026-04-16,1
LYNUSDT,2026-04-16,1
MNTUSDT,2026-04-16,1
MONUSDT,2026-04-16,1
MUSDT,2026-04-16,1
NEARUSDT,2026-04-16,1
NOMUSDT,2026-04-16,1
ONDOUSDT,2026-04-16,1
ONTUSDT,2026-04-16,1
OPUSDT,2026-04-16,1
PAXGUSDT,2026-04-16,1
PENGUUSDT,2026-04-16,1
PIPPINUSDT,2026-04-16,1
PIXELUSDT,2026-04-16,1
POLUSDT,2026-04-16,1
POWERUSDT,2026-04-16,1
PUMPFUNUSDT,2026-04-16,1
RAVEUSDT,2026-04-16,1
REDUSDT,2026-04-16,1
RENDERUSDT,2026-04-16,1
RIVERUSDT,2026-04-16,1
SEIUSDT,2026-04-16,1
SHIB1000USDT,2026-04-16,1
SIRENUSDT,2026-04-16,1
SOLUSDT,2026-04-16,1
SPXUSDT,2026-04-16,1
STOUSDT,2026-04-16,1
STRKUSDT,2026-04-16,1
SUIUSDT,2026-04-16,1
TAOUSDT,2026-04-16,1
TIAUSDT,2026-04-16,1
TONUSDT,2026-04-16,1
TRIAUSDT,2026-04-16,1
TRUMPUSDT,2026-04-16,1
TRXUSDT,2026-04-16,1
UNIUSDT,2026-04-16,1
VIRTUALUSDT,2026-04-16,1
VVVUSDT,2026-04-16,1
WIFUSDT,2026-04-16,1
WLDUSDT,2026-04-16,1
WLFIUSDT,2026-04-16,1
XAUTUSDT,2026-04-16,1
XLMUSDT,2026-04-16,1
XMRUSDT,2026-04-16,1
XPLUSDT,2026-04-16,1
XRPUSDT,2026-04-16,1
ZECUSDT,2026-04-16,1
ZROUSDT,2026-04-16,1
1000BONKUSDT,2026-04-17,1
1000PEPEUSDT,2026-04-17,1
AAVEUSDT,2026-04-17,1
ADAUSDT,2026-04-17,1
ALGOUSDT,2026-04-17,1
APTUSDT,2026-04-17,1
ARBUSDT,2026-04-17,1
ARIAUSDT,2026-04-17,1
ASTERUSDT,2026-04-17,1
ATHUSDT,2026-04-17,1
ATOMUSDT,2026-04-17,1
AVAXUSDT,2026-04-17,1
AXSUSDT,2026-04-17,1
BARDUSDT,2026-04-17,1
BCHUSDT,2026-04-17,1
BEATUSDT,2026-04-17,1
BNBUSDT,2026-04-17,1
CRVUSDT,2026-04-17,1
DASHUSDT,2026-04-17,1
DOGEUSDT,2026-04-17,1
DOTUSDT,2026-04-17,1
DRIFTUSDT,2026-04-17,1
DYDXUSDT,2026-04-17,1
ENAUSDT,2026-04-17,1
ENJUSDT,2026-04-17,1
ETCUSDT,2026-04-17,1
FARTCOINUSDT,2026-04-17,1
FILUSDT,2026-04-17,1
GALAUSDT,2026-04-17,1
HBARUSDT,2026-04-17,1
HYPEUSDT,2026-04-17,1
ICPUSDT,2026-04-17,1
INJUSDT,2026-04-17,1
IPUSDT,2026-04-17,1
JUPUSDT,2026-04-17,1
KITEUSDT,2026-04-17,1
LABUSDT,2026-04-17,1
LDOUSDT,2026-04-17,1
LINKUSDT,2026-04-17,1
LITUSDT,2026-04-17,1
LTCUSDT,2026-04-17,1
LYNUSDT,2026-04-17,1
MNTUSDT,2026-04-17,1
MONUSDT,2026-04-17,1
MUSDT,2026-04-17,1
NEARUSDT,2026-04-17,1
NOMUSDT,2026-04-17,1
ONDOUSDT,2026-04-17,1
ONTUSDT,2026-04-17,1
OPUSDT,2026-04-17,1
PAXGUSDT,2026-04-17,1
PENGUUSDT,2026-04-17,1
PIPPINUSDT,2026-04-17,1
PIXELUSDT,2026-04-17,1
POLUSDT,2026-04-17,1
POWERUSDT,2026-04-17,1
PUMPFUNUSDT,2026-04-17,1
RAVEUSDT,2026-04-17,1
REDUSDT,2026-04-17,1
RENDERUSDT,2026-04-17,1
RIVERUSDT,2026-04-17,1
SEIUSDT,2026-04-17,1
SHIB1000USDT,2026-04-17,1
SIRENUSDT,2026-04-17,1
SOLUSDT,2026-04-17,1
SPXUSDT,2026-04-17,1
STOUSDT,2026-04-17,1
STRKUSDT,2026-04-17,1
SUIUSDT,2026-04-17,1
TAOUSDT,2026-04-17,1
TIAUSDT,2026-04-17,1
TONUSDT,2026-04-17,1
TRIAUSDT,2026-04-17,1
TRUMPUSDT,2026-04-17,1
TRXUSDT,2026-04-17,1
UNIUSDT,2026-04-17,1
VIRTUALUSDT,2026-04-17,1
VVVUSDT,2026-04-17,1
WIFUSDT,2026-04-17,1
WLDUSDT,2026-04-17,1
WLFIUSDT,2026-04-17,1
XAUTUSDT,2026-04-17,1
XLMUSDT,2026-04-17,1
XMRUSDT,2026-04-17,1
XPLUSDT,2026-04-17,1
XRPUSDT,2026-04-17,1
ZECUSDT,2026-04-17,1
ZROUSDT,2026-04-17,1
1000BONKUSDT,2026-04-18,1
1000PEPEUSDT,2026-04-18,1
AAVEUSDT,2026-04-18,1
ADAUSDT,2026-04-18,1
ALGOUSDT,2026-04-18,1
APTUSDT,2026-04-18,1
ARBUSDT,2026-04-18,1
ARIAUSDT,2026-04-18,1
ASTERUSDT,2026-04-18,1
ATHUSDT,2026-04-18,1
ATOMUSDT,2026-04-18,1
AVAXUSDT,2026-04-18,1
AXSUSDT,2026-04-18,1
BARDUSDT,2026-04-18,1
BCHUSDT,2026-04-18,1
BEATUSDT,2026-04-18,1
BNBUSDT,2026-04-18,1
CRVUSDT,2026-04-18,1
DASHUSDT,2026-04-18,1
DOGEUSDT,2026-04-18,1
DOTUSDT,2026-04-18,1
DRIFTUSDT,2026-04-18,1
DYDXUSDT,2026-04-18,1
ENAUSDT,2026-04-18,1
ENJUSDT,2026-04-18,1
ETCUSDT,2026-04-18,1
FARTCOINUSDT,2026-04-18,1
FILUSDT,2026-04-18,1
GALAUSDT,2026-04-18,1
HBARUSDT,2026-04-18,1
HYPEUSDT,2026-04-18,1
ICPUSDT,2026-04-18,1
INJUSDT,2026-04-18,1
IPUSDT,2026-04-18,1
JUPUSDT,2026-04-18,1
KITEUSDT,2026-04-18,1
LABUSDT,2026-04-18,1
LDOUSDT,2026-04-18,1
LINKUSDT,2026-04-18,1
LITUSDT,2026-04-18,1
LTCUSDT,2026-04-18,1
LYNUSDT,2026-04-18,1
MNTUSDT,2026-04-18,1
MONUSDT,2026-04-18,1
MUSDT,2026-04-18,1
NEARUSDT,2026-04-18,1
NOMUSDT,2026-04-18,1
ONDOUSDT,2026-04-18,1
ONTUSDT,2026-04-18,1
OPUSDT,2026-04-18,1
PAXGUSDT,2026-04-18,1
PENGUUSDT,2026-04-18,1
PIPPINUSDT,2026-04-18,1
PIXELUSDT,2026-04-18,1
POLUSDT,2026-04-18,1
POWERUSDT,2026-04-18,1
PUMPFUNUSDT,2026-04-18,1
RAVEUSDT,2026-04-18,1
REDUSDT,2026-04-18,1
RENDERUSDT,2026-04-18,1
RIVERUSDT,2026-04-18,1
SEIUSDT,2026-04-18,1
SHIB1000USDT,2026-04-18,1
SIRENUSDT,2026-04-18,1
SOLUSDT,2026-04-18,1
SPXUSDT,2026-04-18,1
STOUSDT,2026-04-18,1
STRKUSDT,2026-04-18,1
SUIUSDT,2026-04-18,1
TAOUSDT,2026-04-18,1
TIAUSDT,2026-04-18,1
TONUSDT,2026-04-18,1
TRIAUSDT,2026-04-18,1
TRUMPUSDT,2026-04-18,1
TRXUSDT,2026-04-18,1
UNIUSDT,2026-04-18,1
VIRTUALUSDT,2026-04-18,1
VVVUSDT,2026-04-18,1
WIFUSDT,2026-04-18,1
WLDUSDT,2026-04-18,1
WLFIUSDT,2026-04-18,1
XAUTUSDT,2026-04-18,1
XLMUSDT,2026-04-18,1
XMRUSDT,2026-04-18,1
XPLUSDT,2026-04-18,1
XRPUSDT,2026-04-18,1
ZECUSDT,2026-04-18,1
ZROUSDT,2026-04-18,1
1000BONKUSDT,2026-04-19,1
1000PEPEUSDT,2026-04-19,1
AAVEUSDT,2026-04-19,1
ADAUSDT,2026-04-19,1
ALGOUSDT,2026-04-19,1
APTUSDT,2026-04-19,1
ARBUSDT,2026-04-19,1
ARIAUSDT,2026-04-19,1
ASTERUSDT,2026-04-19,1
ATHUSDT,2026-04-19,1
ATOMUSDT,2026-04-19,1
AVAXUSDT,2026-04-19,1
AXSUSDT,2026-04-19,1
BARDUSDT,2026-04-19,1
BCHUSDT,2026-04-19,1
BEATUSDT,2026-04-19,1
BLESSUSDT,2026-04-19,1
BNBUSDT,2026-04-19,1
CRVUSDT,2026-04-19,1
DASHUSDT,2026-04-19,1
DOGEUSDT,2026-04-19,1
DOTUSDT,2026-04-19,1
DRIFTUSDT,2026-04-19,1
DYDXUSDT,2026-04-19,1
ENAUSDT,2026-04-19,1
ENJUSDT,2026-04-19,1
ETCUSDT,2026-04-19,1
FARTCOINUSDT,2026-04-19,1
FILUSDT,2026-04-19,1
GALAUSDT,2026-04-19,1
HBARUSDT,2026-04-19,1
HYPEUSDT,2026-04-19,1
ICPUSDT,2026-04-19,1
INJUSDT,2026-04-19,1
IPUSDT,2026-04-19,1
JUPUSDT,2026-04-19,1
KITEUSDT,2026-04-19,1
LABUSDT,2026-04-19,1
LDOUSDT,2026-04-19,1
LINKUSDT,2026-04-19,1
LITUSDT,2026-04-19,1
LTCUSDT,2026-04-19,1
LYNUSDT,2026-04-19,1
MNTUSDT,2026-04-19,1
MONUSDT,2026-04-19,1
MUSDT,2026-04-19,1
NEARUSDT,2026-04-19,1
NOMUSDT,2026-04-19,1
ONDOUSDT,2026-04-19,1
ONTUSDT,2026-04-19,1
OPUSDT,2026-04-19,1
PAXGUSDT,2026-04-19,1
PENGUUSDT,2026-04-19,1
PIPPINUSDT,2026-04-19,1
PIXELUSDT,2026-04-19,1
POLUSDT,2026-04-19,1
POWERUSDT,2026-04-19,1
PUMPFUNUSDT,2026-04-19,1
RAVEUSDT,2026-04-19,1
REDUSDT,2026-04-19,1
RENDERUSDT,2026-04-19,1
RIVERUSDT,2026-04-19,1
SEIUSDT,2026-04-19,1
SHIB1000USDT,2026-04-19,1
SIRENUSDT,2026-04-19,1
SOLUSDT,2026-04-19,1
SPXUSDT,2026-04-19,1
STOUSDT,2026-04-19,1
STRKUSDT,2026-04-19,1
SUIUSDT,2026-04-19,1
TAOUSDT,2026-04-19,1
TIAUSDT,2026-04-19,1
TONUSDT,2026-04-19,1
TRIAUSDT,2026-04-19,1
TRUMPUSDT,2026-04-19,1
TRXUSDT,2026-04-19,1
UNIUSDT,2026-04-19,1
VIRTUALUSDT,2026-04-19,1
VVVUSDT,2026-04-19,1
WIFUSDT,2026-04-19,1
WLDUSDT,2026-04-19,1
WLFIUSDT,2026-04-19,1
XAUTUSDT,2026-04-19,1
XLMUSDT,2026-04-19,1
XMRUSDT,2026-04-19,1
XPLUSDT,2026-04-19,1
XRPUSDT,2026-04-19,1
ZECUSDT,2026-04-19,1
ZROUSDT,2026-04-19,1
1000BONKUSDT,2026-04-20,1
1000PEPEUSDT,2026-04-20,1
AAVEUSDT,2026-04-20,1
ADAUSDT,2026-04-20,1
ALGOUSDT,2026-04-20,1
APTUSDT,2026-04-20,1
ARBUSDT,2026-04-20,1
ARIAUSDT,2026-04-20,1
ASTERUSDT,2026-04-20,1
ATHUSDT,2026-04-20,1
ATOMUSDT,2026-04-20,1
AVAXUSDT,2026-04-20,1
AXSUSDT,2026-04-20,1
BARDUSDT,2026-04-20,1
BCHUSDT,2026-04-20,1
BEATUSDT,2026-04-20,1
BLESSUSDT,2026-04-20,1
BNBUSDT,2026-04-20,1
CRVUSDT,2026-04-20,1
DASHUSDT,2026-04-20,1
DOGEUSDT,2026-04-20,1
DOTUSDT,2026-04-20,1
DRIFTUSDT,2026-04-20,1
DYDXUSDT,2026-04-20,1
ENAUSDT,2026-04-20,1
ENJUSDT,2026-04-20,1
ETCUSDT,2026-04-20,1
FARTCOINUSDT,2026-04-20,1
FILUSDT,2026-04-20,1
GALAUSDT,2026-04-20,1
HBARUSDT,2026-04-20,1
HYPEUSDT,2026-04-20,1
ICPUSDT,2026-04-20,1
INJUSDT,2026-04-20,1
IPUSDT,2026-04-20,1
JUPUSDT,2026-04-20,1
KITEUSDT,2026-04-20,1
LABUSDT,2026-04-20,1
LDOUSDT,2026-04-20,1
LINKUSDT,2026-04-20,1
LITUSDT,2026-04-20,1
LTCUSDT,2026-04-20,1
LYNUSDT,2026-04-20,1
MNTUSDT,2026-04-20,1
MONUSDT,2026-04-20,1
MUSDT,2026-04-20,1
NEARUSDT,2026-04-20,1
NOMUSDT,2026-04-20,1
ONDOUSDT,2026-04-20,1
ONTUSDT,2026-04-20,1
OPUSDT,2026-04-20,1
ORDIUSDT,2026-04-20,1
PAXGUSDT,2026-04-20,1
PENGUUSDT,2026-04-20,1
PIPPINUSDT,2026-04-20,1
PIXELUSDT,2026-04-20,1
POLUSDT,2026-04-20,1
POWERUSDT,2026-04-20,1
PUMPFUNUSDT,2026-04-20,1
RAVEUSDT,2026-04-20,1
REDUSDT,2026-04-20,1
RENDERUSDT,2026-04-20,1
RIVERUSDT,2026-04-20,1
SEIUSDT,2026-04-20,1
SHIB1000USDT,2026-04-20,1
SIRENUSDT,2026-04-20,1
SOLUSDT,2026-04-20,1
SPXUSDT,2026-04-20,1
STOUSDT,2026-04-20,1
STRKUSDT,2026-04-20,1
SUIUSDT,2026-04-20,1
TAOUSDT,2026-04-20,1
TIAUSDT,2026-04-20,1
TONUSDT,2026-04-20,1
TRIAUSDT,2026-04-20,1
TRUMPUSDT,2026-04-20,1
TRXUSDT,2026-04-20,1
UNIUSDT,2026-04-20,1
VIRTUALUSDT,2026-04-20,1
VVVUSDT,2026-04-20,1
WIFUSDT,2026-04-20,1
WLDUSDT,2026-04-20,1
WLFIUSDT,2026-04-20,1
XAUTUSDT,2026-04-20,1
XLMUSDT,2026-04-20,1
XMRUSDT,2026-04-20,1
XPLUSDT,2026-04-20,1
XRPUSDT,2026-04-20,1
ZECUSDT,2026-04-20,1
ZROUSDT,2026-04-20,1
1000BONKUSDT,2026-04-21,1
1000PEPEUSDT,2026-04-21,1
AAVEUSDT,2026-04-21,1
ADAUSDT,2026-04-21,1
ALGOUSDT,2026-04-21,1
APTUSDT,2026-04-21,1
ARBUSDT,2026-04-21,1
ARIAUSDT,2026-04-21,1
ASTERUSDT,2026-04-21,1
ATOMUSDT,2026-04-21,1
AVAXUSDT,2026-04-21,1
AXSUSDT,2026-04-21,1
BARDUSDT,2026-04-21,1
BCHUSDT,2026-04-21,1
BEATUSDT,2026-04-21,1
BLESSUSDT,2026-04-21,1
BNBUSDT,2026-04-21,1
CRVUSDT,2026-04-21,1
DASHUSDT,2026-04-21,1
DOGEUSDT,2026-04-21,1
DOTUSDT,2026-04-21,1
DRIFTUSDT,2026-04-21,1
DYDXUSDT,2026-04-21,1
ENAUSDT,2026-04-21,1
ENJUSDT,2026-04-21,1
FARTCOINUSDT,2026-04-21,1
FILUSDT,2026-04-21,1
GALAUSDT,2026-04-21,1
HBARUSDT,2026-04-21,1
HYPEUSDT,2026-04-21,1
ICPUSDT,2026-04-21,1
INJUSDT,2026-04-21,1
IPUSDT,2026-04-21,1
JUPUSDT,2026-04-21,1
KITEUSDT,2026-04-21,1
LABUSDT,2026-04-21,1
LDOUSDT,2026-04-21,1
LINKUSDT,2026-04-21,1
LITUSDT,2026-04-21,1
LTCUSDT,2026-04-21,1
LYNUSDT,2026-04-21,1
MNTUSDT,2026-04-21,1
MONUSDT,2026-04-21,1
MUSDT,2026-04-21,1
NEARUSDT,2026-04-21,1
NOMUSDT,2026-04-21,1
ONDOUSDT,2026-04-21,1
ONTUSDT,2026-04-21,1
OPUSDT,2026-04-21,1
ORDIUSDT,2026-04-21,1
PAXGUSDT,2026-04-21,1
PENGUUSDT,2026-04-21,1
PIPPINUSDT,2026-04-21,1
PIXELUSDT,2026-04-21,1
POLUSDT,2026-04-21,1
POWERUSDT,2026-04-21,1
PUMPFUNUSDT,2026-04-21,1
RAVEUSDT,2026-04-21,1
REDUSDT,2026-04-21,1
RENDERUSDT,2026-04-21,1
RIVERUSDT,2026-04-21,1
SEIUSDT,2026-04-21,1
SHIB1000USDT,2026-04-21,1
SIRENUSDT,2026-04-21,1
SOLUSDT,2026-04-21,1
SPXUSDT,2026-04-21,1
STOUSDT,2026-04-21,1
STRKUSDT,2026-04-21,1
SUIUSDT,2026-04-21,1
TAOUSDT,2026-04-21,1
TIAUSDT,2026-04-21,1
TONUSDT,2026-04-21,1
TRIAUSDT,2026-04-21,1
TRUMPUSDT,2026-04-21,1
TRXUSDT,2026-04-21,1
UNIUSDT,2026-04-21,1
VIRTUALUSDT,2026-04-21,1
VVVUSDT,2026-04-21,1
WIFUSDT,2026-04-21,1
WLDUSDT,2026-04-21,1
WLFIUSDT,2026-04-21,1
XAUTUSDT,2026-04-21,1
XLMUSDT,2026-04-21,1
XMRUSDT,2026-04-21,1
XPLUSDT,2026-04-21,1
XRPUSDT,2026-04-21,1
ZECUSDT,2026-04-21,1
ZROUSDT,2026-04-21,1
1000BONKUSDT,2026-04-22,1
1000PEPEUSDT,2026-04-22,1
AAVEUSDT,2026-04-22,1
ADAUSDT,2026-04-22,1
ALGOUSDT,2026-04-22,1
APTUSDT,2026-04-22,1
ARBUSDT,2026-04-22,1
ARIAUSDT,2026-04-22,1
ASTERUSDT,2026-04-22,1
ATOMUSDT,2026-04-22,1
AVAXUSDT,2026-04-22,1
AXSUSDT,2026-04-22,1
BARDUSDT,2026-04-22,1
BCHUSDT,2026-04-22,1
BEATUSDT,2026-04-22,1
BIOUSDT,2026-04-22,1
BLESSUSDT,2026-04-22,1
BNBUSDT,2026-04-22,1
CRVUSDT,2026-04-22,1
DASHUSDT,2026-04-22,1
DOGEUSDT,2026-04-22,1
DOTUSDT,2026-04-22,1
DRIFTUSDT,2026-04-22,1
DYDXUSDT,2026-04-22,1
ENAUSDT,2026-04-22,1
ENJUSDT,2026-04-22,1
FARTCOINUSDT,2026-04-22,1
FILUSDT,2026-04-22,1
GALAUSDT,2026-04-22,1
HBARUSDT,2026-04-22,1
HYPEUSDT,2026-04-22,1
ICPUSDT,2026-04-22,1
INJUSDT,2026-04-22,1
IPUSDT,2026-04-22,1
JUPUSDT,2026-04-22,1
KITEUSDT,2026-04-22,1
LABUSDT,2026-04-22,1
LDOUSDT,2026-04-22,1
LINKUSDT,2026-04-22,1
LITUSDT,2026-04-22,1
LTCUSDT,2026-04-22,1
LYNUSDT,2026-04-22,1
MNTUSDT,2026-04-22,1
MONUSDT,2026-04-22,1
MUSDT,2026-04-22,1
NEARUSDT,2026-04-22,1
NOMUSDT,2026-04-22,1
ONDOUSDT,2026-04-22,1
ONTUSDT,2026-04-22,1
OPUSDT,2026-04-22,1
ORDIUSDT,2026-04-22,1
PAXGUSDT,2026-04-22,1
PENGUUSDT,2026-04-22,1
PIPPINUSDT,2026-04-22,1
PIXELUSDT,2026-04-22,1
POLUSDT,2026-04-22,1
POWERUSDT,2026-04-22,1
PUMPFUNUSDT,2026-04-22,1
RAVEUSDT,2026-04-22,1
REDUSDT,2026-04-22,1
RENDERUSDT,2026-04-22,1
RIVERUSDT,2026-04-22,1
SEIUSDT,2026-04-22,1
SHIB1000USDT,2026-04-22,1
SIRENUSDT,2026-04-22,1
SOLUSDT,2026-04-22,1
SPXUSDT,2026-04-22,1
STOUSDT,2026-04-22,1
STRKUSDT,2026-04-22,1
SUIUSDT,2026-04-22,1
TAOUSDT,2026-04-22,1
TIAUSDT,2026-04-22,1
TONUSDT,2026-04-22,1
TRIAUSDT,2026-04-22,1
TRUMPUSDT,2026-04-22,1
TRXUSDT,2026-04-22,1
UNIUSDT,2026-04-22,1
VIRTUALUSDT,2026-04-22,1
VVVUSDT,2026-04-22,1
WIFUSDT,2026-04-22,1
WLDUSDT,2026-04-22,1
WLFIUSDT,2026-04-22,1
XAUTUSDT,2026-04-22,1
XLMUSDT,2026-04-22,1
XMRUSDT,2026-04-22,1
XPLUSDT,2026-04-22,1
XRPUSDT,2026-04-22,1
ZECUSDT,2026-04-22,1
ZROUSDT,2026-04-22,1
1000BONKUSDT,2026-04-23,1
1000PEPEUSDT,2026-04-23,1
AAVEUSDT,2026-04-23,1
ADAUSDT,2026-04-23,1
ALGOUSDT,2026-04-23,1
APTUSDT,2026-04-23,1
ARBUSDT,2026-04-23,1
ARIAUSDT,2026-04-23,1
ASTERUSDT,2026-04-23,1
ATOMUSDT,2026-04-23,1
AVAXUSDT,2026-04-23,1
AXSUSDT,2026-04-23,1
BARDUSDT,2026-04-23,1
BCHUSDT,2026-04-23,1
BEATUSDT,2026-04-23,1
BIOUSDT,2026-04-23,1
BLESSUSDT,2026-04-23,1
BNBUSDT,2026-04-23,1
CRVUSDT,2026-04-23,1
DASHUSDT,2026-04-23,1
DOGEUSDT,2026-04-23,1
DOTUSDT,2026-04-23,1
DRIFTUSDT,2026-04-23,1
DYDXUSDT,2026-04-23,1
ENAUSDT,2026-04-23,1
ENJUSDT,2026-04-23,1
FARTCOINUSDT,2026-04-23,1
FILUSDT,2026-04-23,1
GALAUSDT,2026-04-23,1
HBARUSDT,2026-04-23,1
HYPEUSDT,2026-04-23,1
ICPUSDT,2026-04-23,1
INJUSDT,2026-04-23,1
IPUSDT,2026-04-23,1
JUPUSDT,2026-04-23,1
LABUSDT,2026-04-23,1
LDOUSDT,2026-04-23,1
LINKUSDT,2026-04-23,1
LITUSDT,2026-04-23,1
LTCUSDT,2026-04-23,1
LYNUSDT,2026-04-23,1
MNTUSDT,2026-04-23,1
MONUSDT,2026-04-23,1
MOODENGUSDT,2026-04-23,1
MUSDT,2026-04-23,1
NEARUSDT,2026-04-23,1
NOMUSDT,2026-04-23,1
ONDOUSDT,2026-04-23,1
ONTUSDT,2026-04-23,1
OPUSDT,2026-04-23,1
ORDIUSDT,2026-04-23,1
PAXGUSDT,2026-04-23,1
PENGUUSDT,2026-04-23,1
PIPPINUSDT,2026-04-23,1
PIXELUSDT,2026-04-23,1
POLUSDT,2026-04-23,1
POWERUSDT,2026-04-23,1
PUMPFUNUSDT,2026-04-23,1
RAVEUSDT,2026-04-23,1
REDUSDT,2026-04-23,1
RENDERUSDT,2026-04-23,1
RIVERUSDT,2026-04-23,1
SEIUSDT,2026-04-23,1
SHIB1000USDT,2026-04-23,1
SIRENUSDT,2026-04-23,1
SOLUSDT,2026-04-23,1
SPXUSDT,2026-04-23,1
STRKUSDT,2026-04-23,1
SUIUSDT,2026-04-23,1
TAOUSDT,2026-04-23,1
TIAUSDT,2026-04-23,1
TONUSDT,2026-04-23,1
TRIAUSDT,2026-04-23,1
TRUMPUSDT,2026-04-23,1
TRXUSDT,2026-04-23,1
UNIUSDT,2026-04-23,1
VIRTUALUSDT,2026-04-23,1
VVVUSDT,2026-04-23,1
WIFUSDT,2026-04-23,1
WLDUSDT,2026-04-23,1
WLFIUSDT,2026-04-23,1
XAUTUSDT,2026-04-23,1
XLMUSDT,2026-04-23,1
XMRUSDT,2026-04-23,1
XPLUSDT,2026-04-23,1
XRPUSDT,2026-04-23,1
ZECUSDT,2026-04-23,1
ZROUSDT,2026-04-23,1
1000BONKUSDT,2026-04-24,1
1000PEPEUSDT,2026-04-24,1
AAVEUSDT,2026-04-24,1
ADAUSDT,2026-04-24,1
ALGOUSDT,2026-04-24,1
APTUSDT,2026-04-24,1
ARBUSDT,2026-04-24,1
ARIAUSDT,2026-04-24,1
ASTERUSDT,2026-04-24,1
ATOMUSDT,2026-04-24,1
AVAXUSDT,2026-04-24,1
AXSUSDT,2026-04-24,1
BCHUSDT,2026-04-24,1
BEATUSDT,2026-04-24,1
BIOUSDT,2026-04-24,1
BLESSUSDT,2026-04-24,1
BNBUSDT,2026-04-24,1
CRVUSDT,2026-04-24,1
DASHUSDT,2026-04-24,1
DOGEUSDT,2026-04-24,1
DOTUSDT,2026-04-24,1
DYDXUSDT,2026-04-24,1
ENAUSDT,2026-04-24,1
ENJUSDT,2026-04-24,1
FARTCOINUSDT,2026-04-24,1
FILUSDT,2026-04-24,1
GALAUSDT,2026-04-24,1
HBARUSDT,2026-04-24,1
HYPEUSDT,2026-04-24,1
ICPUSDT,2026-04-24,1
INJUSDT,2026-04-24,1
IPUSDT,2026-04-24,1
JUPUSDT,2026-04-24,1
LABUSDT,2026-04-24,1
LDOUSDT,2026-04-24,1
LINKUSDT,2026-04-24,1
LITUSDT,2026-04-24,1
LTCUSDT,2026-04-24,1
LYNUSDT,2026-04-24,1
MNTUSDT,2026-04-24,1
MONUSDT,2026-04-24,1
MOODENGUSDT,2026-04-24,1
MUSDT,2026-04-24,1
NEARUSDT,2026-04-24,1
NOMUSDT,2026-04-24,1
ONDOUSDT,2026-04-24,1
ONTUSDT,2026-04-24,1
OPUSDT,2026-04-24,1
ORDIUSDT,2026-04-24,1
PAXGUSDT,2026-04-24,1
PENGUUSDT,2026-04-24,1
PIPPINUSDT,2026-04-24,1
PIXELUSDT,2026-04-24,1
POLUSDT,2026-04-24,1
POWERUSDT,2026-04-24,1
PUMPFUNUSDT,2026-04-24,1
RAVEUSDT,2026-04-24,1
REDUSDT,2026-04-24,1
RENDERUSDT,2026-04-24,1
RIVERUSDT,2026-04-24,1
SEIUSDT,2026-04-24,1
SHIB1000USDT,2026-04-24,1
SIRENUSDT,2026-04-24,1
SOLUSDT,2026-04-24,1
SPXUSDT,2026-04-24,1
STRKUSDT,2026-04-24,1
SUIUSDT,2026-04-24,1
TAOUSDT,2026-04-24,1
TIAUSDT,2026-04-24,1
TONUSDT,2026-04-24,1
TRIAUSDT,2026-04-24,1
TRUMPUSDT,2026-04-24,1
TRXUSDT,2026-04-24,1
UNIUSDT,2026-04-24,1
VIRTUALUSDT,2026-04-24,1
VVVUSDT,2026-04-24,1
WIFUSDT,2026-04-24,1
WLDUSDT,2026-04-24,1
WLFIUSDT,2026-04-24,1
XAUTUSDT,2026-04-24,1
XLMUSDT,2026-04-24,1
XMRUSDT,2026-04-24,1
XPLUSDT,2026-04-24,1
XRPUSDT,2026-04-24,1
ZECUSDT,2026-04-24,1
ZROUSDT,2026-04-24,1
1000BONKUSDT,2026-04-25,1
1000PEPEUSDT,2026-04-25,1
AAVEUSDT,2026-04-25,1
ADAUSDT,2026-04-25,1
ALGOUSDT,2026-04-25,1
APTUSDT,2026-04-25,1
ARBUSDT,2026-04-25,1
ARIAUSDT,2026-04-25,1
ASTERUSDT,2026-04-25,1
ATOMUSDT,2026-04-25,1
AVAXUSDT,2026-04-25,1
AXSUSDT,2026-04-25,1
BCHUSDT,2026-04-25,1
BEATUSDT,2026-04-25,1
BIOUSDT,2026-04-25,1
BLESSUSDT,2026-04-25,1
BLURUSDT,2026-04-25,1
BNBUSDT,2026-04-25,1
CRVUSDT,2026-04-25,1
DASHUSDT,2026-04-25,1
DOGEUSDT,2026-04-25,1
DOTUSDT,2026-04-25,1
DYDXUSDT,2026-04-25,1
ENAUSDT,2026-04-25,1
ENJUSDT,2026-04-25,1
FARTCOINUSDT,2026-04-25,1
FILUSDT,2026-04-25,1
GALAUSDT,2026-04-25,1
HBARUSDT,2026-04-25,1
HYPEUSDT,2026-04-25,1
ICPUSDT,2026-04-25,1
INJUSDT,2026-04-25,1
IPUSDT,2026-04-25,1
LABUSDT,2026-04-25,1
LDOUSDT,2026-04-25,1
LINKUSDT,2026-04-25,1
LITUSDT,2026-04-25,1
LTCUSDT,2026-04-25,1
LYNUSDT,2026-04-25,1
MNTUSDT,2026-04-25,1
MONUSDT,2026-04-25,1
MOODENGUSDT,2026-04-25,1
MUSDT,2026-04-25,1
NEARUSDT,2026-04-25,1
NOMUSDT,2026-04-25,1
ONDOUSDT,2026-04-25,1
ONTUSDT,2026-04-25,1
OPUSDT,2026-04-25,1
ORDIUSDT,2026-04-25,1
PAXGUSDT,2026-04-25,1
PENGUUSDT,2026-04-25,1
PIEVERSEUSDT,2026-04-25,1
PIPPINUSDT,2026-04-25,1
PIXELUSDT,2026-04-25,1
POLUSDT,2026-04-25,1
PUMPFUNUSDT,2026-04-25,1
RAVEUSDT,2026-04-25,1
REDUSDT,2026-04-25,1
RENDERUSDT,2026-04-25,1
RIVERUSDT,2026-04-25,1
SEIUSDT,2026-04-25,1
SHIB1000USDT,2026-04-25,1
SIRENUSDT,2026-04-25,1
SOLUSDT,2026-04-25,1
SPXUSDT,2026-04-25,1
STRKUSDT,2026-04-25,1
SUIUSDT,2026-04-25,1
TAOUSDT,2026-04-25,1
TIAUSDT,2026-04-25,1
TONUSDT,2026-04-25,1
TRIAUSDT,2026-04-25,1
TRUMPUSDT,2026-04-25,1
TRXUSDT,2026-04-25,1
UNIUSDT,2026-04-25,1
VIRTUALUSDT,2026-04-25,1
VVVUSDT,2026-04-25,1
WIFUSDT,2026-04-25,1
WLDUSDT,2026-04-25,1
WLFIUSDT,2026-04-25,1
XAUTUSDT,2026-04-25,1
XLMUSDT,2026-04-25,1
XMRUSDT,2026-04-25,1
XPLUSDT,2026-04-25,1
XRPUSDT,2026-04-25,1
ZECUSDT,2026-04-25,1
ZROUSDT,2026-04-25,1
1000BONKUSDT,2026-04-26,1
1000PEPEUSDT,2026-04-26,1
AAVEUSDT,2026-04-26,1
ADAUSDT,2026-04-26,1
ALGOUSDT,2026-04-26,1
APTUSDT,2026-04-26,1
ARBUSDT,2026-04-26,1
ARIAUSDT,2026-04-26,1
ASTERUSDT,2026-04-26,1
ATOMUSDT,2026-04-26,1
AVAXUSDT,2026-04-26,1
AXSUSDT,2026-04-26,1
BCHUSDT,2026-04-26,1
BEATUSDT,2026-04-26,1
BIOUSDT,2026-04-26,1
BLESSUSDT,2026-04-26,1
BLURUSDT,2026-04-26,1
BNBUSDT,2026-04-26,1
CRVUSDT,2026-04-26,1
DASHUSDT,2026-04-26,1
DOGEUSDT,2026-04-26,1
DOTUSDT,2026-04-26,1
DYDXUSDT,2026-04-26,1
ENAUSDT,2026-04-26,1
ENJUSDT,2026-04-26,1
FARTCOINUSDT,2026-04-26,1
FILUSDT,2026-04-26,1
GALAUSDT,2026-04-26,1
HBARUSDT,2026-04-26,1
HYPEUSDT,2026-04-26,1
ICPUSDT,2026-04-26,1
INJUSDT,2026-04-26,1
IPUSDT,2026-04-26,1
LABUSDT,2026-04-26,1
LDOUSDT,2026-04-26,1
LINKUSDT,2026-04-26,1
LITUSDT,2026-04-26,1
LTCUSDT,2026-04-26,1
LYNUSDT,2026-04-26,1
MNTUSDT,2026-04-26,1
MONUSDT,2026-04-26,1
MOODENGUSDT,2026-04-26,1
MUSDT,2026-04-26,1
NEARUSDT,2026-04-26,1
ONDOUSDT,2026-04-26,1
OPUSDT,2026-04-26,1
ORDIUSDT,2026-04-26,1
PAXGUSDT,2026-04-26,1
PENGUUSDT,2026-04-26,1
PIEVERSEUSDT,2026-04-26,1
PIPPINUSDT,2026-04-26,1
POLUSDT,2026-04-26,1
PUMPFUNUSDT,2026-04-26,1
RAVEUSDT,2026-04-26,1
REDUSDT,2026-04-26,1
RENDERUSDT,2026-04-26,1
RIVERUSDT,2026-04-26,1
SEIUSDT,2026-04-26,1
SHIB1000USDT,2026-04-26,1
SIRENUSDT,2026-04-26,1
SOLUSDT,2026-04-26,1
SPXUSDT,2026-04-26,1
STRKUSDT,2026-04-26,1
SUIUSDT,2026-04-26,1
TAOUSDT,2026-04-26,1
TIAUSDT,2026-04-26,1
TONUSDT,2026-04-26,1
TRIAUSDT,2026-04-26,1
TRUMPUSDT,2026-04-26,1
TRXUSDT,2026-04-26,1
UNIUSDT,2026-04-26,1
VIRTUALUSDT,2026-04-26,1
VVVUSDT,2026-04-26,1
WIFUSDT,2026-04-26,1
WLDUSDT,2026-04-26,1
WLFIUSDT,2026-04-26,1
XAUTUSDT,2026-04-26,1
XLMUSDT,2026-04-26,1
XMRUSDT,2026-04-26,1
XPLUSDT,2026-04-26,1
XRPUSDT,2026-04-26,1
ZECUSDT,2026-04-26,1
ZROUSDT,2026-04-26,1
1000BONKUSDT,2026-04-27,1
1000PEPEUSDT,2026-04-27,1
AAVEUSDT,2026-04-27,1
ADAUSDT,2026-04-27,1
ALGOUSDT,2026-04-27,1
APTUSDT,2026-04-27,1
ARBUSDT,2026-04-27,1
ARIAUSDT,2026-04-27,1
ASTERUSDT,2026-04-27,1
ATOMUSDT,2026-04-27,1
AVAXUSDT,2026-04-27,1
AXSUSDT,2026-04-27,1
BCHUSDT,2026-04-27,1
BEATUSDT,2026-04-27,1
BIOUSDT,2026-04-27,1
BLESSUSDT,2026-04-27,1
BLURUSDT,2026-04-27,1
BNBUSDT,2026-04-27,1
CRVUSDT,2026-04-27,1
DASHUSDT,2026-04-27,1
DOGEUSDT,2026-04-27,1
DOTUSDT,2026-04-27,1
DYDXUSDT,2026-04-27,1
ENAUSDT,2026-04-27,1
ENJUSDT,2026-04-27,1
FARTCOINUSDT,2026-04-27,1
FILUSDT,2026-04-27,1
GALAUSDT,2026-04-27,1
HBARUSDT,2026-04-27,1
HYPEUSDT,2026-04-27,1
ICPUSDT,2026-04-27,1
INJUSDT,2026-04-27,1
IPUSDT,2026-04-27,1
LABUSDT,2026-04-27,1
LDOUSDT,2026-04-27,1
LINKUSDT,2026-04-27,1
LITUSDT,2026-04-27,1
LTCUSDT,2026-04-27,1
LYNUSDT,2026-04-27,1
MNTUSDT,2026-04-27,1
MONUSDT,2026-04-27,1
MOODENGUSDT,2026-04-27,1
MUSDT,2026-04-27,1
NEARUSDT,2026-04-27,1
ONDOUSDT,2026-04-27,1
OPUSDT,2026-04-27,1
ORDIUSDT,2026-04-27,1
PAXGUSDT,2026-04-27,1
PENGUUSDT,2026-04-27,1
PIEVERSEUSDT,2026-04-27,1
PIPPINUSDT,2026-04-27,1
POLUSDT,2026-04-27,1
PUMPFUNUSDT,2026-04-27,1
RAVEUSDT,2026-04-27,1
REDUSDT,2026-04-27,1
RENDERUSDT,2026-04-27,1
RIVERUSDT,2026-04-27,1
SEIUSDT,2026-04-27,1
SHIB1000USDT,2026-04-27,1
SIRENUSDT,2026-04-27,1
SOLUSDT,2026-04-27,1
SPXUSDT,2026-04-27,1
STRKUSDT,2026-04-27,1
SUIUSDT,2026-04-27,1
TAOUSDT,2026-04-27,1
TIAUSDT,2026-04-27,1
TONUSDT,2026-04-27,1
TRIAUSDT,2026-04-27,1
TRUMPUSDT,2026-04-27,1
TRXUSDT,2026-04-27,1
UNIUSDT,2026-04-27,1
VIRTUALUSDT,2026-04-27,1
VVVUSDT,2026-04-27,1
WIFUSDT,2026-04-27,1
WLDUSDT,2026-04-27,1
WLFIUSDT,2026-04-27,1
XAUTUSDT,2026-04-27,1
XLMUSDT,2026-04-27,1
XMRUSDT,2026-04-27,1
XPLUSDT,2026-04-27,1
XRPUSDT,2026-04-27,1
ZECUSDT,2026-04-27,1
ZROUSDT,2026-04-27,1
1000BONKUSDT,2026-04-28,1
1000PEPEUSDT,2026-04-28,1
AAVEUSDT,2026-04-28,1
ADAUSDT,2026-04-28,1
ALGOUSDT,2026-04-28,1
APTUSDT,2026-04-28,1
ARBUSDT,2026-04-28,1
ARIAUSDT,2026-04-28,1
ASTERUSDT,2026-04-28,1
ATOMUSDT,2026-04-28,1
AVAXUSDT,2026-04-28,1
AXSUSDT,2026-04-28,1
BCHUSDT,2026-04-28,1
BEATUSDT,2026-04-28,1
BIOUSDT,2026-04-28,1
BLESSUSDT,2026-04-28,1
BLURUSDT,2026-04-28,1
BNBUSDT,2026-04-28,1
CRVUSDT,2026-04-28,1
DASHUSDT,2026-04-28,1
DOGEUSDT,2026-04-28,1
DOTUSDT,2026-04-28,1
DYDXUSDT,2026-04-28,1
ENAUSDT,2026-04-28,1
ENJUSDT,2026-04-28,1
FARTCOINUSDT,2026-04-28,1
FILUSDT,2026-04-28,1
GALAUSDT,2026-04-28,1
HBARUSDT,2026-04-28,1
HYPEUSDT,2026-04-28,1
ICPUSDT,2026-04-28,1
INJUSDT,2026-04-28,1
IPUSDT,2026-04-28,1
LABUSDT,2026-04-28,1
LDOUSDT,2026-04-28,1
LINKUSDT,2026-04-28,1
LITUSDT,2026-04-28,1
LTCUSDT,2026-04-28,1
LYNUSDT,2026-04-28,1
MNTUSDT,2026-04-28,1
MONUSDT,2026-04-28,1
MOODENGUSDT,2026-04-28,1
MUSDT,2026-04-28,1
NEARUSDT,2026-04-28,1
ONDOUSDT,2026-04-28,1
OPUSDT,2026-04-28,1
ORDIUSDT,2026-04-28,1
PAXGUSDT,2026-04-28,1
PENGUUSDT,2026-04-28,1
PIEVERSEUSDT,2026-04-28,1
PIPPINUSDT,2026-04-28,1
POLUSDT,2026-04-28,1
PUMPFUNUSDT,2026-04-28,1
RAVEUSDT,2026-04-28,1
REDUSDT,2026-04-28,1
RENDERUSDT,2026-04-28,1
RIVERUSDT,2026-04-28,1
SEIUSDT,2026-04-28,1
SHIB1000USDT,2026-04-28,1
SIRENUSDT,2026-04-28,1
SOLUSDT,2026-04-28,1
SPXUSDT,2026-04-28,1
STRKUSDT,2026-04-28,1
SUIUSDT,2026-04-28,1
TAOUSDT,2026-04-28,1
TIAUSDT,2026-04-28,1
TONUSDT,2026-04-28,1
TRIAUSDT,2026-04-28,1
TRUMPUSDT,2026-04-28,1
TRXUSDT,2026-04-28,1
UNIUSDT,2026-04-28,1
VIRTUALUSDT,2026-04-28,1
VVVUSDT,2026-04-28,1
WIFUSDT,2026-04-28,1
WLDUSDT,2026-04-28,1
WLFIUSDT,2026-04-28,1
XAUTUSDT,2026-04-28,1
XLMUSDT,2026-04-28,1
XMRUSDT,2026-04-28,1
XPLUSDT,2026-04-28,1
XRPUSDT,2026-04-28,1
ZECUSDT,2026-04-28,1
ZROUSDT,2026-04-28,1
1000BONKUSDT,2026-04-29,1
1000PEPEUSDT,2026-04-29,1
AAVEUSDT,2026-04-29,1
ADAUSDT,2026-04-29,1
ALGOUSDT,2026-04-29,1
APTUSDT,2026-04-29,1
ARBUSDT,2026-04-29,1
ARIAUSDT,2026-04-29,1
ASTERUSDT,2026-04-29,1
ATOMUSDT,2026-04-29,1
AVAXUSDT,2026-04-29,1
AXSUSDT,2026-04-29,1
BCHUSDT,2026-04-29,1
BEATUSDT,2026-04-29,1
BIOUSDT,2026-04-29,1
BLURUSDT,2026-04-29,1
BNBUSDT,2026-04-29,1
CRVUSDT,2026-04-29,1
DASHUSDT,2026-04-29,1
DOGEUSDT,2026-04-29,1
DOTUSDT,2026-04-29,1
DYDXUSDT,2026-04-29,1
ENAUSDT,2026-04-29,1
ENJUSDT,2026-04-29,1
FARTCOINUSDT,2026-04-29,1
FILUSDT,2026-04-29,1
GALAUSDT,2026-04-29,1
HBARUSDT,2026-04-29,1
HUSDT,2026-04-29,1
HYPEUSDT,2026-04-29,1
ICPUSDT,2026-04-29,1
INJUSDT,2026-04-29,1
IPUSDT,2026-04-29,1
LABUSDT,2026-04-29,1
LDOUSDT,2026-04-29,1
LINKUSDT,2026-04-29,1
LITUSDT,2026-04-29,1
LTCUSDT,2026-04-29,1
LYNUSDT,2026-04-29,1
MNTUSDT,2026-04-29,1
MONUSDT,2026-04-29,1
MOODENGUSDT,2026-04-29,1
MUSDT,2026-04-29,1
NEARUSDT,2026-04-29,1
ONDOUSDT,2026-04-29,1
OPUSDT,2026-04-29,1
ORDIUSDT,2026-04-29,1
PAXGUSDT,2026-04-29,1
PENGUUSDT,2026-04-29,1
PIEVERSEUSDT,2026-04-29,1
PIPPINUSDT,2026-04-29,1
POLUSDT,2026-04-29,1
PUMPFUNUSDT,2026-04-29,1
RAVEUSDT,2026-04-29,1
REDUSDT,2026-04-29,1
RENDERUSDT,2026-04-29,1
RIVERUSDT,2026-04-29,1
SEIUSDT,2026-04-29,1
SHIB1000USDT,2026-04-29,1
SIRENUSDT,2026-04-29,1
SOLUSDT,2026-04-29,1
SPKUSDT,2026-04-29,1
SPXUSDT,2026-04-29,1
STRKUSDT,2026-04-29,1
SUIUSDT,2026-04-29,1
TAOUSDT,2026-04-29,1
TIAUSDT,2026-04-29,1
TONUSDT,2026-04-29,1
TRIAUSDT,2026-04-29,1
TRUMPUSDT,2026-04-29,1
TRXUSDT,2026-04-29,1
UNIUSDT,2026-04-29,1
VIRTUALUSDT,2026-04-29,1
VVVUSDT,2026-04-29,1
WIFUSDT,2026-04-29,1
WLDUSDT,2026-04-29,1
WLFIUSDT,2026-04-29,1
XAUTUSDT,2026-04-29,1
XLMUSDT,2026-04-29,1
XMRUSDT,2026-04-29,1
XPLUSDT,2026-04-29,1
XRPUSDT,2026-04-29,1
ZECUSDT,2026-04-29,1
ZROUSDT,2026-04-29,1
1000BONKUSDT,2026-04-30,1
1000PEPEUSDT,2026-04-30,1
AAVEUSDT,2026-04-30,1
ADAUSDT,2026-04-30,1
ALGOUSDT,2026-04-30,1
APTUSDT,2026-04-30,1
ARBUSDT,2026-04-30,1
ASTERUSDT,2026-04-30,1
ATOMUSDT,2026-04-30,1
AVAXUSDT,2026-04-30,1
AXSUSDT,2026-04-30,1
BCHUSDT,2026-04-30,1
BEATUSDT,2026-04-30,1
BIOUSDT,2026-04-30,1
BLURUSDT,2026-04-30,1
BNBUSDT,2026-04-30,1
CRVUSDT,2026-04-30,1
DASHUSDT,2026-04-30,1
DOGEUSDT,2026-04-30,1
DOTUSDT,2026-04-30,1
DYDXUSDT,2026-04-30,1
ENAUSDT,2026-04-30,1
ENJUSDT,2026-04-30,1
FARTCOINUSDT,2026-04-30,1
FILUSDT,2026-04-30,1
GALAUSDT,2026-04-30,1
HBARUSDT,2026-04-30,1
HUSDT,2026-04-30,1
HYPEUSDT,2026-04-30,1
ICPUSDT,2026-04-30,1
INJUSDT,2026-04-30,1
IPUSDT,2026-04-30,1
KATUSDT,2026-04-30,1
LABUSDT,2026-04-30,1
LDOUSDT,2026-04-30,1
LINKUSDT,2026-04-30,1
LITUSDT,2026-04-30,1
LTCUSDT,2026-04-30,1
LYNUSDT,2026-04-30,1
MNTUSDT,2026-04-30,1
MONUSDT,2026-04-30,1
MOODENGUSDT,2026-04-30,1
MUSDT,2026-04-30,1
NEARUSDT,2026-04-30,1
ONDOUSDT,2026-04-30,1
OPUSDT,2026-04-30,1
ORDIUSDT,2026-04-30,1
PAXGUSDT,2026-04-30,1
PENGUUSDT,2026-04-30,1
PIEVERSEUSDT,2026-04-30,1
PIPPINUSDT,2026-04-30,1
POLUSDT,2026-04-30,1
PUMPFUNUSDT,2026-04-30,1
RAVEUSDT,2026-04-30,1
REDUSDT,2026-04-30,1
RENDERUSDT,2026-04-30,1
RIVERUSDT,2026-04-30,1
SEIUSDT,2026-04-30,1
SHIB1000USDT,2026-04-30,1
SIRENUSDT,2026-04-30,1
SOLUSDT,2026-04-30,1
SPKUSDT,2026-04-30,1
SPXUSDT,2026-04-30,1
STRKUSDT,2026-04-30,1
SUIUSDT,2026-04-30,1
TAOUSDT,2026-04-30,1
TIAUSDT,2026-04-30,1
TONUSDT,2026-04-30,1
TRIAUSDT,2026-04-30,1
TRUMPUSDT,2026-04-30,1
TRXUSDT,2026-04-30,1
UNIUSDT,2026-04-30,1
VIRTUALUSDT,2026-04-30,1
VVVUSDT,2026-04-30,1
WIFUSDT,2026-04-30,1
WLDUSDT,2026-04-30,1
WLFIUSDT,2026-04-30,1
XAUTUSDT,2026-04-30,1
XLMUSDT,2026-04-30,1
XMRUSDT,2026-04-30,1
XPLUSDT,2026-04-30,1
XRPUSDT,2026-04-30,1
ZECUSDT,2026-04-30,1
ZROUSDT,2026-04-30,1
1000BONKUSDT,2026-05-01,1
1000PEPEUSDT,2026-05-01,1
AAVEUSDT,2026-05-01,1
ADAUSDT,2026-05-01,1
ALGOUSDT,2026-05-01,1
APEUSDT,2026-05-01,1
APTUSDT,2026-05-01,1
ARBUSDT,2026-05-01,1
ASTERUSDT,2026-05-01,1
ATOMUSDT,2026-05-01,1
AVAXUSDT,2026-05-01,1
AXSUSDT,2026-05-01,1
BCHUSDT,2026-05-01,1
BEATUSDT,2026-05-01,1
BIOUSDT,2026-05-01,1
BLURUSDT,2026-05-01,1
BNBUSDT,2026-05-01,1
CRVUSDT,2026-05-01,1
DASHUSDT,2026-05-01,1
DOGEUSDT,2026-05-01,1
DOTUSDT,2026-05-01,1
DYDXUSDT,2026-05-01,1
ENAUSDT,2026-05-01,1
ENJUSDT,2026-05-01,1
FARTCOINUSDT,2026-05-01,1
FILUSDT,2026-05-01,1
GALAUSDT,2026-05-01,1
HBARUSDT,2026-05-01,1
HUSDT,2026-05-01,1
HYPEUSDT,2026-05-01,1
ICPUSDT,2026-05-01,1
INJUSDT,2026-05-01,1
IPUSDT,2026-05-01,1
KATUSDT,2026-05-01,1
LABUSDT,2026-05-01,1
LDOUSDT,2026-05-01,1
LINKUSDT,2026-05-01,1
LITUSDT,2026-05-01,1
LTCUSDT,2026-05-01,1
LYNUSDT,2026-05-01,1
MNTUSDT,2026-05-01,1
MONUSDT,2026-05-01,1
MOODENGUSDT,2026-05-01,1
MUSDT,2026-05-01,1
NEARUSDT,2026-05-01,1
ONDOUSDT,2026-05-01,1
OPUSDT,2026-05-01,1
ORDIUSDT,2026-05-01,1
PAXGUSDT,2026-05-01,1
PENGUUSDT,2026-05-01,1
PIEVERSEUSDT,2026-05-01,1
PIPPINUSDT,2026-05-01,1
POLUSDT,2026-05-01,1
PUMPFUNUSDT,2026-05-01,1
RAVEUSDT,2026-05-01,1
REDUSDT,2026-05-01,1
RENDERUSDT,2026-05-01,1
RIVERUSDT,2026-05-01,1
SEIUSDT,2026-05-01,1
SHIB1000USDT,2026-05-01,1
SIRENUSDT,2026-05-01,1
SOLUSDT,2026-05-01,1
SPKUSDT,2026-05-01,1
SPXUSDT,2026-05-01,1
STRKUSDT,2026-05-01,1
SUIUSDT,2026-05-01,1
TAOUSDT,2026-05-01,1
TIAUSDT,2026-05-01,1
TONUSDT,2026-05-01,1
TRUMPUSDT,2026-05-01,1
TRXUSDT,2026-05-01,1
UNIUSDT,2026-05-01,1
VIRTUALUSDT,2026-05-01,1
VVVUSDT,2026-05-01,1
WIFUSDT,2026-05-01,1
WLDUSDT,2026-05-01,1
WLFIUSDT,2026-05-01,1
XAUTUSDT,2026-05-01,1
XLMUSDT,2026-05-01,1
XMRUSDT,2026-05-01,1
XPLUSDT,2026-05-01,1
XRPUSDT,2026-05-01,1
ZBTUSDT,2026-05-01,1
ZECUSDT,2026-05-01,1
ZROUSDT,2026-05-01,1
1000BONKUSDT,2026-05-02,1
1000PEPEUSDT,2026-05-02,1
AAVEUSDT,2026-05-02,1
ADAUSDT,2026-05-02,1
ALGOUSDT,2026-05-02,1
APEUSDT,2026-05-02,1
APTUSDT,2026-05-02,1
ARBUSDT,2026-05-02,1
ASTERUSDT,2026-05-02,1
ATOMUSDT,2026-05-02,1
AVAXUSDT,2026-05-02,1
AXSUSDT,2026-05-02,1
BCHUSDT,2026-05-02,1
BEATUSDT,2026-05-02,1
BIOUSDT,2026-05-02,1
BLURUSDT,2026-05-02,1
BNBUSDT,2026-05-02,1
CRVUSDT,2026-05-02,1
DASHUSDT,2026-05-02,1
DOGEUSDT,2026-05-02,1
DOTUSDT,2026-05-02,1
DYDXUSDT,2026-05-02,1
ENAUSDT,2026-05-02,1
ENJUSDT,2026-05-02,1
FARTCOINUSDT,2026-05-02,1
FILUSDT,2026-05-02,1
GALAUSDT,2026-05-02,1
HBARUSDT,2026-05-02,1
HUSDT,2026-05-02,1
HYPEUSDT,2026-05-02,1
ICPUSDT,2026-05-02,1
INJUSDT,2026-05-02,1
IPUSDT,2026-05-02,1
KATUSDT,2026-05-02,1
LABUSDT,2026-05-02,1
LDOUSDT,2026-05-02,1
LINKUSDT,2026-05-02,1
LITUSDT,2026-05-02,1
LTCUSDT,2026-05-02,1
LYNUSDT,2026-05-02,1
MNTUSDT,2026-05-02,1
MONUSDT,2026-05-02,1
MOODENGUSDT,2026-05-02,1
MUSDT,2026-05-02,1
NEARUSDT,2026-05-02,1
ONDOUSDT,2026-05-02,1
OPUSDT,2026-05-02,1
ORCAUSDT,2026-05-02,1
ORDIUSDT,2026-05-02,1
PAXGUSDT,2026-05-02,1
PENGUUSDT,2026-05-02,1
PIEVERSEUSDT,2026-05-02,1
PIPPINUSDT,2026-05-02,1
POLUSDT,2026-05-02,1
PUMPFUNUSDT,2026-05-02,1
RAVEUSDT,2026-05-02,1
RENDERUSDT,2026-05-02,1
RIVERUSDT,2026-05-02,1
SEIUSDT,2026-05-02,1
SHIB1000USDT,2026-05-02,1
SIRENUSDT,2026-05-02,1
SOLUSDT,2026-05-02,1
SPKUSDT,2026-05-02,1
SPXUSDT,2026-05-02,1
STRKUSDT,2026-05-02,1
SUIUSDT,2026-05-02,1
TAOUSDT,2026-05-02,1
TIAUSDT,2026-05-02,1
TONUSDT,2026-05-02,1
TRUMPUSDT,2026-05-02,1
TRXUSDT,2026-05-02,1
UNIUSDT,2026-05-02,1
VIRTUALUSDT,2026-05-02,1
VVVUSDT,2026-05-02,1
WIFUSDT,2026-05-02,1
WLDUSDT,2026-05-02,1
WLFIUSDT,2026-05-02,1
XAUTUSDT,2026-05-02,1
XLMUSDT,2026-05-02,1
XMRUSDT,2026-05-02,1
XPLUSDT,2026-05-02,1
XRPUSDT,2026-05-02,1
ZBTUSDT,2026-05-02,1
ZECUSDT,2026-05-02,1
ZROUSDT,2026-05-02,1
1000BONKUSDT,2026-05-03,1
1000PEPEUSDT,2026-05-03,1
AAVEUSDT,2026-05-03,1
ADAUSDT,2026-05-03,1
ALGOUSDT,2026-05-03,1
APEUSDT,2026-05-03,1
APTUSDT,2026-05-03,1
ARBUSDT,2026-05-03,1
ASTERUSDT,2026-05-03,1
ATOMUSDT,2026-05-03,1
AVAXUSDT,2026-05-03,1
AXSUSDT,2026-05-03,1
BCHUSDT,2026-05-03,1
BEATUSDT,2026-05-03,1
BIOUSDT,2026-05-03,1
BLURUSDT,2026-05-03,1
BNBUSDT,2026-05-03,1
BSBUSDT,2026-05-03,1
CRVUSDT,2026-05-03,1
DASHUSDT,2026-05-03,1
DOGEUSDT,2026-05-03,1
DOTUSDT,2026-05-03,1
DYDXUSDT,2026-05-03,1
ENAUSDT,2026-05-03,1
ENJUSDT,2026-05-03,1
FARTCOINUSDT,2026-05-03,1
FILUSDT,2026-05-03,1
GALAUSDT,2026-05-03,1
HBARUSDT,2026-05-03,1
HUSDT,2026-05-03,1
HYPEUSDT,2026-05-03,1
ICPUSDT,2026-05-03,1
INJUSDT,2026-05-03,1
IPUSDT,2026-05-03,1
KATUSDT,2026-05-03,1
LABUSDT,2026-05-03,1
LDOUSDT,2026-05-03,1
LINKUSDT,2026-05-03,1
LITUSDT,2026-05-03,1
LTCUSDT,2026-05-03,1
LYNUSDT,2026-05-03,1
MNTUSDT,2026-05-03,1
MONUSDT,2026-05-03,1
MOODENGUSDT,2026-05-03,1
MUSDT,2026-05-03,1
NAORISUSDT,2026-05-03,1
NEARUSDT,2026-05-03,1
ONDOUSDT,2026-05-03,1
OPUSDT,2026-05-03,1
ORCAUSDT,2026-05-03,1
ORDIUSDT,2026-05-03,1
PAXGUSDT,2026-05-03,1
PENGUUSDT,2026-05-03,1
PIEVERSEUSDT,2026-05-03,1
PIPPINUSDT,2026-05-03,1
POLUSDT,2026-05-03,1
PUMPFUNUSDT,2026-05-03,1
RAVEUSDT,2026-05-03,1
RENDERUSDT,2026-05-03,1
RIVERUSDT,2026-05-03,1
SEIUSDT,2026-05-03,1
SHIB1000USDT,2026-05-03,1
SIRENUSDT,2026-05-03,1
SOLUSDT,2026-05-03,1
SPKUSDT,2026-05-03,1
SPXUSDT,2026-05-03,1
STRKUSDT,2026-05-03,1
SUIUSDT,2026-05-03,1
TAOUSDT,2026-05-03,1
TIAUSDT,2026-05-03,1
TONUSDT,2026-05-03,1
TRUMPUSDT,2026-05-03,1
TRXUSDT,2026-05-03,1
UNIUSDT,2026-05-03,1
VIRTUALUSDT,2026-05-03,1
VVVUSDT,2026-05-03,1
WIFUSDT,2026-05-03,1
WLDUSDT,2026-05-03,1
WLFIUSDT,2026-05-03,1
XAUTUSDT,2026-05-03,1
XLMUSDT,2026-05-03,1
XMRUSDT,2026-05-03,1
XPLUSDT,2026-05-03,1
XRPUSDT,2026-05-03,1
ZBTUSDT,2026-05-03,1
ZECUSDT,2026-05-03,1
ZROUSDT,2026-05-03,1
1000BONKUSDT,2026-05-04,1
1000LUNCUSDT,2026-05-04,1
1000PEPEUSDT,2026-05-04,1
AAVEUSDT,2026-05-04,1
ADAUSDT,2026-05-04,1
ALGOUSDT,2026-05-04,1
APEUSDT,2026-05-04,1
APTUSDT,2026-05-04,1
ARBUSDT,2026-05-04,1
ASTERUSDT,2026-05-04,1
ATOMUSDT,2026-05-04,1
AVAXUSDT,2026-05-04,1
AXSUSDT,2026-05-04,1
BCHUSDT,2026-05-04,1
BEATUSDT,2026-05-04,1
BIOUSDT,2026-05-04,1
BLURUSDT,2026-05-04,1
BNBUSDT,2026-05-04,1
BSBUSDT,2026-05-04,1
CRVUSDT,2026-05-04,1
DASHUSDT,2026-05-04,1
DOGEUSDT,2026-05-04,1
DOTUSDT,2026-05-04,1
DYDXUSDT,2026-05-04,1
ENAUSDT,2026-05-04,1
ENJUSDT,2026-05-04,1
FARTCOINUSDT,2026-05-04,1
FILUSDT,2026-05-04,1
GALAUSDT,2026-05-04,1
HBARUSDT,2026-05-04,1
HUSDT,2026-05-04,1
HYPEUSDT,2026-05-04,1
ICPUSDT,2026-05-04,1
INJUSDT,2026-05-04,1
IPUSDT,2026-05-04,1
KATUSDT,2026-05-04,1
LABUSDT,2026-05-04,1
LDOUSDT,2026-05-04,1
LINKUSDT,2026-05-04,1
LITUSDT,2026-05-04,1
LTCUSDT,2026-05-04,1
LYNUSDT,2026-05-04,1
MNTUSDT,2026-05-04,1
MONUSDT,2026-05-04,1
MOODENGUSDT,2026-05-04,1
MUSDT,2026-05-04,1
NAORISUSDT,2026-05-04,1
NEARUSDT,2026-05-04,1
ONDOUSDT,2026-05-04,1
OPUSDT,2026-05-04,1
ORCAUSDT,2026-05-04,1
ORDIUSDT,2026-05-04,1
PAXGUSDT,2026-05-04,1
PENGUUSDT,2026-05-04,1
PIEVERSEUSDT,2026-05-04,1
PIPPINUSDT,2026-05-04,1
POLUSDT,2026-05-04,1
PUMPFUNUSDT,2026-05-04,1
RAVEUSDT,2026-05-04,1
RENDERUSDT,2026-05-04,1
RIVERUSDT,2026-05-04,1
SEIUSDT,2026-05-04,1
SHIB1000USDT,2026-05-04,1
SIRENUSDT,2026-05-04,1
SOLUSDT,2026-05-04,1
SPKUSDT,2026-05-04,1
SPXUSDT,2026-05-04,1
STRKUSDT,2026-05-04,1
SUIUSDT,2026-05-04,1
TAOUSDT,2026-05-04,1
TIAUSDT,2026-05-04,1
TONUSDT,2026-05-04,1
TRUMPUSDT,2026-05-04,1
TRXUSDT,2026-05-04,1
UNIUSDT,2026-05-04,1
VIRTUALUSDT,2026-05-04,1
VVVUSDT,2026-05-04,1
WIFUSDT,2026-05-04,1
WLDUSDT,2026-05-04,1
WLFIUSDT,2026-05-04,1
XAUTUSDT,2026-05-04,1
XLMUSDT,2026-05-04,1
XMRUSDT,2026-05-04,1
XPLUSDT,2026-05-04,1
XRPUSDT,2026-05-04,1
ZBTUSDT,2026-05-04,1
ZECUSDT,2026-05-04,1
ZROUSDT,2026-05-04,1
1000BONKUSDT,2026-05-05,1
1000LUNCUSDT,2026-05-05,1
1000PEPEUSDT,2026-05-05,1
AAVEUSDT,2026-05-05,1
ADAUSDT,2026-05-05,1
ALGOUSDT,2026-05-05,1
APEUSDT,2026-05-05,1
APTUSDT,2026-05-05,1
ARBUSDT,2026-05-05,1
ASTERUSDT,2026-05-05,1
ATOMUSDT,2026-05-05,1
AVAXUSDT,2026-05-05,1
AXSUSDT,2026-05-05,1
BCHUSDT,2026-05-05,1
BEATUSDT,2026-05-05,1
BIOUSDT,2026-05-05,1
BLURUSDT,2026-05-05,1
BNBUSDT,2026-05-05,1
BSBUSDT,2026-05-05,1
CRVUSDT,2026-05-05,1
DASHUSDT,2026-05-05,1
DOGEUSDT,2026-05-05,1
DOTUSDT,2026-05-05,1
DYDXUSDT,2026-05-05,1
ENAUSDT,2026-05-05,1
ENJUSDT,2026-05-05,1
FARTCOINUSDT,2026-05-05,1
FILUSDT,2026-05-05,1
GALAUSDT,2026-05-05,1
HBARUSDT,2026-05-05,1
HUSDT,2026-05-05,1
HYPEUSDT,2026-05-05,1
ICPUSDT,2026-05-05,1
INJUSDT,2026-05-05,1
IPUSDT,2026-05-05,1
KATUSDT,2026-05-05,1
LABUSDT,2026-05-05,1
LDOUSDT,2026-05-05,1
LINKUSDT,2026-05-05,1
LITUSDT,2026-05-05,1
LTCUSDT,2026-05-05,1
LYNUSDT,2026-05-05,1
MNTUSDT,2026-05-05,1
MONUSDT,2026-05-05,1
MOODENGUSDT,2026-05-05,1
MUSDT,2026-05-05,1
NAORISUSDT,2026-05-05,1
NEARUSDT,2026-05-05,1
ONDOUSDT,2026-05-05,1
OPUSDT,2026-05-05,1
ORCAUSDT,2026-05-05,1
ORDIUSDT,2026-05-05,1
PAXGUSDT,2026-05-05,1
PENGUUSDT,2026-05-05,1
PIEVERSEUSDT,2026-05-05,1
PIPPINUSDT,2026-05-05,1
POLUSDT,2026-05-05,1
PUMPFUNUSDT,2026-05-05,1
RAVEUSDT,2026-05-05,1
RENDERUSDT,2026-05-05,1
RIVERUSDT,2026-05-05,1
SEIUSDT,2026-05-05,1
SHIB1000USDT,2026-05-05,1
SIRENUSDT,2026-05-05,1
SOLUSDT,2026-05-05,1
SPKUSDT,2026-05-05,1
SPXUSDT,2026-05-05,1
STRKUSDT,2026-05-05,1
SUIUSDT,2026-05-05,1
TACUSDT,2026-05-05,1
TAOUSDT,2026-05-05,1
TIAUSDT,2026-05-05,1
TONUSDT,2026-05-05,1
TRUMPUSDT,2026-05-05,1
TRXUSDT,2026-05-05,1
UNIUSDT,2026-05-05,1
VIRTUALUSDT,2026-05-05,1
VVVUSDT,2026-05-05,1
WIFUSDT,2026-05-05,1
WLDUSDT,2026-05-05,1
WLFIUSDT,2026-05-05,1
XAUTUSDT,2026-05-05,1
XLMUSDT,2026-05-05,1
XMRUSDT,2026-05-05,1
XPLUSDT,2026-05-05,1
XRPUSDT,2026-05-05,1
ZBTUSDT,2026-05-05,1
ZECUSDT,2026-05-05,1
ZEREBROUSDT,2026-05-05,1
ZROUSDT,2026-05-05,1
1000BONKUSDT,2026-05-06,1
1000LUNCUSDT,2026-05-06,1
1000PEPEUSDT,2026-05-06,1
AAVEUSDT,2026-05-06,1
ADAUSDT,2026-05-06,1
ALGOUSDT,2026-05-06,1
APEUSDT,2026-05-06,1
APTUSDT,2026-05-06,1
ARBUSDT,2026-05-06,1
ASTERUSDT,2026-05-06,1
ATOMUSDT,2026-05-06,1
AVAXUSDT,2026-05-06,1
AXSUSDT,2026-05-06,1
BCHUSDT,2026-05-06,1
BEATUSDT,2026-05-06,1
BIOUSDT,2026-05-06,1
BNBUSDT,2026-05-06,1
BSBUSDT,2026-05-06,1
CRVUSDT,2026-05-06,1
DASHUSDT,2026-05-06,1
DOGEUSDT,2026-05-06,1
DOTUSDT,2026-05-06,1
DYDXUSDT,2026-05-06,1
ENAUSDT,2026-05-06,1
ENJUSDT,2026-05-06,1
FARTCOINUSDT,2026-05-06,1
FILUSDT,2026-05-06,1
GALAUSDT,2026-05-06,1
HBARUSDT,2026-05-06,1
HUSDT,2026-05-06,1
HYPEUSDT,2026-05-06,1
ICPUSDT,2026-05-06,1
INJUSDT,2026-05-06,1
IPUSDT,2026-05-06,1
KATUSDT,2026-05-06,1
LABUSDT,2026-05-06,1
LDOUSDT,2026-05-06,1
LINKUSDT,2026-05-06,1
LITUSDT,2026-05-06,1
LTCUSDT,2026-05-06,1
LYNUSDT,2026-05-06,1
MNTUSDT,2026-05-06,1
MONUSDT,2026-05-06,1
MOODENGUSDT,2026-05-06,1
MUSDT,2026-05-06,1
NAORISUSDT,2026-05-06,1
NEARUSDT,2026-05-06,1
ONDOUSDT,2026-05-06,1
OPUSDT,2026-05-06,1
ORCAUSDT,2026-05-06,1
ORDIUSDT,2026-05-06,1
PAXGUSDT,2026-05-06,1
PENGUUSDT,2026-05-06,1
PIEVERSEUSDT,2026-05-06,1
PIPPINUSDT,2026-05-06,1
POLUSDT,2026-05-06,1
PUMPFUNUSDT,2026-05-06,1
RAVEUSDT,2026-05-06,1
RENDERUSDT,2026-05-06,1
RIVERUSDT,2026-05-06,1
SEIUSDT,2026-05-06,1
SHIB1000USDT,2026-05-06,1
SIRENUSDT,2026-05-06,1
SOLUSDT,2026-05-06,1
SPKUSDT,2026-05-06,1
SPXUSDT,2026-05-06,1
STRKUSDT,2026-05-06,1
SUIUSDT,2026-05-06,1
TACUSDT,2026-05-06,1
TAOUSDT,2026-05-06,1
TIAUSDT,2026-05-06,1
TONUSDT,2026-05-06,1
TRUMPUSDT,2026-05-06,1
TRXUSDT,2026-05-06,1
UBUSDT,2026-05-06,1
UNIUSDT,2026-05-06,1
VIRTUALUSDT,2026-05-06,1
VVVUSDT,2026-05-06,1
WIFUSDT,2026-05-06,1
WLDUSDT,2026-05-06,1
WLFIUSDT,2026-05-06,1
XAUTUSDT,2026-05-06,1
XLMUSDT,2026-05-06,1
XMRUSDT,2026-05-06,1
XPLUSDT,2026-05-06,1
XRPUSDT,2026-05-06,1
ZBTUSDT,2026-05-06,1
ZECUSDT,2026-05-06,1
ZEREBROUSDT,2026-05-06,1
ZROUSDT,2026-05-06,1
1000BONKUSDT,2026-05-07,1
1000LUNCUSDT,2026-05-07,1
1000PEPEUSDT,2026-05-07,1
AAVEUSDT,2026-05-07,1
ADAUSDT,2026-05-07,1
ALGOUSDT,2026-05-07,1
APEUSDT,2026-05-07,1
APTUSDT,2026-05-07,1
ARBUSDT,2026-05-07,1
ASTERUSDT,2026-05-07,1
ATOMUSDT,2026-05-07,1
AVAXUSDT,2026-05-07,1
AXSUSDT,2026-05-07,1
BCHUSDT,2026-05-07,1
BEATUSDT,2026-05-07,1
BIOUSDT,2026-05-07,1
BNBUSDT,2026-05-07,1
BSBUSDT,2026-05-07,1
CRVUSDT,2026-05-07,1
DASHUSDT,2026-05-07,1
DOGEUSDT,2026-05-07,1
DOTUSDT,2026-05-07,1
DYDXUSDT,2026-05-07,1
ENAUSDT,2026-05-07,1
ENJUSDT,2026-05-07,1
FARTCOINUSDT,2026-05-07,1
FILUSDT,2026-05-07,1
GALAUSDT,2026-05-07,1
HBARUSDT,2026-05-07,1
HUSDT,2026-05-07,1
HYPEUSDT,2026-05-07,1
ICPUSDT,2026-05-07,1
INJUSDT,2026-05-07,1
IPUSDT,2026-05-07,1
KATUSDT,2026-05-07,1
LABUSDT,2026-05-07,1
LDOUSDT,2026-05-07,1
LINKUSDT,2026-05-07,1
LITUSDT,2026-05-07,1
LTCUSDT,2026-05-07,1
LYNUSDT,2026-05-07,1
MEGAUSDT,2026-05-07,1
MNTUSDT,2026-05-07,1
MONUSDT,2026-05-07,1
MOODENGUSDT,2026-05-07,1
MUSDT,2026-05-07,1
NAORISUSDT,2026-05-07,1
NEARUSDT,2026-05-07,1
ONDOUSDT,2026-05-07,1
OPUSDT,2026-05-07,1
ORCAUSDT,2026-05-07,1
ORDIUSDT,2026-05-07,1
PAXGUSDT,2026-05-07,1
PENDLEUSDT,2026-05-07,1
PENGUUSDT,2026-05-07,1
PIEVERSEUSDT,2026-05-07,1
PIPPINUSDT,2026-05-07,1
POLUSDT,2026-05-07,1
PUMPFUNUSDT,2026-05-07,1
RAVEUSDT,2026-05-07,1
RENDERUSDT,2026-05-07,1
RIVERUSDT,2026-05-07,1
SEIUSDT,2026-05-07,1
SHIB1000USDT,2026-05-07,1
SIRENUSDT,2026-05-07,1
SOLUSDT,2026-05-07,1
SPKUSDT,2026-05-07,1
SPXUSDT,2026-05-07,1
STRKUSDT,2026-05-07,1
SUIUSDT,2026-05-07,1
TACUSDT,2026-05-07,1
TAOUSDT,2026-05-07,1
TIAUSDT,2026-05-07,1
TONUSDT,2026-05-07,1
TRUMPUSDT,2026-05-07,1
TRXUSDT,2026-05-07,1
UBUSDT,2026-05-07,1
UNIUSDT,2026-05-07,1
VIRTUALUSDT,2026-05-07,1
VVVUSDT,2026-05-07,1
WIFUSDT,2026-05-07,1
WLDUSDT,2026-05-07,1
WLFIUSDT,2026-05-07,1
XAUTUSDT,2026-05-07,1
XLMUSDT,2026-05-07,1
XMRUSDT,2026-05-07,1
XPLUSDT,2026-05-07,1
XRPUSDT,2026-05-07,1
ZBTUSDT,2026-05-07,1
ZECUSDT,2026-05-07,1
ZEREBROUSDT,2026-05-07,1
ZROUSDT,2026-05-07,1
1000BONKUSDT,2026-05-08,1
1000LUNCUSDT,2026-05-08,1
1000PEPEUSDT,2026-05-08,1
AAVEUSDT,2026-05-08,1
ADAUSDT,2026-05-08,1
ALGOUSDT,2026-05-08,1
APEUSDT,2026-05-08,1
APTUSDT,2026-05-08,1
ARBUSDT,2026-05-08,1
ASTERUSDT,2026-05-08,1
ATOMUSDT,2026-05-08,1
AVAXUSDT,2026-05-08,1
AXSUSDT,2026-05-08,1
BCHUSDT,2026-05-08,1
BEATUSDT,2026-05-08,1
BIOUSDT,2026-05-08,1
BNBUSDT,2026-05-08,1
BSBUSDT,2026-05-08,1
BUSDT,2026-05-08,1
CRVUSDT,2026-05-08,1
DASHUSDT,2026-05-08,1
DOGEUSDT,2026-05-08,1
DOTUSDT,2026-05-08,1
DYDXUSDT,2026-05-08,1
ENAUSDT,2026-05-08,1
ENJUSDT,2026-05-08,1
FARTCOINUSDT,2026-05-08,1
FILUSDT,2026-05-08,1
GALAUSDT,2026-05-08,1
HBARUSDT,2026-05-08,1
HUSDT,2026-05-08,1
HYPEUSDT,2026-05-08,1
ICPUSDT,2026-05-08,1
INJUSDT,2026-05-08,1
IPUSDT,2026-05-08,1
KATUSDT,2026-05-08,1
LABUSDT,2026-05-08,1
LDOUSDT,2026-05-08,1
LINKUSDT,2026-05-08,1
LITUSDT,2026-05-08,1
LTCUSDT,2026-05-08,1
LYNUSDT,2026-05-08,1
MEGAUSDT,2026-05-08,1
MNTUSDT,2026-05-08,1
MONUSDT,2026-05-08,1
MOODENGUSDT,2026-05-08,1
MUSDT,2026-05-08,1
NAORISUSDT,2026-05-08,1
NEARUSDT,2026-05-08,1
ONDOUSDT,2026-05-08,1
OPUSDT,2026-05-08,1
ORCAUSDT,2026-05-08,1
ORDIUSDT,2026-05-08,1
PAXGUSDT,2026-05-08,1
PENDLEUSDT,2026-05-08,1
PENGUUSDT,2026-05-08,1
PIEVERSEUSDT,2026-05-08,1
PIPPINUSDT,2026-05-08,1
POLUSDT,2026-05-08,1
PUMPFUNUSDT,2026-05-08,1
RAVEUSDT,2026-05-08,1
RENDERUSDT,2026-05-08,1
RIVERUSDT,2026-05-08,1
SEIUSDT,2026-05-08,1
SHIB1000USDT,2026-05-08,1
SIRENUSDT,2026-05-08,1
SOLUSDT,2026-05-08,1
SPKUSDT,2026-05-08,1
SPXUSDT,2026-05-08,1
STRKUSDT,2026-05-08,1
SUIUSDT,2026-05-08,1
TACUSDT,2026-05-08,1
TAOUSDT,2026-05-08,1
TIAUSDT,2026-05-08,1
TONUSDT,2026-05-08,1
TRUMPUSDT,2026-05-08,1
TRXUSDT,2026-05-08,1
UBUSDT,2026-05-08,1
UNIUSDT,2026-05-08,1
VIRTUALUSDT,2026-05-08,1
VVVUSDT,2026-05-08,1
WIFUSDT,2026-05-08,1
WLDUSDT,2026-05-08,1
WLFIUSDT,2026-05-08,1
XAUTUSDT,2026-05-08,1
XLMUSDT,2026-05-08,1
XMRUSDT,2026-05-08,1
XPLUSDT,2026-05-08,1
XRPUSDT,2026-05-08,1
ZBTUSDT,2026-05-08,1
ZECUSDT,2026-05-08,1
ZEREBROUSDT,2026-05-08,1
ZROUSDT,2026-05-08,1
1000BONKUSDT,2026-05-09,1
1000LUNCUSDT,2026-05-09,1
1000PEPEUSDT,2026-05-09,1
AAVEUSDT,2026-05-09,1
ADAUSDT,2026-05-09,1
ALGOUSDT,2026-05-09,1
APEUSDT,2026-05-09,1
APTUSDT,2026-05-09,1
ARBUSDT,2026-05-09,1
ASTERUSDT,2026-05-09,1
ATOMUSDT,2026-05-09,1
AVAXUSDT,2026-05-09,1
AXSUSDT,2026-05-09,1
BCHUSDT,2026-05-09,1
BEATUSDT,2026-05-09,1
BIOUSDT,2026-05-09,1
BNBUSDT,2026-05-09,1
BSBUSDT,2026-05-09,1
BUSDT,2026-05-09,1
CRVUSDT,2026-05-09,1
DASHUSDT,2026-05-09,1
DOGEUSDT,2026-05-09,1
DOTUSDT,2026-05-09,1
DYDXUSDT,2026-05-09,1
ENAUSDT,2026-05-09,1
ENJUSDT,2026-05-09,1
FARTCOINUSDT,2026-05-09,1
FILUSDT,2026-05-09,1
GALAUSDT,2026-05-09,1
HBARUSDT,2026-05-09,1
HUSDT,2026-05-09,1
HYPEUSDT,2026-05-09,1
ICPUSDT,2026-05-09,1
INJUSDT,2026-05-09,1
IPUSDT,2026-05-09,1
KATUSDT,2026-05-09,1
LABUSDT,2026-05-09,1
LDOUSDT,2026-05-09,1
LINKUSDT,2026-05-09,1
LITUSDT,2026-05-09,1
LTCUSDT,2026-05-09,1
LYNUSDT,2026-05-09,1
MEGAUSDT,2026-05-09,1
MNTUSDT,2026-05-09,1
MONUSDT,2026-05-09,1
MOODENGUSDT,2026-05-09,1
MUSDT,2026-05-09,1
NAORISUSDT,2026-05-09,1
NEARUSDT,2026-05-09,1
ONDOUSDT,2026-05-09,1
OPUSDT,2026-05-09,1
ORCAUSDT,2026-05-09,1
ORDIUSDT,2026-05-09,1
PAXGUSDT,2026-05-09,1
PENDLEUSDT,2026-05-09,1
PENGUUSDT,2026-05-09,1
PIEVERSEUSDT,2026-05-09,1
PIPPINUSDT,2026-05-09,1
POLUSDT,2026-05-09,1
PUMPFUNUSDT,2026-05-09,1
RAVEUSDT,2026-05-09,1
RENDERUSDT,2026-05-09,1
RIVERUSDT,2026-05-09,1
SEIUSDT,2026-05-09,1
SHIB1000USDT,2026-05-09,1
SIRENUSDT,2026-05-09,1
SOLUSDT,2026-05-09,1
SPKUSDT,2026-05-09,1
SPXUSDT,2026-05-09,1
STRKUSDT,2026-05-09,1
SUIUSDT,2026-05-09,1
TACUSDT,2026-05-09,1
TAOUSDT,2026-05-09,1
TIAUSDT,2026-05-09,1
TONUSDT,2026-05-09,1
TRUMPUSDT,2026-05-09,1
TRXUSDT,2026-05-09,1
UBUSDT,2026-05-09,1
UNIUSDT,2026-05-09,1
VIRTUALUSDT,2026-05-09,1
VVVUSDT,2026-05-09,1
WIFUSDT,2026-05-09,1
WLDUSDT,2026-05-09,1
WLFIUSDT,2026-05-09,1
XAUTUSDT,2026-05-09,1
XLMUSDT,2026-05-09,1
XMRUSDT,2026-05-09,1
XPLUSDT,2026-05-09,1
XRPUSDT,2026-05-09,1
ZBTUSDT,2026-05-09,1
ZECUSDT,2026-05-09,1
ZEREBROUSDT,2026-05-09,1
ZROUSDT,2026-05-09,1
1000BONKUSDT,2026-05-10,1
1000LUNCUSDT,2026-05-10,1
1000PEPEUSDT,2026-05-10,1
AAVEUSDT,2026-05-10,1
ADAUSDT,2026-05-10,1
ALGOUSDT,2026-05-10,1
APEUSDT,2026-05-10,1
APTUSDT,2026-05-10,1
ARBUSDT,2026-05-10,1
ASTERUSDT,2026-05-10,1
ATOMUSDT,2026-05-10,1
AVAXUSDT,2026-05-10,1
AXSUSDT,2026-05-10,1
BCHUSDT,2026-05-10,1
BIOUSDT,2026-05-10,1
BNBUSDT,2026-05-10,1
BSBUSDT,2026-05-10,1
BUSDT,2026-05-10,1
CRVUSDT,2026-05-10,1
DASHUSDT,2026-05-10,1
DOGEUSDT,2026-05-10,1
DOTUSDT,2026-05-10,1
DYDXUSDT,2026-05-10,1
ENAUSDT,2026-05-10,1
ENJUSDT,2026-05-10,1
FARTCOINUSDT,2026-05-10,1
FILUSDT,2026-05-10,1
GALAUSDT,2026-05-10,1
HBARUSDT,2026-05-10,1
HUSDT,2026-05-10,1
HYPEUSDT,2026-05-10,1
ICPUSDT,2026-05-10,1
INJUSDT,2026-05-10,1
IPUSDT,2026-05-10,1
LABUSDT,2026-05-10,1
LDOUSDT,2026-05-10,1
LINKUSDT,2026-05-10,1
LITUSDT,2026-05-10,1
LTCUSDT,2026-05-10,1
LYNUSDT,2026-05-10,1
MEGAUSDT,2026-05-10,1
MNTUSDT,2026-05-10,1
MONUSDT,2026-05-10,1
MOODENGUSDT,2026-05-10,1
MUSDT,2026-05-10,1
NAORISUSDT,2026-05-10,1
NEARUSDT,2026-05-10,1
ONDOUSDT,2026-05-10,1
OPUSDT,2026-05-10,1
ORCAUSDT,2026-05-10,1
ORDIUSDT,2026-05-10,1
PAXGUSDT,2026-05-10,1
PENDLEUSDT,2026-05-10,1
PENGUUSDT,2026-05-10,1
PIEVERSEUSDT,2026-05-10,1
PIPPINUSDT,2026-05-10,1
POLUSDT,2026-05-10,1
PUMPFUNUSDT,2026-05-10,1
RAVEUSDT,2026-05-10,1
RENDERUSDT,2026-05-10,1
RIVERUSDT,2026-05-10,1
SEIUSDT,2026-05-10,1
SHIB1000USDT,2026-05-10,1
SIRENUSDT,2026-05-10,1
SOLUSDT,2026-05-10,1
SPKUSDT,2026-05-10,1
SPXUSDT,2026-05-10,1
STRKUSDT,2026-05-10,1
SUIUSDT,2026-05-10,1
TACUSDT,2026-05-10,1
TAOUSDT,2026-05-10,1
TIAUSDT,2026-05-10,1
TONUSDT,2026-05-10,1
TRUMPUSDT,2026-05-10,1
TRXUSDT,2026-05-10,1
TSTBSCUSDT,2026-05-10,1
UBUSDT,2026-05-10,1
UNIUSDT,2026-05-10,1
VIRTUALUSDT,2026-05-10,1
VVVUSDT,2026-05-10,1
WIFUSDT,2026-05-10,1
WLDUSDT,2026-05-10,1
WLFIUSDT,2026-05-10,1
XAUTUSDT,2026-05-10,1
XLMUSDT,2026-05-10,1
XMRUSDT,2026-05-10,1
XPLUSDT,2026-05-10,1
XRPUSDT,2026-05-10,1
ZBTUSDT,2026-05-10,1
ZECUSDT,2026-05-10,1
ZEREBROUSDT,2026-05-10,1
ZROUSDT,2026-05-10,1
1000BONKUSDT,2026-05-11,1
1000LUNCUSDT,2026-05-11,1
1000PEPEUSDT,2026-05-11,1
AAVEUSDT,2026-05-11,1
ADAUSDT,2026-05-11,1
ALGOUSDT,2026-05-11,1
APEUSDT,2026-05-11,1
APTUSDT,2026-05-11,1
ARBUSDT,2026-05-11,1
ASTERUSDT,2026-05-11,1
ATOMUSDT,2026-05-11,1
AVAXUSDT,2026-05-11,1
AXSUSDT,2026-05-11,1
B3USDT,2026-05-11,1
BCHUSDT,2026-05-11,1
BIOUSDT,2026-05-11,1
BNBUSDT,2026-05-11,1
BSBUSDT,2026-05-11,1
BUSDT,2026-05-11,1
CRVUSDT,2026-05-11,1
DASHUSDT,2026-05-11,1
DOGEUSDT,2026-05-11,1
DOTUSDT,2026-05-11,1
DYDXUSDT,2026-05-11,1
ENAUSDT,2026-05-11,1
FARTCOINUSDT,2026-05-11,1
FILUSDT,2026-05-11,1
GALAUSDT,2026-05-11,1
HBARUSDT,2026-05-11,1
HUSDT,2026-05-11,1
HYPEUSDT,2026-05-11,1
ICPUSDT,2026-05-11,1
INJUSDT,2026-05-11,1
IPUSDT,2026-05-11,1
LABUSDT,2026-05-11,1
LDOUSDT,2026-05-11,1
LINKUSDT,2026-05-11,1
LITUSDT,2026-05-11,1
LTCUSDT,2026-05-11,1
LYNUSDT,2026-05-11,1
MEGAUSDT,2026-05-11,1
MNTUSDT,2026-05-11,1
MONUSDT,2026-05-11,1
MOODENGUSDT,2026-05-11,1
MUSDT,2026-05-11,1
NAORISUSDT,2026-05-11,1
NEARUSDT,2026-05-11,1
NOTUSDT,2026-05-11,1
ONDOUSDT,2026-05-11,1
OPUSDT,2026-05-11,1
ORCAUSDT,2026-05-11,1
ORDIUSDT,2026-05-11,1
PAXGUSDT,2026-05-11,1
PENDLEUSDT,2026-05-11,1
PENGUUSDT,2026-05-11,1
PIEVERSEUSDT,2026-05-11,1
PIPPINUSDT,2026-05-11,1
POLUSDT,2026-05-11,1
PUMPFUNUSDT,2026-05-11,1
RAVEUSDT,2026-05-11,1
RENDERUSDT,2026-05-11,1
RIVERUSDT,2026-05-11,1
SEIUSDT,2026-05-11,1
SHIB1000USDT,2026-05-11,1
SIRENUSDT,2026-05-11,1
SOLUSDT,2026-05-11,1
SPKUSDT,2026-05-11,1
SPXUSDT,2026-05-11,1
STRKUSDT,2026-05-11,1
SUIUSDT,2026-05-11,1
TACUSDT,2026-05-11,1
TAOUSDT,2026-05-11,1
TIAUSDT,2026-05-11,1
TONUSDT,2026-05-11,1
TRUMPUSDT,2026-05-11,1
TRXUSDT,2026-05-11,1
TSTBSCUSDT,2026-05-11,1
UBUSDT,2026-05-11,1
UNIUSDT,2026-05-11,1
VIRTUALUSDT,2026-05-11,1
VVVUSDT,2026-05-11,1
WIFUSDT,2026-05-11,1
WLDUSDT,2026-05-11,1
WLFIUSDT,2026-05-11,1
XAUTUSDT,2026-05-11,1
XLMUSDT,2026-05-11,1
XMRUSDT,2026-05-11,1
XPLUSDT,2026-05-11,1
XRPUSDT,2026-05-11,1
ZBTUSDT,2026-05-11,1
ZECUSDT,2026-05-11,1
ZEREBROUSDT,2026-05-11,1
ZROUSDT,2026-05-11,1
1000BONKUSDT,2026-05-12,1
1000LUNCUSDT,2026-05-12,1
1000PEPEUSDT,2026-05-12,1
AAVEUSDT,2026-05-12,1
ADAUSDT,2026-05-12,1
ALGOUSDT,2026-05-12,1
APEUSDT,2026-05-12,1
APTUSDT,2026-05-12,1
ARBUSDT,2026-05-12,1
ASTERUSDT,2026-05-12,1
ATOMUSDT,2026-05-12,1
AVAXUSDT,2026-05-12,1
AXSUSDT,2026-05-12,1
B3USDT,2026-05-12,1
BCHUSDT,2026-05-12,1
BIOUSDT,2026-05-12,1
BNBUSDT,2026-05-12,1
BSBUSDT,2026-05-12,1
BUSDT,2026-05-12,1
CRVUSDT,2026-05-12,1
DASHUSDT,2026-05-12,1
DOGEUSDT,2026-05-12,1
DOTUSDT,2026-05-12,1
DYDXUSDT,2026-05-12,1
ENAUSDT,2026-05-12,1
FARTCOINUSDT,2026-05-12,1
FILUSDT,2026-05-12,1
GALAUSDT,2026-05-12,1
HBARUSDT,2026-05-12,1
HUSDT,2026-05-12,1
HYPEUSDT,2026-05-12,1
ICPUSDT,2026-05-12,1
INJUSDT,2026-05-12,1
IPUSDT,2026-05-12,1
JUPUSDT,2026-05-12,1
LABUSDT,2026-05-12,1
LDOUSDT,2026-05-12,1
LINKUSDT,2026-05-12,1
LITUSDT,2026-05-12,1
LTCUSDT,2026-05-12,1
LYNUSDT,2026-05-12,1
MEGAUSDT,2026-05-12,1
MNTUSDT,2026-05-12,1
MONUSDT,2026-05-12,1
MOODENGUSDT,2026-05-12,1
MUSDT,2026-05-12,1
NAORISUSDT,2026-05-12,1
NEARUSDT,2026-05-12,1
NOTUSDT,2026-05-12,1
ONDOUSDT,2026-05-12,1
OPUSDT,2026-05-12,1
ORCAUSDT,2026-05-12,1
ORDIUSDT,2026-05-12,1
PAXGUSDT,2026-05-12,1
PENDLEUSDT,2026-05-12,1
PENGUUSDT,2026-05-12,1
PIEVERSEUSDT,2026-05-12,1
PIPPINUSDT,2026-05-12,1
POLUSDT,2026-05-12,1
PUMPFUNUSDT,2026-05-12,1
RAVEUSDT,2026-05-12,1
RENDERUSDT,2026-05-12,1
RIVERUSDT,2026-05-12,1
SEIUSDT,2026-05-12,1
SHIB1000USDT,2026-05-12,1
SIRENUSDT,2026-05-12,1
SOLUSDT,2026-05-12,1
SPKUSDT,2026-05-12,1
SPXUSDT,2026-05-12,1
STRKUSDT,2026-05-12,1
SUIUSDT,2026-05-12,1
TACUSDT,2026-05-12,1
TAOUSDT,2026-05-12,1
TIAUSDT,2026-05-12,1
TONUSDT,2026-05-12,1
TRUMPUSDT,2026-05-12,1
TRXUSDT,2026-05-12,1
TSTBSCUSDT,2026-05-12,1
UBUSDT,2026-05-12,1
UNIUSDT,2026-05-12,1
VIRTUALUSDT,2026-05-12,1
VVVUSDT,2026-05-12,1
WIFUSDT,2026-05-12,1
WLDUSDT,2026-05-12,1
WLFIUSDT,2026-05-12,1
XAUTUSDT,2026-05-12,1
XLMUSDT,2026-05-12,1
XMRUSDT,2026-05-12,1
XPLUSDT,2026-05-12,1
XRPUSDT,2026-05-12,1
ZBTUSDT,2026-05-12,1
ZECUSDT,2026-05-12,1
ZEREBROUSDT,2026-05-12,1
ZROUSDT,2026-05-12,1
1000BONKUSDT,2026-05-13,1
1000LUNCUSDT,2026-05-13,1
1000PEPEUSDT,2026-05-13,1
AAVEUSDT,2026-05-13,1
ADAUSDT,2026-05-13,1
ALGOUSDT,2026-05-13,1
APEUSDT,2026-05-13,1
APTUSDT,2026-05-13,1
ARBUSDT,2026-05-13,1
ASTERUSDT,2026-05-13,1
ATOMUSDT,2026-05-13,1
AVAXUSDT,2026-05-13,1
AXSUSDT,2026-05-13,1
B3USDT,2026-05-13,1
BCHUSDT,2026-05-13,1
BIOUSDT,2026-05-13,1
BNBUSDT,2026-05-13,1
BSBUSDT,2026-05-13,1
BUSDT,2026-05-13,1
CRVUSDT,2026-05-13,1
DASHUSDT,2026-05-13,1
DOGEUSDT,2026-05-13,1
DOTUSDT,2026-05-13,1
DYDXUSDT,2026-05-13,1
ENAUSDT,2026-05-13,1
FARTCOINUSDT,2026-05-13,1
FILUSDT,2026-05-13,1
GALAUSDT,2026-05-13,1
HBARUSDT,2026-05-13,1
HUSDT,2026-05-13,1
HYPEUSDT,2026-05-13,1
ICPUSDT,2026-05-13,1
INJUSDT,2026-05-13,1
IPUSDT,2026-05-13,1
JTOUSDT,2026-05-13,1
JUPUSDT,2026-05-13,1
LABUSDT,2026-05-13,1
LDOUSDT,2026-05-13,1
LINKUSDT,2026-05-13,1
LITUSDT,2026-05-13,1
LTCUSDT,2026-05-13,1
LYNUSDT,2026-05-13,1
MEGAUSDT,2026-05-13,1
MNTUSDT,2026-05-13,1
MONUSDT,2026-05-13,1
MOODENGUSDT,2026-05-13,1
MUSDT,2026-05-13,1
NAORISUSDT,2026-05-13,1
NEARUSDT,2026-05-13,1
NOTUSDT,2026-05-13,1
ONDOUSDT,2026-05-13,1
OPUSDT,2026-05-13,1
ORCAUSDT,2026-05-13,1
ORDIUSDT,2026-05-13,1
PAXGUSDT,2026-05-13,1
PENDLEUSDT,2026-05-13,1
PENGUUSDT,2026-05-13,1
PIEVERSEUSDT,2026-05-13,1
PIPPINUSDT,2026-05-13,1
POLUSDT,2026-05-13,1
PUMPFUNUSDT,2026-05-13,1
RAVEUSDT,2026-05-13,1
RENDERUSDT,2026-05-13,1
RIVERUSDT,2026-05-13,1
SEIUSDT,2026-05-13,1
SHIB1000USDT,2026-05-13,1
SIRENUSDT,2026-05-13,1
SOLUSDT,2026-05-13,1
SPKUSDT,2026-05-13,1
SPXUSDT,2026-05-13,1
STRKUSDT,2026-05-13,1
SUIUSDT,2026-05-13,1
TAOUSDT,2026-05-13,1
TIAUSDT,2026-05-13,1
TONUSDT,2026-05-13,1
TRUMPUSDT,2026-05-13,1
TRXUSDT,2026-05-13,1
TSTBSCUSDT,2026-05-13,1
UBUSDT,2026-05-13,1
UNIUSDT,2026-05-13,1
VIRTUALUSDT,2026-05-13,1
VVVUSDT,2026-05-13,1
WIFUSDT,2026-05-13,1
WLDUSDT,2026-05-13,1
WLFIUSDT,2026-05-13,1
XAUTUSDT,2026-05-13,1
XLMUSDT,2026-05-13,1
XMRUSDT,2026-05-13,1
XPLUSDT,2026-05-13,1
XRPUSDT,2026-05-13,1
ZBTUSDT,2026-05-13,1
ZECUSDT,2026-05-13,1
ZEREBROUSDT,2026-05-13,1
ZROUSDT,2026-05-13,1
1000BONKUSDT,2026-05-14,1
1000LUNCUSDT,2026-05-14,1
1000PEPEUSDT,2026-05-14,1
AAVEUSDT,2026-05-14,1
ADAUSDT,2026-05-14,1
ALGOUSDT,2026-05-14,1
APEUSDT,2026-05-14,1
APTUSDT,2026-05-14,1
ARBUSDT,2026-05-14,1
ASTERUSDT,2026-05-14,1
ATOMUSDT,2026-05-14,1
AVAXUSDT,2026-05-14,1
AXSUSDT,2026-05-14,1
B3USDT,2026-05-14,1
BCHUSDT,2026-05-14,1
BIOUSDT,2026-05-14,1
BNBUSDT,2026-05-14,1
BSBUSDT,2026-05-14,1
BUSDT,2026-05-14,1
CRVUSDT,2026-05-14,1
DASHUSDT,2026-05-14,1
DOGEUSDT,2026-05-14,1
DOTUSDT,2026-05-14,1
DYDXUSDT,2026-05-14,1
ENAUSDT,2026-05-14,1
FARTCOINUSDT,2026-05-14,1
FILUSDT,2026-05-14,1
GALAUSDT,2026-05-14,1
HBARUSDT,2026-05-14,1
HUSDT,2026-05-14,1
HYPEUSDT,2026-05-14,1
ICPUSDT,2026-05-14,1
INJUSDT,2026-05-14,1
IPUSDT,2026-05-14,1
JTOUSDT,2026-05-14,1
JUPUSDT,2026-05-14,1
LABUSDT,2026-05-14,1
LDOUSDT,2026-05-14,1
LINKUSDT,2026-05-14,1
LITUSDT,2026-05-14,1
LTCUSDT,2026-05-14,1
LYNUSDT,2026-05-14,1
MEGAUSDT,2026-05-14,1
MNTUSDT,2026-05-14,1
MONUSDT,2026-05-14,1
MOODENGUSDT,2026-05-14,1
MUSDT,2026-05-14,1
NAORISUSDT,2026-05-14,1
NEARUSDT,2026-05-14,1
NOTUSDT,2026-05-14,1
ONDOUSDT,2026-05-14,1
OPUSDT,2026-05-14,1
ORCAUSDT,2026-05-14,1
ORDIUSDT,2026-05-14,1
PAXGUSDT,2026-05-14,1
PENDLEUSDT,2026-05-14,1
PENGUUSDT,2026-05-14,1
PIEVERSEUSDT,2026-05-14,1
POLUSDT,2026-05-14,1
PUMPFUNUSDT,2026-05-14,1
RAVEUSDT,2026-05-14,1
RENDERUSDT,2026-05-14,1
RIVERUSDT,2026-05-14,1
SEIUSDT,2026-05-14,1
SHIB1000USDT,2026-05-14,1
SIRENUSDT,2026-05-14,1
SOLUSDT,2026-05-14,1
SPKUSDT,2026-05-14,1
SPXUSDT,2026-05-14,1
STRKUSDT,2026-05-14,1
SUIUSDT,2026-05-14,1
TAOUSDT,2026-05-14,1
TIAUSDT,2026-05-14,1
TONUSDT,2026-05-14,1
TRUMPUSDT,2026-05-14,1
TRXUSDT,2026-05-14,1
TSTBSCUSDT,2026-05-14,1
UBUSDT,2026-05-14,1
UNIUSDT,2026-05-14,1
VIRTUALUSDT,2026-05-14,1
VVVUSDT,2026-05-14,1
WIFUSDT,2026-05-14,1
WLDUSDT,2026-05-14,1
WLFIUSDT,2026-05-14,1
XAUTUSDT,2026-05-14,1
XLMUSDT,2026-05-14,1
XMRUSDT,2026-05-14,1
XPLUSDT,2026-05-14,1
XRPUSDT,2026-05-14,1
ZBTUSDT,2026-05-14,1
ZECUSDT,2026-05-14,1
ZEREBROUSDT,2026-05-14,1
ZROUSDT,2026-05-14,1
1000BONKUSDT,2026-05-15,1
1000LUNCUSDT,2026-05-15,1
1000PEPEUSDT,2026-05-15,1
AAVEUSDT,2026-05-15,1
ADAUSDT,2026-05-15,1
ALGOUSDT,2026-05-15,1
APEUSDT,2026-05-15,1
APTUSDT,2026-05-15,1
ARBUSDT,2026-05-15,1
ASTERUSDT,2026-05-15,1
ATOMUSDT,2026-05-15,1
AVAXUSDT,2026-05-15,1
AXSUSDT,2026-05-15,1
B3USDT,2026-05-15,1
BCHUSDT,2026-05-15,1
BIOUSDT,2026-05-15,1
BNBUSDT,2026-05-15,1
BSBUSDT,2026-05-15,1
BUSDT,2026-05-15,1
CRVUSDT,2026-05-15,1
DASHUSDT,2026-05-15,1
DOGEUSDT,2026-05-15,1
DOTUSDT,2026-05-15,1
DYDXUSDT,2026-05-15,1
ENAUSDT,2026-05-15,1
FARTCOINUSDT,2026-05-15,1
FILUSDT,2026-05-15,1
GALAUSDT,2026-05-15,1
HBARUSDT,2026-05-15,1
HUSDT,2026-05-15,1
HYPEUSDT,2026-05-15,1
ICPUSDT,2026-05-15,1
INJUSDT,2026-05-15,1
IPUSDT,2026-05-15,1
JTOUSDT,2026-05-15,1
JUPUSDT,2026-05-15,1
LABUSDT,2026-05-15,1
LDOUSDT,2026-05-15,1
LINKUSDT,2026-05-15,1
LITUSDT,2026-05-15,1
LTCUSDT,2026-05-15,1
LYNUSDT,2026-05-15,1
MEGAUSDT,2026-05-15,1
MNTUSDT,2026-05-15,1
MONUSDT,2026-05-15,1
MOODENGUSDT,2026-05-15,1
MUSDT,2026-05-15,1
NAORISUSDT,2026-05-15,1
NEARUSDT,2026-05-15,1
NOTUSDT,2026-05-15,1
ONDOUSDT,2026-05-15,1
OPUSDT,2026-05-15,1
ORCAUSDT,2026-05-15,1
ORDIUSDT,2026-05-15,1
PAXGUSDT,2026-05-15,1
PENDLEUSDT,2026-05-15,1
PENGUUSDT,2026-05-15,1
PIEVERSEUSDT,2026-05-15,1
POLUSDT,2026-05-15,1
PUMPFUNUSDT,2026-05-15,1
RAVEUSDT,2026-05-15,1
RENDERUSDT,2026-05-15,1
RIVERUSDT,2026-05-15,1
SAHARAUSDT,2026-05-15,1
SEIUSDT,2026-05-15,1
SHIB1000USDT,2026-05-15,1
SIRENUSDT,2026-05-15,1
SOLUSDT,2026-05-15,1
SPKUSDT,2026-05-15,1
SPXUSDT,2026-05-15,1
STRKUSDT,2026-05-15,1
SUIUSDT,2026-05-15,1
TAOUSDT,2026-05-15,1
TIAUSDT,2026-05-15,1
TONUSDT,2026-05-15,1
TRUMPUSDT,2026-05-15,1
TRXUSDT,2026-05-15,1
TSTBSCUSDT,2026-05-15,1
UBUSDT,2026-05-15,1
UNIUSDT,2026-05-15,1
VIRTUALUSDT,2026-05-15,1
VVVUSDT,2026-05-15,1
WIFUSDT,2026-05-15,1
WLDUSDT,2026-05-15,1
WLFIUSDT,2026-05-15,1
XAUTUSDT,2026-05-15,1
XLMUSDT,2026-05-15,1
XMRUSDT,2026-05-15,1
XPLUSDT,2026-05-15,1
XRPUSDT,2026-05-15,1
ZBTUSDT,2026-05-15,1
ZECUSDT,2026-05-15,1
ZEREBROUSDT,2026-05-15,1
ZROUSDT,2026-05-15,1
1000BONKUSDT,2026-05-16,1
1000LUNCUSDT,2026-05-16,1
1000PEPEUSDT,2026-05-16,1
AAVEUSDT,2026-05-16,1
ADAUSDT,2026-05-16,1
ALGOUSDT,2026-05-16,1
APEUSDT,2026-05-16,1
APTUSDT,2026-05-16,1
ARBUSDT,2026-05-16,1
ASTERUSDT,2026-05-16,1
ATOMUSDT,2026-05-16,1
AVAXUSDT,2026-05-16,1
AXSUSDT,2026-05-16,1
B3USDT,2026-05-16,1
BCHUSDT,2026-05-16,1
BIOUSDT,2026-05-16,1
BNBUSDT,2026-05-16,1
BSBUSDT,2026-05-16,1
BUSDT,2026-05-16,1
CRVUSDT,2026-05-16,1
DASHUSDT,2026-05-16,1
DOGEUSDT,2026-05-16,1
DOTUSDT,2026-05-16,1
DYDXUSDT,2026-05-16,1
ENAUSDT,2026-05-16,1
FARTCOINUSDT,2026-05-16,1
FILUSDT,2026-05-16,1
GALAUSDT,2026-05-16,1
HBARUSDT,2026-05-16,1
HUSDT,2026-05-16,1
HYPEUSDT,2026-05-16,1
ICPUSDT,2026-05-16,1
INJUSDT,2026-05-16,1
IPUSDT,2026-05-16,1
JTOUSDT,2026-05-16,1
JUPUSDT,2026-05-16,1
KITEUSDT,2026-05-16,1
LABUSDT,2026-05-16,1
LDOUSDT,2026-05-16,1
LINKUSDT,2026-05-16,1
LITUSDT,2026-05-16,1
LTCUSDT,2026-05-16,1
LYNUSDT,2026-05-16,1
MEGAUSDT,2026-05-16,1
MNTUSDT,2026-05-16,1
MONUSDT,2026-05-16,1
MOODENGUSDT,2026-05-16,1
MUSDT,2026-05-16,1
NAORISUSDT,2026-05-16,1
NEARUSDT,2026-05-16,1
NOTUSDT,2026-05-16,1
ONDOUSDT,2026-05-16,1
OPUSDT,2026-05-16,1
ORCAUSDT,2026-05-16,1
ORDIUSDT,2026-05-16,1
PAXGUSDT,2026-05-16,1
PENDLEUSDT,2026-05-16,1
PENGUUSDT,2026-05-16,1
PIEVERSEUSDT,2026-05-16,1
POLUSDT,2026-05-16,1
PUMPFUNUSDT,2026-05-16,1
RAVEUSDT,2026-05-16,1
RENDERUSDT,2026-05-16,1
RIVERUSDT,2026-05-16,1
SAHARAUSDT,2026-05-16,1
SEIUSDT,2026-05-16,1
SHIB1000USDT,2026-05-16,1
SIRENUSDT,2026-05-16,1
SOLUSDT,2026-05-16,1
SPKUSDT,2026-05-16,1
SPXUSDT,2026-05-16,1
STRKUSDT,2026-05-16,1
SUIUSDT,2026-05-16,1
TAOUSDT,2026-05-16,1
TIAUSDT,2026-05-16,1
TONUSDT,2026-05-16,1
TRUMPUSDT,2026-05-16,1
TRXUSDT,2026-05-16,1
TSTBSCUSDT,2026-05-16,1
UBUSDT,2026-05-16,1
UNIUSDT,2026-05-16,1
VIRTUALUSDT,2026-05-16,1
VVVUSDT,2026-05-16,1
WIFUSDT,2026-05-16,1
WLDUSDT,2026-05-16,1
WLFIUSDT,2026-05-16,1
XAUTUSDT,2026-05-16,1
XLMUSDT,2026-05-16,1
XMRUSDT,2026-05-16,1
XPLUSDT,2026-05-16,1
XRPUSDT,2026-05-16,1
ZBTUSDT,2026-05-16,1
ZECUSDT,2026-05-16,1
ZEREBROUSDT,2026-05-16,1
ZROUSDT,2026-05-16,1
1000BONKUSDT,2026-05-17,1
1000LUNCUSDT,2026-05-17,1
1000PEPEUSDT,2026-05-17,1
AAVEUSDT,2026-05-17,1
ADAUSDT,2026-05-17,1
ALGOUSDT,2026-05-17,1
APEUSDT,2026-05-17,1
APTUSDT,2026-05-17,1
ARBUSDT,2026-05-17,1
ASTERUSDT,2026-05-17,1
ATOMUSDT,2026-05-17,1
AVAXUSDT,2026-05-17,1
AXSUSDT,2026-05-17,1
B3USDT,2026-05-17,1
BCHUSDT,2026-05-17,1
BIOUSDT,2026-05-17,1
BNBUSDT,2026-05-17,1
BSBUSDT,2026-05-17,1
BUSDT,2026-05-17,1
CRVUSDT,2026-05-17,1
DASHUSDT,2026-05-17,1
DOGEUSDT,2026-05-17,1
DOTUSDT,2026-05-17,1
ENAUSDT,2026-05-17,1
FARTCOINUSDT,2026-05-17,1
FILUSDT,2026-05-17,1
GALAUSDT,2026-05-17,1
HBARUSDT,2026-05-17,1
HUSDT,2026-05-17,1
HYPEUSDT,2026-05-17,1
ICPUSDT,2026-05-17,1
INJUSDT,2026-05-17,1
IPUSDT,2026-05-17,1
JTOUSDT,2026-05-17,1
JUPUSDT,2026-05-17,1
KITEUSDT,2026-05-17,1
LABUSDT,2026-05-17,1
LDOUSDT,2026-05-17,1
LINKUSDT,2026-05-17,1
LITUSDT,2026-05-17,1
LTCUSDT,2026-05-17,1
LYNUSDT,2026-05-17,1
MEGAUSDT,2026-05-17,1
MNTUSDT,2026-05-17,1
MONUSDT,2026-05-17,1
MUSDT,2026-05-17,1
NAORISUSDT,2026-05-17,1
NEARUSDT,2026-05-17,1
NOTUSDT,2026-05-17,1
ONDOUSDT,2026-05-17,1
OPUSDT,2026-05-17,1
ORCAUSDT,2026-05-17,1
ORDIUSDT,2026-05-17,1
PAXGUSDT,2026-05-17,1
PENDLEUSDT,2026-05-17,1
PENGUUSDT,2026-05-17,1
PIEVERSEUSDT,2026-05-17,1
POLUSDT,2026-05-17,1
PUMPFUNUSDT,2026-05-17,1
RAVEUSDT,2026-05-17,1
RENDERUSDT,2026-05-17,1
RIVERUSDT,2026-05-17,1
SAHARAUSDT,2026-05-17,1
SEIUSDT,2026-05-17,1
SHIB1000USDT,2026-05-17,1
SIRENUSDT,2026-05-17,1
SOLUSDT,2026-05-17,1
SPKUSDT,2026-05-17,1
SPXUSDT,2026-05-17,1
STRKUSDT,2026-05-17,1
SUIUSDT,2026-05-17,1
TAOUSDT,2026-05-17,1
TIAUSDT,2026-05-17,1
TONUSDT,2026-05-17,1
TRUMPUSDT,2026-05-17,1
TRUTHUSDT,2026-05-17,1
TRXUSDT,2026-05-17,1
UBUSDT,2026-05-17,1
UNIUSDT,2026-05-17,1
VIRTUALUSDT,2026-05-17,1
VVVUSDT,2026-05-17,1
WIFUSDT,2026-05-17,1
WLDUSDT,2026-05-17,1
WLFIUSDT,2026-05-17,1
XAUTUSDT,2026-05-17,1
XLMUSDT,2026-05-17,1
XMRUSDT,2026-05-17,1
XPLUSDT,2026-05-17,1
XRPUSDT,2026-05-17,1
ZBTUSDT,2026-05-17,1
ZECUSDT,2026-05-17,1
ZEREBROUSDT,2026-05-17,1
ZROUSDT,2026-05-17,1
1000BONKUSDT,2026-05-18,1
1000LUNCUSDT,2026-05-18,1
1000PEPEUSDT,2026-05-18,1
AAVEUSDT,2026-05-18,1
ADAUSDT,2026-05-18,1
ALGOUSDT,2026-05-18,1
APEUSDT,2026-05-18,1
APTUSDT,2026-05-18,1
ARBUSDT,2026-05-18,1
ASTERUSDT,2026-05-18,1
ATOMUSDT,2026-05-18,1
AVAXUSDT,2026-05-18,1
AXSUSDT,2026-05-18,1
B3USDT,2026-05-18,1
BCHUSDT,2026-05-18,1
BIOUSDT,2026-05-18,1
BNBUSDT,2026-05-18,1
BSBUSDT,2026-05-18,1
BUSDT,2026-05-18,1
CRVUSDT,2026-05-18,1
DASHUSDT,2026-05-18,1
DOGEUSDT,2026-05-18,1
DOTUSDT,2026-05-18,1
ENAUSDT,2026-05-18,1
FARTCOINUSDT,2026-05-18,1
FFUSDT,2026-05-18,1
FILUSDT,2026-05-18,1
GALAUSDT,2026-05-18,1
HBARUSDT,2026-05-18,1
HUSDT,2026-05-18,1
HYPEUSDT,2026-05-18,1
ICPUSDT,2026-05-18,1
INJUSDT,2026-05-18,1
IPUSDT,2026-05-18,1
JTOUSDT,2026-05-18,1
JUPUSDT,2026-05-18,1
KITEUSDT,2026-05-18,1
LABUSDT,2026-05-18,1
LDOUSDT,2026-05-18,1
LINKUSDT,2026-05-18,1
LITUSDT,2026-05-18,1
LTCUSDT,2026-05-18,1
LYNUSDT,2026-05-18,1
MEGAUSDT,2026-05-18,1
MNTUSDT,2026-05-18,1
MONUSDT,2026-05-18,1
NAORISUSDT,2026-05-18,1
NEARUSDT,2026-05-18,1
NOTUSDT,2026-05-18,1
ONDOUSDT,2026-05-18,1
OPUSDT,2026-05-18,1
ORCAUSDT,2026-05-18,1
ORDIUSDT,2026-05-18,1
PAXGUSDT,2026-05-18,1
PENDLEUSDT,2026-05-18,1
PENGUUSDT,2026-05-18,1
PIEVERSEUSDT,2026-05-18,1
POLUSDT,2026-05-18,1
PUMPFUNUSDT,2026-05-18,1
RAVEUSDT,2026-05-18,1
RENDERUSDT,2026-05-18,1
RIVERUSDT,2026-05-18,1
SAHARAUSDT,2026-05-18,1
SEIUSDT,2026-05-18,1
SHIB1000USDT,2026-05-18,1
SIRENUSDT,2026-05-18,1
SOLUSDT,2026-05-18,1
SPKUSDT,2026-05-18,1
SPXUSDT,2026-05-18,1
STRKUSDT,2026-05-18,1
SUIUSDT,2026-05-18,1
TAOUSDT,2026-05-18,1
TIAUSDT,2026-05-18,1
TONUSDT,2026-05-18,1
TRUMPUSDT,2026-05-18,1
TRUTHUSDT,2026-05-18,1
TRXUSDT,2026-05-18,1
UBUSDT,2026-05-18,1
UNIUSDT,2026-05-18,1
VIRTUALUSDT,2026-05-18,1
VVVUSDT,2026-05-18,1
WIFUSDT,2026-05-18,1
WLDUSDT,2026-05-18,1
WLFIUSDT,2026-05-18,1
XAUTUSDT,2026-05-18,1
XLMUSDT,2026-05-18,1
XMRUSDT,2026-05-18,1
XPLUSDT,2026-05-18,1
XRPUSDT,2026-05-18,1
ZBTUSDT,2026-05-18,1
ZECUSDT,2026-05-18,1
ZEREBROUSDT,2026-05-18,1
ZROUSDT,2026-05-18,1
1000BONKUSDT,2026-05-19,1
1000LUNCUSDT,2026-05-19,1
1000PEPEUSDT,2026-05-19,1
AAVEUSDT,2026-05-19,1
ADAUSDT,2026-05-19,1
ALGOUSDT,2026-05-19,1
APEUSDT,2026-05-19,1
APTUSDT,2026-05-19,1
ARBUSDT,2026-05-19,1
ASTERUSDT,2026-05-19,1
ATOMUSDT,2026-05-19,1
AVAXUSDT,2026-05-19,1
AXSUSDT,2026-05-19,1
BCHUSDT,2026-05-19,1
BIOUSDT,2026-05-19,1
BNBUSDT,2026-05-19,1
BSBUSDT,2026-05-19,1
BUSDT,2026-05-19,1
CRVUSDT,2026-05-19,1
DASHUSDT,2026-05-19,1
DOGEUSDT,2026-05-19,1
DOTUSDT,2026-05-19,1
ENAUSDT,2026-05-19,1
FARTCOINUSDT,2026-05-19,1
FFUSDT,2026-05-19,1
FILUSDT,2026-05-19,1
GALAUSDT,2026-05-19,1
HBARUSDT,2026-05-19,1
HUSDT,2026-05-19,1
HYPEUSDT,2026-05-19,1
ICPUSDT,2026-05-19,1
INJUSDT,2026-05-19,1
IPUSDT,2026-05-19,1
IRYSUSDT,2026-05-19,1
JTOUSDT,2026-05-19,1
JUPUSDT,2026-05-19,1
KITEUSDT,2026-05-19,1
LABUSDT,2026-05-19,1
LDOUSDT,2026-05-19,1
LINKUSDT,2026-05-19,1
LITUSDT,2026-05-19,1
LTCUSDT,2026-05-19,1
LYNUSDT,2026-05-19,1
MEGAUSDT,2026-05-19,1
MNTUSDT,2026-05-19,1
MONUSDT,2026-05-19,1
NAORISUSDT,2026-05-19,1
NEARUSDT,2026-05-19,1
NOTUSDT,2026-05-19,1
ONDOUSDT,2026-05-19,1
OPUSDT,2026-05-19,1
ORCAUSDT,2026-05-19,1
ORDIUSDT,2026-05-19,1
PAXGUSDT,2026-05-19,1
PENDLEUSDT,2026-05-19,1
PENGUUSDT,2026-05-19,1
PIEVERSEUSDT,2026-05-19,1
POLUSDT,2026-05-19,1
PUMPFUNUSDT,2026-05-19,1
RAVEUSDT,2026-05-19,1
RENDERUSDT,2026-05-19,1
RIVERUSDT,2026-05-19,1
SAHARAUSDT,2026-05-19,1
SEIUSDT,2026-05-19,1
SHIB1000USDT,2026-05-19,1
SIRENUSDT,2026-05-19,1
SOLUSDT,2026-05-19,1
SPXUSDT,2026-05-19,1
STRKUSDT,2026-05-19,1
SUIUSDT,2026-05-19,1
TAOUSDT,2026-05-19,1
TIAUSDT,2026-05-19,1
TONUSDT,2026-05-19,1
TRUMPUSDT,2026-05-19,1
TRUTHUSDT,2026-05-19,1
TRXUSDT,2026-05-19,1
UBUSDT,2026-05-19,1
UNIUSDT,2026-05-19,1
VIRTUALUSDT,2026-05-19,1
VVVUSDT,2026-05-19,1
WIFUSDT,2026-05-19,1
WLDUSDT,2026-05-19,1
WLFIUSDT,2026-05-19,1
XAUTUSDT,2026-05-19,1
XLMUSDT,2026-05-19,1
XMRUSDT,2026-05-19,1
XPLUSDT,2026-05-19,1
XRPUSDT,2026-05-19,1
ZBTUSDT,2026-05-19,1
ZECUSDT,2026-05-19,1
ZEREBROUSDT,2026-05-19,1
ZROUSDT,2026-05-19,1
1000BONKUSDT,2026-05-20,1
1000LUNCUSDT,2026-05-20,1
1000PEPEUSDT,2026-05-20,1
AAVEUSDT,2026-05-20,1
ADAUSDT,2026-05-20,1
ALGOUSDT,2026-05-20,1
APEUSDT,2026-05-20,1
APTUSDT,2026-05-20,1
ARBUSDT,2026-05-20,1
ASTERUSDT,2026-05-20,1
ATOMUSDT,2026-05-20,1
AVAXUSDT,2026-05-20,1
AXSUSDT,2026-05-20,1
BCHUSDT,2026-05-20,1
BIOUSDT,2026-05-20,1
BNBUSDT,2026-05-20,1
BSBUSDT,2026-05-20,1
BUSDT,2026-05-20,1
CRVUSDT,2026-05-20,1
DASHUSDT,2026-05-20,1
DOGEUSDT,2026-05-20,1
DOTUSDT,2026-05-20,1
ENAUSDT,2026-05-20,1
FARTCOINUSDT,2026-05-20,1
FFUSDT,2026-05-20,1
FILUSDT,2026-05-20,1
GALAUSDT,2026-05-20,1
HBARUSDT,2026-05-20,1
HUSDT,2026-05-20,1
HYPEUSDT,2026-05-20,1
ICPUSDT,2026-05-20,1
INJUSDT,2026-05-20,1
IPUSDT,2026-05-20,1
IRYSUSDT,2026-05-20,1
JTOUSDT,2026-05-20,1
JUPUSDT,2026-05-20,1
KITEUSDT,2026-05-20,1
LABUSDT,2026-05-20,1
LDOUSDT,2026-05-20,1
LINKUSDT,2026-05-20,1
LITUSDT,2026-05-20,1
LTCUSDT,2026-05-20,1
LYNUSDT,2026-05-20,1
MEGAUSDT,2026-05-20,1
MNTUSDT,2026-05-20,1
MONUSDT,2026-05-20,1
NAORISUSDT,2026-05-20,1
NEARUSDT,2026-05-20,1
NOTUSDT,2026-05-20,1
ONDOUSDT,2026-05-20,1
OPUSDT,2026-05-20,1
ORCAUSDT,2026-05-20,1
ORDIUSDT,2026-05-20,1
PAXGUSDT,2026-05-20,1
PENDLEUSDT,2026-05-20,1
PENGUUSDT,2026-05-20,1
PIEVERSEUSDT,2026-05-20,1
POLUSDT,2026-05-20,1
PUMPFUNUSDT,2026-05-20,1
RAVEUSDT,2026-05-20,1
RENDERUSDT,2026-05-20,1
RIVERUSDT,2026-05-20,1
SAHARAUSDT,2026-05-20,1
SEIUSDT,2026-05-20,1
SHIB1000USDT,2026-05-20,1
SIRENUSDT,2026-05-20,1
SOLUSDT,2026-05-20,1
SPXUSDT,2026-05-20,1
STRKUSDT,2026-05-20,1
SUIUSDT,2026-05-20,1
TAOUSDT,2026-05-20,1
TIAUSDT,2026-05-20,1
TONUSDT,2026-05-20,1
TRUMPUSDT,2026-05-20,1
TRUTHUSDT,2026-05-20,1
TRXUSDT,2026-05-20,1
UBUSDT,2026-05-20,1
UNIUSDT,2026-05-20,1
VIRTUALUSDT,2026-05-20,1
VVVUSDT,2026-05-20,1
WIFUSDT,2026-05-20,1
WLDUSDT,2026-05-20,1
WLFIUSDT,2026-05-20,1
XAUTUSDT,2026-05-20,1
XLMUSDT,2026-05-20,1
XMRUSDT,2026-05-20,1
XPLUSDT,2026-05-20,1
XRPUSDT,2026-05-20,1
ZBTUSDT,2026-05-20,1
ZECUSDT,2026-05-20,1
ZEREBROUSDT,2026-05-20,1
ZROUSDT,2026-05-20,1
1000BONKUSDT,2026-05-21,1
1000LUNCUSDT,2026-05-21,1
1000PEPEUSDT,2026-05-21,1
AAVEUSDT,2026-05-21,1
ADAUSDT,2026-05-21,1
ALGOUSDT,2026-05-21,1
APEUSDT,2026-05-21,1
APTUSDT,2026-05-21,1
ARBUSDT,2026-05-21,1
ASTERUSDT,2026-05-21,1
ATOMUSDT,2026-05-21,1
AVAXUSDT,2026-05-21,1
AXSUSDT,2026-05-21,1
BCHUSDT,2026-05-21,1
BIOUSDT,2026-05-21,1
BNBUSDT,2026-05-21,1
BSBUSDT,2026-05-21,1
BUSDT,2026-05-21,1
CRVUSDT,2026-05-21,1
DASHUSDT,2026-05-21,1
DOGEUSDT,2026-05-21,1
DOTUSDT,2026-05-21,1
ENAUSDT,2026-05-21,1
FARTCOINUSDT,2026-05-21,1
FFUSDT,2026-05-21,1
FILUSDT,2026-05-21,1
GALAUSDT,2026-05-21,1
HBARUSDT,2026-05-21,1
HUSDT,2026-05-21,1
HYPEUSDT,2026-05-21,1
ICPUSDT,2026-05-21,1
INJUSDT,2026-05-21,1
IPUSDT,2026-05-21,1
IRYSUSDT,2026-05-21,1
JTOUSDT,2026-05-21,1
JUPUSDT,2026-05-21,1
KITEUSDT,2026-05-21,1
LABUSDT,2026-05-21,1
LDOUSDT,2026-05-21,1
LINKUSDT,2026-05-21,1
LITUSDT,2026-05-21,1
LTCUSDT,2026-05-21,1
LYNUSDT,2026-05-21,1
MEGAUSDT,2026-05-21,1
MNTUSDT,2026-05-21,1
MONUSDT,2026-05-21,1
NAORISUSDT,2026-05-21,1
NEARUSDT,2026-05-21,1
NOTUSDT,2026-05-21,1
ONDOUSDT,2026-05-21,1
OPUSDT,2026-05-21,1
ORCAUSDT,2026-05-21,1
ORDIUSDT,2026-05-21,1
PAXGUSDT,2026-05-21,1
PENDLEUSDT,2026-05-21,1
PENGUUSDT,2026-05-21,1
PIEVERSEUSDT,2026-05-21,1
POLUSDT,2026-05-21,1
PUMPFUNUSDT,2026-05-21,1
RAVEUSDT,2026-05-21,1
RENDERUSDT,2026-05-21,1
RIVERUSDT,2026-05-21,1
SAHARAUSDT,2026-05-21,1
SEIUSDT,2026-05-21,1
SHIB1000USDT,2026-05-21,1
SIRENUSDT,2026-05-21,1
SOLUSDT,2026-05-21,1
SPXUSDT,2026-05-21,1
STRKUSDT,2026-05-21,1
SUIUSDT,2026-05-21,1
TAOUSDT,2026-05-21,1
TIAUSDT,2026-05-21,1
TONUSDT,2026-05-21,1
TRUMPUSDT,2026-05-21,1
TRUTHUSDT,2026-05-21,1
TRXUSDT,2026-05-21,1
UBUSDT,2026-05-21,1
UNIUSDT,2026-05-21,1
VIRTUALUSDT,2026-05-21,1
VVVUSDT,2026-05-21,1
WIFUSDT,2026-05-21,1
WLDUSDT,2026-05-21,1
WLFIUSDT,2026-05-21,1
XAUTUSDT,2026-05-21,1
XLMUSDT,2026-05-21,1
XMRUSDT,2026-05-21,1
XPLUSDT,2026-05-21,1
XRPUSDT,2026-05-21,1
ZBTUSDT,2026-05-21,1
ZECUSDT,2026-05-21,1
ZEREBROUSDT,2026-05-21,1
ZROUSDT,2026-05-21,1
1000BONKUSDT,2026-05-22,1
1000LUNCUSDT,2026-05-22,1
1000PEPEUSDT,2026-05-22,1
AAVEUSDT,2026-05-22,1
ADAUSDT,2026-05-22,1
ALGOUSDT,2026-05-22,1
APEUSDT,2026-05-22,1
APTUSDT,2026-05-22,1
ARBUSDT,2026-05-22,1
ASTERUSDT,2026-05-22,1
ATOMUSDT,2026-05-22,1
AVAXUSDT,2026-05-22,1
AXSUSDT,2026-05-22,1
BCHUSDT,2026-05-22,1
BIOUSDT,2026-05-22,1
BNBUSDT,2026-05-22,1
BSBUSDT,2026-05-22,1
BUSDT,2026-05-22,1
CHZUSDT,2026-05-22,1
CRVUSDT,2026-05-22,1
DASHUSDT,2026-05-22,1
DOGEUSDT,2026-05-22,1
DOTUSDT,2026-05-22,1
ENAUSDT,2026-05-22,1
FARTCOINUSDT,2026-05-22,1
FFUSDT,2026-05-22,1
FILUSDT,2026-05-22,1
GALAUSDT,2026-05-22,1
HBARUSDT,2026-05-22,1
HUSDT,2026-05-22,1
HYPEUSDT,2026-05-22,1
ICPUSDT,2026-05-22,1
INJUSDT,2026-05-22,1
IPUSDT,2026-05-22,1
IRYSUSDT,2026-05-22,1
JTOUSDT,2026-05-22,1
JUPUSDT,2026-05-22,1
KITEUSDT,2026-05-22,1
LABUSDT,2026-05-22,1
LDOUSDT,2026-05-22,1
LINKUSDT,2026-05-22,1
LITUSDT,2026-05-22,1
LTCUSDT,2026-05-22,1
LYNUSDT,2026-05-22,1
MEGAUSDT,2026-05-22,1
MNTUSDT,2026-05-22,1
MONUSDT,2026-05-22,1
NAORISUSDT,2026-05-22,1
NEARUSDT,2026-05-22,1
ONDOUSDT,2026-05-22,1
OPUSDT,2026-05-22,1
ORCAUSDT,2026-05-22,1
ORDIUSDT,2026-05-22,1
PAXGUSDT,2026-05-22,1
PENDLEUSDT,2026-05-22,1
PENGUUSDT,2026-05-22,1
PIEVERSEUSDT,2026-05-22,1
POLUSDT,2026-05-22,1
PUMPFUNUSDT,2026-05-22,1
RAVEUSDT,2026-05-22,1
RENDERUSDT,2026-05-22,1
RIVERUSDT,2026-05-22,1
SAHARAUSDT,2026-05-22,1
SEIUSDT,2026-05-22,1
SHIB1000USDT,2026-05-22,1
SIRENUSDT,2026-05-22,1
SOLUSDT,2026-05-22,1
SPXUSDT,2026-05-22,1
STRKUSDT,2026-05-22,1
SUIUSDT,2026-05-22,1
TAOUSDT,2026-05-22,1
TIAUSDT,2026-05-22,1
TONUSDT,2026-05-22,1
TRUMPUSDT,2026-05-22,1
TRUTHUSDT,2026-05-22,1
TRXUSDT,2026-05-22,1
UBUSDT,2026-05-22,1
UNIUSDT,2026-05-22,1
VIRTUALUSDT,2026-05-22,1
VVVUSDT,2026-05-22,1
WIFUSDT,2026-05-22,1
WLDUSDT,2026-05-22,1
WLFIUSDT,2026-05-22,1
XAUTUSDT,2026-05-22,1
XLMUSDT,2026-05-22,1
XMRUSDT,2026-05-22,1
XPLUSDT,2026-05-22,1
XRPUSDT,2026-05-22,1
ZBTUSDT,2026-05-22,1
ZECUSDT,2026-05-22,1
ZEREBROUSDT,2026-05-22,1
ZROUSDT,2026-05-22,1
1000BONKUSDT,2026-05-23,1
1000LUNCUSDT,2026-05-23,1
1000PEPEUSDT,2026-05-23,1
AAVEUSDT,2026-05-23,1
ADAUSDT,2026-05-23,1
ALGOUSDT,2026-05-23,1
APEUSDT,2026-05-23,1
APTUSDT,2026-05-23,1
ARBUSDT,2026-05-23,1
ASTERUSDT,2026-05-23,1
ATOMUSDT,2026-05-23,1
AVAXUSDT,2026-05-23,1
AXSUSDT,2026-05-23,1
BCHUSDT,2026-05-23,1
BEATUSDT,2026-05-23,1
BIOUSDT,2026-05-23,1
BNBUSDT,2026-05-23,1
BSBUSDT,2026-05-23,1
BUSDT,2026-05-23,1
CHZUSDT,2026-05-23,1
CRVUSDT,2026-05-23,1
DASHUSDT,2026-05-23,1
DOGEUSDT,2026-05-23,1
DOTUSDT,2026-05-23,1
ENAUSDT,2026-05-23,1
FARTCOINUSDT,2026-05-23,1
FFUSDT,2026-05-23,1
FILUSDT,2026-05-23,1
GALAUSDT,2026-05-23,1
HBARUSDT,2026-05-23,1
HUSDT,2026-05-23,1
HYPEUSDT,2026-05-23,1
ICPUSDT,2026-05-23,1
INJUSDT,2026-05-23,1
IPUSDT,2026-05-23,1
IRYSUSDT,2026-05-23,1
JTOUSDT,2026-05-23,1
JUPUSDT,2026-05-23,1
KITEUSDT,2026-05-23,1
LABUSDT,2026-05-23,1
LDOUSDT,2026-05-23,1
LINKUSDT,2026-05-23,1
LITUSDT,2026-05-23,1
LTCUSDT,2026-05-23,1
LYNUSDT,2026-05-23,1
MEGAUSDT,2026-05-23,1
MNTUSDT,2026-05-23,1
MONUSDT,2026-05-23,1
NAORISUSDT,2026-05-23,1
NEARUSDT,2026-05-23,1
ONDOUSDT,2026-05-23,1
OPUSDT,2026-05-23,1
ORCAUSDT,2026-05-23,1
ORDIUSDT,2026-05-23,1
PAXGUSDT,2026-05-23,1
PENDLEUSDT,2026-05-23,1
PENGUUSDT,2026-05-23,1
PIEVERSEUSDT,2026-05-23,1
POLUSDT,2026-05-23,1
PUMPFUNUSDT,2026-05-23,1
RAVEUSDT,2026-05-23,1
RENDERUSDT,2026-05-23,1
RIVERUSDT,2026-05-23,1
SAHARAUSDT,2026-05-23,1
SEIUSDT,2026-05-23,1
SHIB1000USDT,2026-05-23,1
SIRENUSDT,2026-05-23,1
SOLUSDT,2026-05-23,1
SPXUSDT,2026-05-23,1
STRKUSDT,2026-05-23,1
SUIUSDT,2026-05-23,1
TAOUSDT,2026-05-23,1
TIAUSDT,2026-05-23,1
TONUSDT,2026-05-23,1
TRUMPUSDT,2026-05-23,1
TRUTHUSDT,2026-05-23,1
TRXUSDT,2026-05-23,1
UBUSDT,2026-05-23,1
UNIUSDT,2026-05-23,1
VIRTUALUSDT,2026-05-23,1
VVVUSDT,2026-05-23,1
WIFUSDT,2026-05-23,1
WLDUSDT,2026-05-23,1
WLFIUSDT,2026-05-23,1
XAUTUSDT,2026-05-23,1
XLMUSDT,2026-05-23,1
XMRUSDT,2026-05-23,1
XPLUSDT,2026-05-23,1
XRPUSDT,2026-05-23,1
ZBTUSDT,2026-05-23,1
ZECUSDT,2026-05-23,1
ZEREBROUSDT,2026-05-23,1
1000BONKUSDT,2026-05-24,1
1000LUNCUSDT,2026-05-24,1
1000PEPEUSDT,2026-05-24,1
AAVEUSDT,2026-05-24,1
ADAUSDT,2026-05-24,1
ALGOUSDT,2026-05-24,1
APEUSDT,2026-05-24,1
APTUSDT,2026-05-24,1
ARBUSDT,2026-05-24,1
ASTERUSDT,2026-05-24,1
ATOMUSDT,2026-05-24,1
AVAXUSDT,2026-05-24,1
AXSUSDT,2026-05-24,1
BCHUSDT,2026-05-24,1
BEATUSDT,2026-05-24,1
BIOUSDT,2026-05-24,1
BNBUSDT,2026-05-24,1
BSBUSDT,2026-05-24,1
BUSDT,2026-05-24,1
CHZUSDT,2026-05-24,1
CRVUSDT,2026-05-24,1
DASHUSDT,2026-05-24,1
DOGEUSDT,2026-05-24,1
DOTUSDT,2026-05-24,1
EDENUSDT,2026-05-24,1
ENAUSDT,2026-05-24,1
FARTCOINUSDT,2026-05-24,1
FFUSDT,2026-05-24,1
FIDAUSDT,2026-05-24,1
FILUSDT,2026-05-24,1
GALAUSDT,2026-05-24,1
HBARUSDT,2026-05-24,1
HUSDT,2026-05-24,1
HYPEUSDT,2026-05-24,1
ICPUSDT,2026-05-24,1
INJUSDT,2026-05-24,1
IPUSDT,2026-05-24,1
IRYSUSDT,2026-05-24,1
JTOUSDT,2026-05-24,1
JUPUSDT,2026-05-24,1
KITEUSDT,2026-05-24,1
LABUSDT,2026-05-24,1
LDOUSDT,2026-05-24,1
LINKUSDT,2026-05-24,1
LITUSDT,2026-05-24,1
LTCUSDT,2026-05-24,1
LYNUSDT,2026-05-24,1
MEGAUSDT,2026-05-24,1
MNTUSDT,2026-05-24,1
MONUSDT,2026-05-24,1
NAORISUSDT,2026-05-24,1
NEARUSDT,2026-05-24,1
ONDOUSDT,2026-05-24,1
OPUSDT,2026-05-24,1
ORCAUSDT,2026-05-24,1
ORDIUSDT,2026-05-24,1
PAXGUSDT,2026-05-24,1
PENDLEUSDT,2026-05-24,1
PENGUUSDT,2026-05-24,1
PIEVERSEUSDT,2026-05-24,1
POLUSDT,2026-05-24,1
PUMPFUNUSDT,2026-05-24,1
RAVEUSDT,2026-05-24,1
RENDERUSDT,2026-05-24,1
RIVERUSDT,2026-05-24,1
SAHARAUSDT,2026-05-24,1
SEIUSDT,2026-05-24,1
SHIB1000USDT,2026-05-24,1
SIRENUSDT,2026-05-24,1
SOLUSDT,2026-05-24,1
SPXUSDT,2026-05-24,1
STRKUSDT,2026-05-24,1
SUIUSDT,2026-05-24,1
TAOUSDT,2026-05-24,1
TIAUSDT,2026-05-24,1
TONUSDT,2026-05-24,1
TRUMPUSDT,2026-05-24,1
TRUTHUSDT,2026-05-24,1
TRXUSDT,2026-05-24,1
UBUSDT,2026-05-24,1
UNIUSDT,2026-05-24,1
VIRTUALUSDT,2026-05-24,1
VVVUSDT,2026-05-24,1
WIFUSDT,2026-05-24,1
WLDUSDT,2026-05-24,1
WLFIUSDT,2026-05-24,1
XAGUSDT,2026-05-24,1
XAUTUSDT,2026-05-24,1
XLMUSDT,2026-05-24,1
XMRUSDT,2026-05-24,1
XPLUSDT,2026-05-24,1
XRPUSDT,2026-05-24,1
ZBTUSDT,2026-05-24,1
ZECUSDT,2026-05-24,1
ZEREBROUSDT,2026-05-24,1
1000BONKUSDT,2026-05-25,1
1000LUNCUSDT,2026-05-25,1
1000PEPEUSDT,2026-05-25,1
AAVEUSDT,2026-05-25,1
ADAUSDT,2026-05-25,1
ALGOUSDT,2026-05-25,1
APEUSDT,2026-05-25,1
APTUSDT,2026-05-25,1
ARBUSDT,2026-05-25,1
ASTERUSDT,2026-05-25,1
ATOMUSDT,2026-05-25,1
AVAXUSDT,2026-05-25,1
AXSUSDT,2026-05-25,1
BCHUSDT,2026-05-25,1
BEATUSDT,2026-05-25,1
BIOUSDT,2026-05-25,1
BNBUSDT,2026-05-25,1
BSBUSDT,2026-05-25,1
BUSDT,2026-05-25,1
CHZUSDT,2026-05-25,1
CRVUSDT,2026-05-25,1
DASHUSDT,2026-05-25,1
DOGEUSDT,2026-05-25,1
DOTUSDT,2026-05-25,1
EDENUSDT,2026-05-25,1
ENAUSDT,2026-05-25,1
FARTCOINUSDT,2026-05-25,1
FFUSDT,2026-05-25,1
FIDAUSDT,2026-05-25,1
FILUSDT,2026-05-25,1
GALAUSDT,2026-05-25,1
HBARUSDT,2026-05-25,1
HUSDT,2026-05-25,1
HYPEUSDT,2026-05-25,1
ICPUSDT,2026-05-25,1
INJUSDT,2026-05-25,1
IPUSDT,2026-05-25,1
IRYSUSDT,2026-05-25,1
JTOUSDT,2026-05-25,1
JUPUSDT,2026-05-25,1
KITEUSDT,2026-05-25,1
LABUSDT,2026-05-25,1
LDOUSDT,2026-05-25,1
LINKUSDT,2026-05-25,1
LITUSDT,2026-05-25,1
LTCUSDT,2026-05-25,1
LYNUSDT,2026-05-25,1
MEGAUSDT,2026-05-25,1
MNTUSDT,2026-05-25,1
MONUSDT,2026-05-25,1
NAORISUSDT,2026-05-25,1
NEARUSDT,2026-05-25,1
ONDOUSDT,2026-05-25,1
OPUSDT,2026-05-25,1
ORCAUSDT,2026-05-25,1
ORDIUSDT,2026-05-25,1
PAXGUSDT,2026-05-25,1
PENDLEUSDT,2026-05-25,1
PENGUUSDT,2026-05-25,1
PIEVERSEUSDT,2026-05-25,1
POLUSDT,2026-05-25,1
PUMPFUNUSDT,2026-05-25,1
RAVEUSDT,2026-05-25,1
RENDERUSDT,2026-05-25,1
RIVERUSDT,2026-05-25,1
SAHARAUSDT,2026-05-25,1
SEIUSDT,2026-05-25,1
SHIB1000USDT,2026-05-25,1
SIRENUSDT,2026-05-25,1
SOLUSDT,2026-05-25,1
SPXUSDT,2026-05-25,1
STRKUSDT,2026-05-25,1
SUIUSDT,2026-05-25,1
TAOUSDT,2026-05-25,1
TIAUSDT,2026-05-25,1
TONUSDT,2026-05-25,1
TRUMPUSDT,2026-05-25,1
TRUTHUSDT,2026-05-25,1
TRXUSDT,2026-05-25,1
UBUSDT,2026-05-25,1
UNIUSDT,2026-05-25,1
VIRTUALUSDT,2026-05-25,1
VVVUSDT,2026-05-25,1
WIFUSDT,2026-05-25,1
WLDUSDT,2026-05-25,1
WLFIUSDT,2026-05-25,1
XAGUSDT,2026-05-25,1
XAUTUSDT,2026-05-25,1
XLMUSDT,2026-05-25,1
XMRUSDT,2026-05-25,1
XPLUSDT,2026-05-25,1
XRPUSDT,2026-05-25,1
ZBTUSDT,2026-05-25,1
ZECUSDT,2026-05-25,1
ZEREBROUSDT,2026-05-25,1
1000BONKUSDT,2026-05-26,1
1000LUNCUSDT,2026-05-26,1
1000PEPEUSDT,2026-05-26,1
AAVEUSDT,2026-05-26,1
ADAUSDT,2026-05-26,1
ALGOUSDT,2026-05-26,1
APEUSDT,2026-05-26,1
APTUSDT,2026-05-26,1
ARBUSDT,2026-05-26,1
ASTERUSDT,2026-05-26,1
ATOMUSDT,2026-05-26,1
AVAXUSDT,2026-05-26,1
AXSUSDT,2026-05-26,1
BCHUSDT,2026-05-26,1
BEATUSDT,2026-05-26,1
BIOUSDT,2026-05-26,1
BNBUSDT,2026-05-26,1
BSBUSDT,2026-05-26,1
BUSDT,2026-05-26,1
CHZUSDT,2026-05-26,1
CRVUSDT,2026-05-26,1
DASHUSDT,2026-05-26,1
DOGEUSDT,2026-05-26,1
DOTUSDT,2026-05-26,1
EDENUSDT,2026-05-26,1
ENAUSDT,2026-05-26,1
FARTCOINUSDT,2026-05-26,1
FFUSDT,2026-05-26,1
FIDAUSDT,2026-05-26,1
FILUSDT,2026-05-26,1
GALAUSDT,2026-05-26,1
HBARUSDT,2026-05-26,1
HUSDT,2026-05-26,1
HYPEUSDT,2026-05-26,1
ICPUSDT,2026-05-26,1
INJUSDT,2026-05-26,1
IPUSDT,2026-05-26,1
IRYSUSDT,2026-05-26,1
JTOUSDT,2026-05-26,1
JUPUSDT,2026-05-26,1
KITEUSDT,2026-05-26,1
LABUSDT,2026-05-26,1
LDOUSDT,2026-05-26,1
LINKUSDT,2026-05-26,1
LITUSDT,2026-05-26,1
LTCUSDT,2026-05-26,1
LYNUSDT,2026-05-26,1
MEGAUSDT,2026-05-26,1
MNTUSDT,2026-05-26,1
MONUSDT,2026-05-26,1
NEARUSDT,2026-05-26,1
ONDOUSDT,2026-05-26,1
OPUSDT,2026-05-26,1
ORCAUSDT,2026-05-26,1
ORDIUSDT,2026-05-26,1
PAXGUSDT,2026-05-26,1
PENDLEUSDT,2026-05-26,1
PENGUUSDT,2026-05-26,1
PIEVERSEUSDT,2026-05-26,1
PLAYSOUTUSDT,2026-05-26,1
POLUSDT,2026-05-26,1
PUMPFUNUSDT,2026-05-26,1
RAVEUSDT,2026-05-26,1
RENDERUSDT,2026-05-26,1
RIVERUSDT,2026-05-26,1
SAHARAUSDT,2026-05-26,1
SEIUSDT,2026-05-26,1
SHIB1000USDT,2026-05-26,1
SIRENUSDT,2026-05-26,1
SOLUSDT,2026-05-26,1
SPXUSDT,2026-05-26,1
STRKUSDT,2026-05-26,1
SUIUSDT,2026-05-26,1
TAOUSDT,2026-05-26,1
TIAUSDT,2026-05-26,1
TONUSDT,2026-05-26,1
TRUMPUSDT,2026-05-26,1
TRXUSDT,2026-05-26,1
UBUSDT,2026-05-26,1
UNIUSDT,2026-05-26,1
VIRTUALUSDT,2026-05-26,1
VVVUSDT,2026-05-26,1
WIFUSDT,2026-05-26,1
WLDUSDT,2026-05-26,1
WLFIUSDT,2026-05-26,1
XAGUSDT,2026-05-26,1
XAUTUSDT,2026-05-26,1
XLMUSDT,2026-05-26,1
XMRUSDT,2026-05-26,1
XPLUSDT,2026-05-26,1
XRPUSDT,2026-05-26,1
ZBTUSDT,2026-05-26,1
ZECUSDT,2026-05-26,1
ZEREBROUSDT,2026-05-26,1
1000BONKUSDT,2026-05-27,1
1000LUNCUSDT,2026-05-27,1
1000PEPEUSDT,2026-05-27,1
AAVEUSDT,2026-05-27,1
ADAUSDT,2026-05-27,1
ALGOUSDT,2026-05-27,1
APEUSDT,2026-05-27,1
APTUSDT,2026-05-27,1
ARBUSDT,2026-05-27,1
ASTERUSDT,2026-05-27,1
ATOMUSDT,2026-05-27,1
AVAXUSDT,2026-05-27,1
AXSUSDT,2026-05-27,1
BCHUSDT,2026-05-27,1
BEATUSDT,2026-05-27,1
BIOUSDT,2026-05-27,1
BNBUSDT,2026-05-27,1
BSBUSDT,2026-05-27,1
BUSDT,2026-05-27,1
CHIPUSDT,2026-05-27,1
CHZUSDT,2026-05-27,1
CRVUSDT,2026-05-27,1
DASHUSDT,2026-05-27,1
DOGEUSDT,2026-05-27,1
DOTUSDT,2026-05-27,1
EDENUSDT,2026-05-27,1
ENAUSDT,2026-05-27,1
FARTCOINUSDT,2026-05-27,1
FFUSDT,2026-05-27,1
FIDAUSDT,2026-05-27,1
FILUSDT,2026-05-27,1
GALAUSDT,2026-05-27,1
HBARUSDT,2026-05-27,1
HUSDT,2026-05-27,1
HYPEUSDT,2026-05-27,1
ICPUSDT,2026-05-27,1
INJUSDT,2026-05-27,1
IPUSDT,2026-05-27,1
IRYSUSDT,2026-05-27,1
JTOUSDT,2026-05-27,1
JUPUSDT,2026-05-27,1
KITEUSDT,2026-05-27,1
LABUSDT,2026-05-27,1
LDOUSDT,2026-05-27,1
LINKUSDT,2026-05-27,1
LITUSDT,2026-05-27,1
LTCUSDT,2026-05-27,1
MEGAUSDT,2026-05-27,1
MNTUSDT,2026-05-27,1
MONUSDT,2026-05-27,1
NEARUSDT,2026-05-27,1
NILUSDT,2026-05-27,1
ONDOUSDT,2026-05-27,1
OPUSDT,2026-05-27,1
ORCAUSDT,2026-05-27,1
ORDIUSDT,2026-05-27,1
PAXGUSDT,2026-05-27,1
PENDLEUSDT,2026-05-27,1
PENGUUSDT,2026-05-27,1
PLAYSOUTUSDT,2026-05-27,1
POLUSDT,2026-05-27,1
PUMPFUNUSDT,2026-05-27,1
RAVEUSDT,2026-05-27,1
RENDERUSDT,2026-05-27,1
RIVERUSDT,2026-05-27,1
SAHARAUSDT,2026-05-27,1
SEIUSDT,2026-05-27,1
SHIB1000USDT,2026-05-27,1
SIRENUSDT,2026-05-27,1
SOLUSDT,2026-05-27,1
SPXUSDT,2026-05-27,1
STRKUSDT,2026-05-27,1
SUIUSDT,2026-05-27,1
TAOUSDT,2026-05-27,1
TIAUSDT,2026-05-27,1
TONUSDT,2026-05-27,1
TRUMPUSDT,2026-05-27,1
TRXUSDT,2026-05-27,1
UBUSDT,2026-05-27,1
UNIUSDT,2026-05-27,1
USELESSUSDT,2026-05-27,1
VIRTUALUSDT,2026-05-27,1
VVVUSDT,2026-05-27,1
WIFUSDT,2026-05-27,1
WLDUSDT,2026-05-27,1
WLFIUSDT,2026-05-27,1
XAGUSDT,2026-05-27,1
XAUTUSDT,2026-05-27,1
XLMUSDT,2026-05-27,1
XMRUSDT,2026-05-27,1
XPLUSDT,2026-05-27,1
XRPUSDT,2026-05-27,1
ZBTUSDT,2026-05-27,1
ZECUSDT,2026-05-27,1
ZEREBROUSDT,2026-05-27,1
1000BONKUSDT,2026-05-28,1
1000LUNCUSDT,2026-05-28,1
1000PEPEUSDT,2026-05-28,1
AAVEUSDT,2026-05-28,1
ADAUSDT,2026-05-28,1
ALGOUSDT,2026-05-28,1
APEUSDT,2026-05-28,1
APTUSDT,2026-05-28,1
ARBUSDT,2026-05-28,1
ASTERUSDT,2026-05-28,1
ATOMUSDT,2026-05-28,1
AVAXUSDT,2026-05-28,1
AXSUSDT,2026-05-28,1
BCHUSDT,2026-05-28,1
BEATUSDT,2026-05-28,1
BIOUSDT,2026-05-28,1
BNBUSDT,2026-05-28,1
BSBUSDT,2026-05-28,1
BUSDT,2026-05-28,1
CHIPUSDT,2026-05-28,1
CHZUSDT,2026-05-28,1
CRVUSDT,2026-05-28,1
DASHUSDT,2026-05-28,1
DOGEUSDT,2026-05-28,1
DOTUSDT,2026-05-28,1
EDENUSDT,2026-05-28,1
ENAUSDT,2026-05-28,1
FARTCOINUSDT,2026-05-28,1
FFUSDT,2026-05-28,1
FIDAUSDT,2026-05-28,1
FILUSDT,2026-05-28,1
GALAUSDT,2026-05-28,1
GRASSUSDT,2026-05-28,1
HBARUSDT,2026-05-28,1
HUSDT,2026-05-28,1
HYPEUSDT,2026-05-28,1
ICPUSDT,2026-05-28,1
INJUSDT,2026-05-28,1
IPUSDT,2026-05-28,1
IRYSUSDT,2026-05-28,1
JTOUSDT,2026-05-28,1
JUPUSDT,2026-05-28,1
KITEUSDT,2026-05-28,1
LABUSDT,2026-05-28,1
LDOUSDT,2026-05-28,1
LINKUSDT,2026-05-28,1
LITUSDT,2026-05-28,1
LTCUSDT,2026-05-28,1
MEGAUSDT,2026-05-28,1
MNTUSDT,2026-05-28,1
MONUSDT,2026-05-28,1
NEARUSDT,2026-05-28,1
NILUSDT,2026-05-28,1
ONDOUSDT,2026-05-28,1
OPUSDT,2026-05-28,1
ORDIUSDT,2026-05-28,1
PAXGUSDT,2026-05-28,1
PENDLEUSDT,2026-05-28,1
PENGUUSDT,2026-05-28,1
PLAYSOUTUSDT,2026-05-28,1
POLUSDT,2026-05-28,1
PUMPFUNUSDT,2026-05-28,1
RAVEUSDT,2026-05-28,1
RENDERUSDT,2026-05-28,1
RIVERUSDT,2026-05-28,1
SAHARAUSDT,2026-05-28,1
SEIUSDT,2026-05-28,1
SHIB1000USDT,2026-05-28,1
SOLUSDT,2026-05-28,1
SPXUSDT,2026-05-28,1
STRKUSDT,2026-05-28,1
SUIUSDT,2026-05-28,1
TAOUSDT,2026-05-28,1
TIAUSDT,2026-05-28,1
TONUSDT,2026-05-28,1
TRUMPUSDT,2026-05-28,1
TRXUSDT,2026-05-28,1
UBUSDT,2026-05-28,1
UNIUSDT,2026-05-28,1
USELESSUSDT,2026-05-28,1
VIRTUALUSDT,2026-05-28,1
VVVUSDT,2026-05-28,1
WIFUSDT,2026-05-28,1
WLDUSDT,2026-05-28,1
WLFIUSDT,2026-05-28,1
XAGUSDT,2026-05-28,1
XAUTUSDT,2026-05-28,1
XLMUSDT,2026-05-28,1
XMRUSDT,2026-05-28,1
XPLUSDT,2026-05-28,1
XRPUSDT,2026-05-28,1
ZBTUSDT,2026-05-28,1
ZECUSDT,2026-05-28,1
ZEREBROUSDT,2026-05-28,1
1000BONKUSDT,2026-05-29,1
1000LUNCUSDT,2026-05-29,1
1000PEPEUSDT,2026-05-29,1
AAVEUSDT,2026-05-29,1
ADAUSDT,2026-05-29,1
ALGOUSDT,2026-05-29,1
APEUSDT,2026-05-29,1
APTUSDT,2026-05-29,1
ARBUSDT,2026-05-29,1
ASTERUSDT,2026-05-29,1
ATOMUSDT,2026-05-29,1
AVAXUSDT,2026-05-29,1
AXSUSDT,2026-05-29,1
BCHUSDT,2026-05-29,1
BEATUSDT,2026-05-29,1
BIOUSDT,2026-05-29,1
BNBUSDT,2026-05-29,1
BSBUSDT,2026-05-29,1
BUSDT,2026-05-29,1
CHIPUSDT,2026-05-29,1
CHZUSDT,2026-05-29,1
CRVUSDT,2026-05-29,1
DASHUSDT,2026-05-29,1
DOGEUSDT,2026-05-29,1
DOTUSDT,2026-05-29,1
EDENUSDT,2026-05-29,1
EIGENUSDT,2026-05-29,1
ENAUSDT,2026-05-29,1
FARTCOINUSDT,2026-05-29,1
FFUSDT,2026-05-29,1
FIDAUSDT,2026-05-29,1
FILUSDT,2026-05-29,1
GALAUSDT,2026-05-29,1
GENIUSUSDT,2026-05-29,1
GRASSUSDT,2026-05-29,1
HBARUSDT,2026-05-29,1
HUSDT,2026-05-29,1
HYPEUSDT,2026-05-29,1
ICPUSDT,2026-05-29,1
INJUSDT,2026-05-29,1
IPUSDT,2026-05-29,1
JTOUSDT,2026-05-29,1
JUPUSDT,2026-05-29,1
KITEUSDT,2026-05-29,1
LABUSDT,2026-05-29,1
LDOUSDT,2026-05-29,1
LINKUSDT,2026-05-29,1
LITUSDT,2026-05-29,1
LTCUSDT,2026-05-29,1
MEGAUSDT,2026-05-29,1
MNTUSDT,2026-05-29,1
MONUSDT,2026-05-29,1
NEARUSDT,2026-05-29,1
NILUSDT,2026-05-29,1
ONDOUSDT,2026-05-29,1
OPUSDT,2026-05-29,1
ORDIUSDT,2026-05-29,1
PAXGUSDT,2026-05-29,1
PENDLEUSDT,2026-05-29,1
PENGUUSDT,2026-05-29,1
PLAYSOUTUSDT,2026-05-29,1
POLUSDT,2026-05-29,1
PUMPFUNUSDT,2026-05-29,1
RAVEUSDT,2026-05-29,1
RENDERUSDT,2026-05-29,1
RIVERUSDT,2026-05-29,1
SAHARAUSDT,2026-05-29,1
SEIUSDT,2026-05-29,1
SHIB1000USDT,2026-05-29,1
SOLUSDT,2026-05-29,1
SPXUSDT,2026-05-29,1
STRKUSDT,2026-05-29,1
SUIUSDT,2026-05-29,1
TAOUSDT,2026-05-29,1
TIAUSDT,2026-05-29,1
TONUSDT,2026-05-29,1
TRUMPUSDT,2026-05-29,1
TRXUSDT,2026-05-29,1
UBUSDT,2026-05-29,1
UNIUSDT,2026-05-29,1
USELESSUSDT,2026-05-29,1
VIRTUALUSDT,2026-05-29,1
VVVUSDT,2026-05-29,1
WIFUSDT,2026-05-29,1
WLDUSDT,2026-05-29,1
WLFIUSDT,2026-05-29,1
XAGUSDT,2026-05-29,1
XAUTUSDT,2026-05-29,1
XLMUSDT,2026-05-29,1
XMRUSDT,2026-05-29,1
XPLUSDT,2026-05-29,1
XRPUSDT,2026-05-29,1
ZBTUSDT,2026-05-29,1
ZECUSDT,2026-05-29,1
ZEREBROUSDT,2026-05-29,1
1000BONKUSDT,2026-05-30,1
1000LUNCUSDT,2026-05-30,1
1000PEPEUSDT,2026-05-30,1
AAVEUSDT,2026-05-30,1
ADAUSDT,2026-05-30,1
ALGOUSDT,2026-05-30,1
APEUSDT,2026-05-30,1
APTUSDT,2026-05-30,1
ARBUSDT,2026-05-30,1
ASTERUSDT,2026-05-30,1
ATOMUSDT,2026-05-30,1
AVAXUSDT,2026-05-30,1
AXSUSDT,2026-05-30,1
BCHUSDT,2026-05-30,1
BEATUSDT,2026-05-30,1
BIOUSDT,2026-05-30,1
BNBUSDT,2026-05-30,1
BSBUSDT,2026-05-30,1
BUSDT,2026-05-30,1
CHIPUSDT,2026-05-30,1
CHZUSDT,2026-05-30,1
CRVUSDT,2026-05-30,1
DASHUSDT,2026-05-30,1
DOGEUSDT,2026-05-30,1
DOTUSDT,2026-05-30,1
EDENUSDT,2026-05-30,1
EIGENUSDT,2026-05-30,1
ENAUSDT,2026-05-30,1
FARTCOINUSDT,2026-05-30,1
FFUSDT,2026-05-30,1
FIDAUSDT,2026-05-30,1
FILUSDT,2026-05-30,1
GALAUSDT,2026-05-30,1
GENIUSUSDT,2026-05-30,1
GRASSUSDT,2026-05-30,1
HBARUSDT,2026-05-30,1
HUSDT,2026-05-30,1
HYPEUSDT,2026-05-30,1
ICPUSDT,2026-05-30,1
INJUSDT,2026-05-30,1
IPUSDT,2026-05-30,1
JTOUSDT,2026-05-30,1
JUPUSDT,2026-05-30,1
KITEUSDT,2026-05-30,1
LABUSDT,2026-05-30,1
LDOUSDT,2026-05-30,1
LINKUSDT,2026-05-30,1
LITUSDT,2026-05-30,1
LTCUSDT,2026-05-30,1
MEGAUSDT,2026-05-30,1
MNTUSDT,2026-05-30,1
MONUSDT,2026-05-30,1
NEARUSDT,2026-05-30,1
NILUSDT,2026-05-30,1
ONDOUSDT,2026-05-30,1
OPUSDT,2026-05-30,1
ORDIUSDT,2026-05-30,1
PAXGUSDT,2026-05-30,1
PENDLEUSDT,2026-05-30,1
PENGUUSDT,2026-05-30,1
PLAYSOUTUSDT,2026-05-30,1
POLUSDT,2026-05-30,1
PUMPFUNUSDT,2026-05-30,1
RAVEUSDT,2026-05-30,1
RENDERUSDT,2026-05-30,1
RIVERUSDT,2026-05-30,1
SAHARAUSDT,2026-05-30,1
SEIUSDT,2026-05-30,1
SHIB1000USDT,2026-05-30,1
SOLUSDT,2026-05-30,1
SPXUSDT,2026-05-30,1
STRKUSDT,2026-05-30,1
SUIUSDT,2026-05-30,1
TAOUSDT,2026-05-30,1
TIAUSDT,2026-05-30,1
TONUSDT,2026-05-30,1
TRUMPUSDT,2026-05-30,1
TRXUSDT,2026-05-30,1
UBUSDT,2026-05-30,1
UNIUSDT,2026-05-30,1
USELESSUSDT,2026-05-30,1
VIRTUALUSDT,2026-05-30,1
VVVUSDT,2026-05-30,1
WIFUSDT,2026-05-30,1
WLDUSDT,2026-05-30,1
WLFIUSDT,2026-05-30,1
XAGUSDT,2026-05-30,1
XAUTUSDT,2026-05-30,1
XLMUSDT,2026-05-30,1
XMRUSDT,2026-05-30,1
XPLUSDT,2026-05-30,1
XRPUSDT,2026-05-30,1
ZECUSDT,2026-05-30,1
ZEREBROUSDT,2026-05-30,1
1000BONKUSDT,2026-05-31,1
1000LUNCUSDT,2026-05-31,1
1000PEPEUSDT,2026-05-31,1
AAVEUSDT,2026-05-31,1
ADAUSDT,2026-05-31,1
ALGOUSDT,2026-05-31,1
APEUSDT,2026-05-31,1
APTUSDT,2026-05-31,1
ARBUSDT,2026-05-31,1
ASTERUSDT,2026-05-31,1
ATOMUSDT,2026-05-31,1
AVAXUSDT,2026-05-31,1
AXSUSDT,2026-05-31,1
BCHUSDT,2026-05-31,1
BEATUSDT,2026-05-31,1
BIOUSDT,2026-05-31,1
BNBUSDT,2026-05-31,1
BSBUSDT,2026-05-31,1
BUSDT,2026-05-31,1
CHIPUSDT,2026-05-31,1
CHZUSDT,2026-05-31,1
CRVUSDT,2026-05-31,1
DASHUSDT,2026-05-31,1
DOGEUSDT,2026-05-31,1
DOTUSDT,2026-05-31,1
EDENUSDT,2026-05-31,1
EIGENUSDT,2026-05-31,1
ENAUSDT,2026-05-31,1
ESPORTSUSDT,2026-05-31,1
FARTCOINUSDT,2026-05-31,1
FFUSDT,2026-05-31,1
FIDAUSDT,2026-05-31,1
FILUSDT,2026-05-31,1
GALAUSDT,2026-05-31,1
GENIUSUSDT,2026-05-31,1
GRASSUSDT,2026-05-31,1
HBARUSDT,2026-05-31,1
HUSDT,2026-05-31,1
HYPEUSDT,2026-05-31,1
ICPUSDT,2026-05-31,1
INJUSDT,2026-05-31,1
IPUSDT,2026-05-31,1
JTOUSDT,2026-05-31,1
JUPUSDT,2026-05-31,1
LABUSDT,2026-05-31,1
LDOUSDT,2026-05-31,1
LINKUSDT,2026-05-31,1
LITUSDT,2026-05-31,1
LTCUSDT,2026-05-31,1
MEGAUSDT,2026-05-31,1
MNTUSDT,2026-05-31,1
MONUSDT,2026-05-31,1
NEARUSDT,2026-05-31,1
NILUSDT,2026-05-31,1
ONDOUSDT,2026-05-31,1
OPUSDT,2026-05-31,1
ORDIUSDT,2026-05-31,1
PAXGUSDT,2026-05-31,1
PENDLEUSDT,2026-05-31,1
PENGUUSDT,2026-05-31,1
PLAYSOUTUSDT,2026-05-31,1
POLUSDT,2026-05-31,1
PUMPFUNUSDT,2026-05-31,1
RAVEUSDT,2026-05-31,1
RENDERUSDT,2026-05-31,1
RIVERUSDT,2026-05-31,1
SAHARAUSDT,2026-05-31,1
SEIUSDT,2026-05-31,1
SHIB1000USDT,2026-05-31,1
SOLUSDT,2026-05-31,1
SPXUSDT,2026-05-31,1
STRKUSDT,2026-05-31,1
SUIUSDT,2026-05-31,1
TAOUSDT,2026-05-31,1
TIAUSDT,2026-05-31,1
TONUSDT,2026-05-31,1
TRUMPUSDT,2026-05-31,1
TRXUSDT,2026-05-31,1
UBUSDT,2026-05-31,1
UNIUSDT,2026-05-31,1
USELESSUSDT,2026-05-31,1
VIRTUALUSDT,2026-05-31,1
VVVUSDT,2026-05-31,1
WIFUSDT,2026-05-31,1
WLDUSDT,2026-05-31,1
WLFIUSDT,2026-05-31,1
XAGUSDT,2026-05-31,1
XAUTUSDT,2026-05-31,1
XLMUSDT,2026-05-31,1
XMRUSDT,2026-05-31,1
XPLUSDT,2026-05-31,1
XRPUSDT,2026-05-31,1
ZECUSDT,2026-05-31,1
ZEREBROUSDT,2026-05-31,1
1000BONKUSDT,2026-06-01,1
1000LUNCUSDT,2026-06-01,1
1000PEPEUSDT,2026-06-01,1
AAVEUSDT,2026-06-01,1
ADAUSDT,2026-06-01,1
ALGOUSDT,2026-06-01,1
APEUSDT,2026-06-01,1
APTUSDT,2026-06-01,1
ARBUSDT,2026-06-01,1
ASTERUSDT,2026-06-01,1
ATOMUSDT,2026-06-01,1
AVAXUSDT,2026-06-01,1
AXSUSDT,2026-06-01,1
BCHUSDT,2026-06-01,1
BEATUSDT,2026-06-01,1
BIOUSDT,2026-06-01,1
BNBUSDT,2026-06-01,1
BSBUSDT,2026-06-01,1
CHIPUSDT,2026-06-01,1
CHZUSDT,2026-06-01,1
CRVUSDT,2026-06-01,1
DASHUSDT,2026-06-01,1
DOGEUSDT,2026-06-01,1
DOTUSDT,2026-06-01,1
DYDXUSDT,2026-06-01,1
EDENUSDT,2026-06-01,1
EIGENUSDT,2026-06-01,1
ENAUSDT,2026-06-01,1
ESPORTSUSDT,2026-06-01,1
FARTCOINUSDT,2026-06-01,1
FFUSDT,2026-06-01,1
FIDAUSDT,2026-06-01,1
FILUSDT,2026-06-01,1
GALAUSDT,2026-06-01,1
GENIUSUSDT,2026-06-01,1
GRASSUSDT,2026-06-01,1
HBARUSDT,2026-06-01,1
HUSDT,2026-06-01,1
HYPEUSDT,2026-06-01,1
ICPUSDT,2026-06-01,1
INJUSDT,2026-06-01,1
IPUSDT,2026-06-01,1
JTOUSDT,2026-06-01,1
JUPUSDT,2026-06-01,1
LABUSDT,2026-06-01,1
LDOUSDT,2026-06-01,1
LINKUSDT,2026-06-01,1
LITUSDT,2026-06-01,1
LTCUSDT,2026-06-01,1
MEGAUSDT,2026-06-01,1
MNTUSDT,2026-06-01,1
MONUSDT,2026-06-01,1
NEARUSDT,2026-06-01,1
NILUSDT,2026-06-01,1
ONDOUSDT,2026-06-01,1
OPUSDT,2026-06-01,1
ORDIUSDT,2026-06-01,1
PAXGUSDT,2026-06-01,1
PENDLEUSDT,2026-06-01,1
PENGUUSDT,2026-06-01,1
PLAYSOUTUSDT,2026-06-01,1
POLUSDT,2026-06-01,1
PUMPFUNUSDT,2026-06-01,1
RAVEUSDT,2026-06-01,1
RENDERUSDT,2026-06-01,1
RIVERUSDT,2026-06-01,1
SAHARAUSDT,2026-06-01,1
SEIUSDT,2026-06-01,1
SHIB1000USDT,2026-06-01,1
SOLUSDT,2026-06-01,1
SPXUSDT,2026-06-01,1
STRKUSDT,2026-06-01,1
SUIUSDT,2026-06-01,1
TAOUSDT,2026-06-01,1
TIAUSDT,2026-06-01,1
TONUSDT,2026-06-01,1
TRUMPUSDT,2026-06-01,1
TRXUSDT,2026-06-01,1
UBUSDT,2026-06-01,1
UNIUSDT,2026-06-01,1
USELESSUSDT,2026-06-01,1
VIRTUALUSDT,2026-06-01,1
VVVUSDT,2026-06-01,1
WIFUSDT,2026-06-01,1
WLDUSDT,2026-06-01,1
WLFIUSDT,2026-06-01,1
XAGUSDT,2026-06-01,1
XAUTUSDT,2026-06-01,1
XLMUSDT,2026-06-01,1
XMRUSDT,2026-06-01,1
XPLUSDT,2026-06-01,1
XRPUSDT,2026-06-01,1
ZECUSDT,2026-06-01,1
ZEREBROUSDT,2026-06-01,1
1000BONKUSDT,2026-06-02,1
1000LUNCUSDT,2026-06-02,1
1000PEPEUSDT,2026-06-02,1
AAVEUSDT,2026-06-02,1
ADAUSDT,2026-06-02,1
ALGOUSDT,2026-06-02,1
APEUSDT,2026-06-02,1
APTUSDT,2026-06-02,1
ARBUSDT,2026-06-02,1
ASTERUSDT,2026-06-02,1
ATOMUSDT,2026-06-02,1
AVAXUSDT,2026-06-02,1
AXSUSDT,2026-06-02,1
BCHUSDT,2026-06-02,1
BEATUSDT,2026-06-02,1
BIOUSDT,2026-06-02,1
BNBUSDT,2026-06-02,1
BSBUSDT,2026-06-02,1
CHIPUSDT,2026-06-02,1
CHZUSDT,2026-06-02,1
CRVUSDT,2026-06-02,1
DASHUSDT,2026-06-02,1
DOGEUSDT,2026-06-02,1
DOTUSDT,2026-06-02,1
DYDXUSDT,2026-06-02,1
EDENUSDT,2026-06-02,1
EIGENUSDT,2026-06-02,1
ENAUSDT,2026-06-02,1
ESPORTSUSDT,2026-06-02,1
FARTCOINUSDT,2026-06-02,1
FFUSDT,2026-06-02,1
FIDAUSDT,2026-06-02,1
FILUSDT,2026-06-02,1
GALAUSDT,2026-06-02,1
GENIUSUSDT,2026-06-02,1
GRASSUSDT,2026-06-02,1
HBARUSDT,2026-06-02,1
HUSDT,2026-06-02,1
HYPEUSDT,2026-06-02,1
ICPUSDT,2026-06-02,1
INJUSDT,2026-06-02,1
IPUSDT,2026-06-02,1
JTOUSDT,2026-06-02,1
JUPUSDT,2026-06-02,1
LABUSDT,2026-06-02,1
LDOUSDT,2026-06-02,1
LINKUSDT,2026-06-02,1
LITUSDT,2026-06-02,1
LTCUSDT,2026-06-02,1
MEGAUSDT,2026-06-02,1
MNTUSDT,2026-06-02,1
MONUSDT,2026-06-02,1
NEARUSDT,2026-06-02,1
NILUSDT,2026-06-02,1
ONDOUSDT,2026-06-02,1
OPUSDT,2026-06-02,1
ORDIUSDT,2026-06-02,1
PAXGUSDT,2026-06-02,1
PENDLEUSDT,2026-06-02,1
PENGUUSDT,2026-06-02,1
PLAYSOUTUSDT,2026-06-02,1
POLUSDT,2026-06-02,1
PUMPFUNUSDT,2026-06-02,1
RAVEUSDT,2026-06-02,1
RENDERUSDT,2026-06-02,1
RIVERUSDT,2026-06-02,1
SAHARAUSDT,2026-06-02,1
SEIUSDT,2026-06-02,1
SHIB1000USDT,2026-06-02,1
SOLUSDT,2026-06-02,1
SPXUSDT,2026-06-02,1
STRKUSDT,2026-06-02,1
SUIUSDT,2026-06-02,1
TAOUSDT,2026-06-02,1
TIAUSDT,2026-06-02,1
TONUSDT,2026-06-02,1
TRUMPUSDT,2026-06-02,1
TRXUSDT,2026-06-02,1
UBUSDT,2026-06-02,1
UNIUSDT,2026-06-02,1
USELESSUSDT,2026-06-02,1
VIRTUALUSDT,2026-06-02,1
VVVUSDT,2026-06-02,1
WIFUSDT,2026-06-02,1
WLDUSDT,2026-06-02,1
WLFIUSDT,2026-06-02,1
XAGUSDT,2026-06-02,1
XAUTUSDT,2026-06-02,1
XLMUSDT,2026-06-02,1
XMRUSDT,2026-06-02,1
XPLUSDT,2026-06-02,1
XRPUSDT,2026-06-02,1
ZECUSDT,2026-06-02,1
ZEREBROUSDT,2026-06-02,1
1000BONKUSDT,2026-06-03,1
1000LUNCUSDT,2026-06-03,1
1000PEPEUSDT,2026-06-03,1
AAVEUSDT,2026-06-03,1
ADAUSDT,2026-06-03,1
ALGOUSDT,2026-06-03,1
APEUSDT,2026-06-03,1
APTUSDT,2026-06-03,1
ARBUSDT,2026-06-03,1
ASTERUSDT,2026-06-03,1
ATOMUSDT,2026-06-03,1
AVAXUSDT,2026-06-03,1
AXSUSDT,2026-06-03,1
BCHUSDT,2026-06-03,1
BEATUSDT,2026-06-03,1
BIOUSDT,2026-06-03,1
BNBUSDT,2026-06-03,1
BSBUSDT,2026-06-03,1
CHIPUSDT,2026-06-03,1
CHZUSDT,2026-06-03,1
CRVUSDT,2026-06-03,1
DASHUSDT,2026-06-03,1
DOGEUSDT,2026-06-03,1
DOTUSDT,2026-06-03,1
DYDXUSDT,2026-06-03,1
EDENUSDT,2026-06-03,1
EIGENUSDT,2026-06-03,1
ENAUSDT,2026-06-03,1
ESPORTSUSDT,2026-06-03,1
FARTCOINUSDT,2026-06-03,1
FFUSDT,2026-06-03,1
FIDAUSDT,2026-06-03,1
FILUSDT,2026-06-03,1
GALAUSDT,2026-06-03,1
GENIUSUSDT,2026-06-03,1
GRASSUSDT,2026-06-03,1
HBARUSDT,2026-06-03,1
HUSDT,2026-06-03,1
HYPEUSDT,2026-06-03,1
ICPUSDT,2026-06-03,1
INJUSDT,2026-06-03,1
IPUSDT,2026-06-03,1
JTOUSDT,2026-06-03,1
JUPUSDT,2026-06-03,1
LABUSDT,2026-06-03,1
LDOUSDT,2026-06-03,1
LINKUSDT,2026-06-03,1
LITUSDT,2026-06-03,1
LTCUSDT,2026-06-03,1
MEGAUSDT,2026-06-03,1
MNTUSDT,2026-06-03,1
MONUSDT,2026-06-03,1
NEARUSDT,2026-06-03,1
NILUSDT,2026-06-03,1
ONDOUSDT,2026-06-03,1
OPUSDT,2026-06-03,1
ORDIUSDT,2026-06-03,1
PAXGUSDT,2026-06-03,1
PENDLEUSDT,2026-06-03,1
PENGUUSDT,2026-06-03,1
PLAYSOUTUSDT,2026-06-03,1
POLUSDT,2026-06-03,1
PUMPFUNUSDT,2026-06-03,1
RAVEUSDT,2026-06-03,1
RENDERUSDT,2026-06-03,1
RIVERUSDT,2026-06-03,1
SAHARAUSDT,2026-06-03,1
SEIUSDT,2026-06-03,1
SHIB1000USDT,2026-06-03,1
SOLUSDT,2026-06-03,1
SPXUSDT,2026-06-03,1
STRKUSDT,2026-06-03,1
SUIUSDT,2026-06-03,1
TAOUSDT,2026-06-03,1
TIAUSDT,2026-06-03,1
TONUSDT,2026-06-03,1
TRUMPUSDT,2026-06-03,1
TRXUSDT,2026-06-03,1
UBUSDT,2026-06-03,1
UNIUSDT,2026-06-03,1
USELESSUSDT,2026-06-03,1
VIRTUALUSDT,2026-06-03,1
VVVUSDT,2026-06-03,1
WIFUSDT,2026-06-03,1
WLDUSDT,2026-06-03,1
WLFIUSDT,2026-06-03,1
XAGUSDT,2026-06-03,1
XAUTUSDT,2026-06-03,1
XLMUSDT,2026-06-03,1
XMRUSDT,2026-06-03,1
XPLUSDT,2026-06-03,1
XRPUSDT,2026-06-03,1
ZECUSDT,2026-06-03,1
ZEREBROUSDT,2026-06-03,1
1000BONKUSDT,2026-06-04,1
1000PEPEUSDT,2026-06-04,1
AAVEUSDT,2026-06-04,1
ADAUSDT,2026-06-04,1
ALGOUSDT,2026-06-04,1
ALLOUSDT,2026-06-04,1
APEUSDT,2026-06-04,1
APTUSDT,2026-06-04,1
ARBUSDT,2026-06-04,1
ASTERUSDT,2026-06-04,1
ATOMUSDT,2026-06-04,1
AVAXUSDT,2026-06-04,1
AXSUSDT,2026-06-04,1
BCHUSDT,2026-06-04,1
BEATUSDT,2026-06-04,1
BIOUSDT,2026-06-04,1
BNBUSDT,2026-06-04,1
BSBUSDT,2026-06-04,1
CHIPUSDT,2026-06-04,1
CHZUSDT,2026-06-04,1
CRVUSDT,2026-06-04,1
DASHUSDT,2026-06-04,1
DOGEUSDT,2026-06-04,1
DOTUSDT,2026-06-04,1
DYDXUSDT,2026-06-04,1
EDENUSDT,2026-06-04,1
EIGENUSDT,2026-06-04,1
ENAUSDT,2026-06-04,1
ESPORTSUSDT,2026-06-04,1
FARTCOINUSDT,2026-06-04,1
FFUSDT,2026-06-04,1
FIDAUSDT,2026-06-04,1
FILUSDT,2026-06-04,1
GALAUSDT,2026-06-04,1
GENIUSUSDT,2026-06-04,1
GRASSUSDT,2026-06-04,1
HBARUSDT,2026-06-04,1
HUSDT,2026-06-04,1
HYPEUSDT,2026-06-04,1
ICPUSDT,2026-06-04,1
INJUSDT,2026-06-04,1
IPUSDT,2026-06-04,1
JTOUSDT,2026-06-04,1
JUPUSDT,2026-06-04,1
LABUSDT,2026-06-04,1
LDOUSDT,2026-06-04,1
LINKUSDT,2026-06-04,1
LITUSDT,2026-06-04,1
LTCUSDT,2026-06-04,1
MEGAUSDT,2026-06-04,1
MNTUSDT,2026-06-04,1
MONUSDT,2026-06-04,1
NEARUSDT,2026-06-04,1
NILUSDT,2026-06-04,1
ONDOUSDT,2026-06-04,1
OPUSDT,2026-06-04,1
ORDIUSDT,2026-06-04,1
PAXGUSDT,2026-06-04,1
PENDLEUSDT,2026-06-04,1
PENGUUSDT,2026-06-04,1
PLAYSOUTUSDT,2026-06-04,1
POLUSDT,2026-06-04,1
PUMPFUNUSDT,2026-06-04,1
RAVEUSDT,2026-06-04,1
RENDERUSDT,2026-06-04,1
RIVERUSDT,2026-06-04,1
SAHARAUSDT,2026-06-04,1
SEIUSDT,2026-06-04,1
SHIB1000USDT,2026-06-04,1
SOLUSDT,2026-06-04,1
SPXUSDT,2026-06-04,1
STRKUSDT,2026-06-04,1
SUIUSDT,2026-06-04,1
TAOUSDT,2026-06-04,1
TIAUSDT,2026-06-04,1
TONUSDT,2026-06-04,1
TRUMPUSDT,2026-06-04,1
TRXUSDT,2026-06-04,1
UBUSDT,2026-06-04,1
UNIUSDT,2026-06-04,1
USELESSUSDT,2026-06-04,1
VIRTUALUSDT,2026-06-04,1
VVVUSDT,2026-06-04,1
WIFUSDT,2026-06-04,1
WLDUSDT,2026-06-04,1
WLFIUSDT,2026-06-04,1
XAGUSDT,2026-06-04,1
XAUTUSDT,2026-06-04,1
XLMUSDT,2026-06-04,1
XMRUSDT,2026-06-04,1
XPLUSDT,2026-06-04,1
XRPUSDT,2026-06-04,1
ZECUSDT,2026-06-04,1
ZEREBROUSDT,2026-06-04,1
1000BONKUSDT,2026-06-05,1
1000PEPEUSDT,2026-06-05,1
AAVEUSDT,2026-06-05,1
ADAUSDT,2026-06-05,1
ALGOUSDT,2026-06-05,1
ALLOUSDT,2026-06-05,1
APEUSDT,2026-06-05,1
APTUSDT,2026-06-05,1
ARBUSDT,2026-06-05,1
ASTERUSDT,2026-06-05,1
ATOMUSDT,2026-06-05,1
AVAXUSDT,2026-06-05,1
AXSUSDT,2026-06-05,1
BCHUSDT,2026-06-05,1
BEATUSDT,2026-06-05,1
BIOUSDT,2026-06-05,1
BNBUSDT,2026-06-05,1
BSBUSDT,2026-06-05,1
CHIPUSDT,2026-06-05,1
CHZUSDT,2026-06-05,1
CRVUSDT,2026-06-05,1
DASHUSDT,2026-06-05,1
DOGEUSDT,2026-06-05,1
DOTUSDT,2026-06-05,1
DYDXUSDT,2026-06-05,1
EDENUSDT,2026-06-05,1
EIGENUSDT,2026-06-05,1
ENAUSDT,2026-06-05,1
ESPORTSUSDT,2026-06-05,1
FARTCOINUSDT,2026-06-05,1
FFUSDT,2026-06-05,1
FILUSDT,2026-06-05,1
GALAUSDT,2026-06-05,1
GENIUSUSDT,2026-06-05,1
GRASSUSDT,2026-06-05,1
HBARUSDT,2026-06-05,1
HUSDT,2026-06-05,1
HYPEUSDT,2026-06-05,1
ICPUSDT,2026-06-05,1
INJUSDT,2026-06-05,1
IPUSDT,2026-06-05,1
JTOUSDT,2026-06-05,1
JUPUSDT,2026-06-05,1
LABUSDT,2026-06-05,1
LDOUSDT,2026-06-05,1
LINKUSDT,2026-06-05,1
LITUSDT,2026-06-05,1
LTCUSDT,2026-06-05,1
MNTUSDT,2026-06-05,1
MONUSDT,2026-06-05,1
NEARUSDT,2026-06-05,1
NILUSDT,2026-06-05,1
ONDOUSDT,2026-06-05,1
OPUSDT,2026-06-05,1
ORDIUSDT,2026-06-05,1
PAXGUSDT,2026-06-05,1
PENDLEUSDT,2026-06-05,1
PENGUUSDT,2026-06-05,1
PLAYSOUTUSDT,2026-06-05,1
POLUSDT,2026-06-05,1
PUMPFUNUSDT,2026-06-05,1
RAVEUSDT,2026-06-05,1
RENDERUSDT,2026-06-05,1
RIVERUSDT,2026-06-05,1
SAHARAUSDT,2026-06-05,1
SEIUSDT,2026-06-05,1
SHIB1000USDT,2026-06-05,1
SOLUSDT,2026-06-05,1
SPXUSDT,2026-06-05,1
STRKUSDT,2026-06-05,1
SUIUSDT,2026-06-05,1
TAOUSDT,2026-06-05,1
TIAUSDT,2026-06-05,1
TONUSDT,2026-06-05,1
TRUMPUSDT,2026-06-05,1
TRXUSDT,2026-06-05,1
UBUSDT,2026-06-05,1
UNIUSDT,2026-06-05,1
USELESSUSDT,2026-06-05,1
VIRTUALUSDT,2026-06-05,1
VVVUSDT,2026-06-05,1
WIFUSDT,2026-06-05,1
WLDUSDT,2026-06-05,1
WLFIUSDT,2026-06-05,1
XAGUSDT,2026-06-05,1
XAUTUSDT,2026-06-05,1
XLMUSDT,2026-06-05,1
XMRUSDT,2026-06-05,1
XPLUSDT,2026-06-05,1
XRPUSDT,2026-06-05,1
ZECUSDT,2026-06-05,1
ZEREBROUSDT,2026-06-05,1
1000BONKUSDT,2026-06-06,1
1000PEPEUSDT,2026-06-06,1
AAVEUSDT,2026-06-06,1
ADAUSDT,2026-06-06,1
ALGOUSDT,2026-06-06,1
ALLOUSDT,2026-06-06,1
APEUSDT,2026-06-06,1
APTUSDT,2026-06-06,1
ARBUSDT,2026-06-06,1
ASTERUSDT,2026-06-06,1
ATOMUSDT,2026-06-06,1
AVAXUSDT,2026-06-06,1
AXSUSDT,2026-06-06,1
BCHUSDT,2026-06-06,1
BEATUSDT,2026-06-06,1
BIOUSDT,2026-06-06,1
BNBUSDT,2026-06-06,1
BSBUSDT,2026-06-06,1
CHIPUSDT,2026-06-06,1
CHZUSDT,2026-06-06,1
CRVUSDT,2026-06-06,1
DASHUSDT,2026-06-06,1
DOGEUSDT,2026-06-06,1
DOTUSDT,2026-06-06,1
DYDXUSDT,2026-06-06,1
EDENUSDT,2026-06-06,1
EIGENUSDT,2026-06-06,1
ENAUSDT,2026-06-06,1
ESPORTSUSDT,2026-06-06,1
FARTCOINUSDT,2026-06-06,1
FFUSDT,2026-06-06,1
FILUSDT,2026-06-06,1
GALAUSDT,2026-06-06,1
GENIUSUSDT,2026-06-06,1
GRASSUSDT,2026-06-06,1
HBARUSDT,2026-06-06,1
HOMEUSDT,2026-06-06,1
HUSDT,2026-06-06,1
HYPEUSDT,2026-06-06,1
ICPUSDT,2026-06-06,1
INJUSDT,2026-06-06,1
IPUSDT,2026-06-06,1
JTOUSDT,2026-06-06,1
JUPUSDT,2026-06-06,1
LABUSDT,2026-06-06,1
LDOUSDT,2026-06-06,1
LINKUSDT,2026-06-06,1
LITUSDT,2026-06-06,1
LTCUSDT,2026-06-06,1
MNTUSDT,2026-06-06,1
MONUSDT,2026-06-06,1
NEARUSDT,2026-06-06,1
ONDOUSDT,2026-06-06,1
OPUSDT,2026-06-06,1
ORDIUSDT,2026-06-06,1
PAXGUSDT,2026-06-06,1
PENDLEUSDT,2026-06-06,1
PENGUUSDT,2026-06-06,1
PLAYSOUTUSDT,2026-06-06,1
POLUSDT,2026-06-06,1
PORTALUSDT,2026-06-06,1
PUMPFUNUSDT,2026-06-06,1
RAVEUSDT,2026-06-06,1
RENDERUSDT,2026-06-06,1
RIVERUSDT,2026-06-06,1
SAHARAUSDT,2026-06-06,1
SEIUSDT,2026-06-06,1
SHIB1000USDT,2026-06-06,1
SOLUSDT,2026-06-06,1
SPXUSDT,2026-06-06,1
STRKUSDT,2026-06-06,1
SUIUSDT,2026-06-06,1
TAOUSDT,2026-06-06,1
TIAUSDT,2026-06-06,1
TONUSDT,2026-06-06,1
TRUMPUSDT,2026-06-06,1
TRXUSDT,2026-06-06,1
UBUSDT,2026-06-06,1
UNIUSDT,2026-06-06,1
USELESSUSDT,2026-06-06,1
VIRTUALUSDT,2026-06-06,1
VVVUSDT,2026-06-06,1
WIFUSDT,2026-06-06,1
WLDUSDT,2026-06-06,1
WLFIUSDT,2026-06-06,1
XAGUSDT,2026-06-06,1
XAUTUSDT,2026-06-06,1
XLMUSDT,2026-06-06,1
XMRUSDT,2026-06-06,1
XPLUSDT,2026-06-06,1
XRPUSDT,2026-06-06,1
ZECUSDT,2026-06-06,1
ZEREBROUSDT,2026-06-06,1
1000BONKUSDT,2026-06-07,1
1000PEPEUSDT,2026-06-07,1
AAVEUSDT,2026-06-07,1
ADAUSDT,2026-06-07,1
ALGOUSDT,2026-06-07,1
ALLOUSDT,2026-06-07,1
APEUSDT,2026-06-07,1
APTUSDT,2026-06-07,1
ARBUSDT,2026-06-07,1
ASTERUSDT,2026-06-07,1
ATOMUSDT,2026-06-07,1
AVAXUSDT,2026-06-07,1
AXSUSDT,2026-06-07,1
BCHUSDT,2026-06-07,1
BEATUSDT,2026-06-07,1
BIOUSDT,2026-06-07,1
BNBUSDT,2026-06-07,1
BSBUSDT,2026-06-07,1
CHIPUSDT,2026-06-07,1
CHZUSDT,2026-06-07,1
CRVUSDT,2026-06-07,1
DASHUSDT,2026-06-07,1
DOGEUSDT,2026-06-07,1
DOTUSDT,2026-06-07,1
DYDXUSDT,2026-06-07,1
EDENUSDT,2026-06-07,1
EIGENUSDT,2026-06-07,1
ENAUSDT,2026-06-07,1
ESPORTSUSDT,2026-06-07,1
FARTCOINUSDT,2026-06-07,1
FFUSDT,2026-06-07,1
FILUSDT,2026-06-07,1
GALAUSDT,2026-06-07,1
GENIUSUSDT,2026-06-07,1
GRASSUSDT,2026-06-07,1
HBARUSDT,2026-06-07,1
HOMEUSDT,2026-06-07,1
HUSDT,2026-06-07,1
HYPEUSDT,2026-06-07,1
ICPUSDT,2026-06-07,1
INJUSDT,2026-06-07,1
IPUSDT,2026-06-07,1
JTOUSDT,2026-06-07,1
JUPUSDT,2026-06-07,1
LABUSDT,2026-06-07,1
LDOUSDT,2026-06-07,1
LINKUSDT,2026-06-07,1
LITUSDT,2026-06-07,1
LTCUSDT,2026-06-07,1
MNTUSDT,2026-06-07,1
MONUSDT,2026-06-07,1
NEARUSDT,2026-06-07,1
ONDOUSDT,2026-06-07,1
OPUSDT,2026-06-07,1
ORDIUSDT,2026-06-07,1
PAXGUSDT,2026-06-07,1
PENDLEUSDT,2026-06-07,1
PENGUUSDT,2026-06-07,1
PLAYSOUTUSDT,2026-06-07,1
POLUSDT,2026-06-07,1
PORTALUSDT,2026-06-07,1
PUMPFUNUSDT,2026-06-07,1
RAVEUSDT,2026-06-07,1
RENDERUSDT,2026-06-07,1
RIVERUSDT,2026-06-07,1
SAHARAUSDT,2026-06-07,1
SEIUSDT,2026-06-07,1
SHIB1000USDT,2026-06-07,1
SOLUSDT,2026-06-07,1
SPXUSDT,2026-06-07,1
STRKUSDT,2026-06-07,1
SUIUSDT,2026-06-07,1
TAOUSDT,2026-06-07,1
TIAUSDT,2026-06-07,1
TONUSDT,2026-06-07,1
TRUMPUSDT,2026-06-07,1
TRXUSDT,2026-06-07,1
UBUSDT,2026-06-07,1
UNIUSDT,2026-06-07,1
USELESSUSDT,2026-06-07,1
VIRTUALUSDT,2026-06-07,1
VVVUSDT,2026-06-07,1
WIFUSDT,2026-06-07,1
WLDUSDT,2026-06-07,1
WLFIUSDT,2026-06-07,1
XAGUSDT,2026-06-07,1
XAUTUSDT,2026-06-07,1
XLMUSDT,2026-06-07,1
XMRUSDT,2026-06-07,1
XPLUSDT,2026-06-07,1
XRPUSDT,2026-06-07,1
ZECUSDT,2026-06-07,1
ZEREBROUSDT,2026-06-07,1
1000BONKUSDT,2026-06-08,1
1000PEPEUSDT,2026-06-08,1
AAVEUSDT,2026-06-08,1
ADAUSDT,2026-06-08,1
ALGOUSDT,2026-06-08,1
ALLOUSDT,2026-06-08,1
APEUSDT,2026-06-08,1
APTUSDT,2026-06-08,1
ARBUSDT,2026-06-08,1
ARKMUSDT,2026-06-08,1
ASTERUSDT,2026-06-08,1
ATOMUSDT,2026-06-08,1
AVAXUSDT,2026-06-08,1
AXSUSDT,2026-06-08,1
BCHUSDT,2026-06-08,1
BEATUSDT,2026-06-08,1
BIOUSDT,2026-06-08,1
BNBUSDT,2026-06-08,1
BSBUSDT,2026-06-08,1
CHIPUSDT,2026-06-08,1
CHZUSDT,2026-06-08,1
CRVUSDT,2026-06-08,1
DASHUSDT,2026-06-08,1
DOGEUSDT,2026-06-08,1
DOTUSDT,2026-06-08,1
DYDXUSDT,2026-06-08,1
EDENUSDT,2026-06-08,1
EIGENUSDT,2026-06-08,1
ENAUSDT,2026-06-08,1
EPICUSDT,2026-06-08,1
ESPORTSUSDT,2026-06-08,1
FARTCOINUSDT,2026-06-08,1
FFUSDT,2026-06-08,1
FILUSDT,2026-06-08,1
GALAUSDT,2026-06-08,1
GENIUSUSDT,2026-06-08,1
GRASSUSDT,2026-06-08,1
HBARUSDT,2026-06-08,1
HOMEUSDT,2026-06-08,1
HUSDT,2026-06-08,1
HYPEUSDT,2026-06-08,1
ICPUSDT,2026-06-08,1
INJUSDT,2026-06-08,1
IPUSDT,2026-06-08,1
JTOUSDT,2026-06-08,1
JUPUSDT,2026-06-08,1
LABUSDT,2026-06-08,1
LDOUSDT,2026-06-08,1
LINKUSDT,2026-06-08,1
LITUSDT,2026-06-08,1
LTCUSDT,2026-06-08,1
MNTUSDT,2026-06-08,1
MONUSDT,2026-06-08,1
NEARUSDT,2026-06-08,1
ONDOUSDT,2026-06-08,1
OPUSDT,2026-06-08,1
ORDIUSDT,2026-06-08,1
PAXGUSDT,2026-06-08,1
PENDLEUSDT,2026-06-08,1
PENGUUSDT,2026-06-08,1
PLAYSOUTUSDT,2026-06-08,1
POLUSDT,2026-06-08,1
PORTALUSDT,2026-06-08,1
PUMPFUNUSDT,2026-06-08,1
RAVEUSDT,2026-06-08,1
RENDERUSDT,2026-06-08,1
RIVERUSDT,2026-06-08,1
SAHARAUSDT,2026-06-08,1
SEIUSDT,2026-06-08,1
SHIB1000USDT,2026-06-08,1
SOLUSDT,2026-06-08,1
SPXUSDT,2026-06-08,1
STRKUSDT,2026-06-08,1
SUIUSDT,2026-06-08,1
TAOUSDT,2026-06-08,1
TIAUSDT,2026-06-08,1
TONUSDT,2026-06-08,1
TRUMPUSDT,2026-06-08,1
TRXUSDT,2026-06-08,1
UBUSDT,2026-06-08,1
UNIUSDT,2026-06-08,1
USELESSUSDT,2026-06-08,1
VIRTUALUSDT,2026-06-08,1
VVVUSDT,2026-06-08,1
WIFUSDT,2026-06-08,1
WLDUSDT,2026-06-08,1
WLFIUSDT,2026-06-08,1
XAGUSDT,2026-06-08,1
XAUTUSDT,2026-06-08,1
XLMUSDT,2026-06-08,1
XMRUSDT,2026-06-08,1
XPLUSDT,2026-06-08,1
XRPUSDT,2026-06-08,1
ZECUSDT,2026-06-08,1
1000BONKUSDT,2026-06-09,1
1000PEPEUSDT,2026-06-09,1
AAVEUSDT,2026-06-09,1
ADAUSDT,2026-06-09,1
ALGOUSDT,2026-06-09,1
ALLOUSDT,2026-06-09,1
APEUSDT,2026-06-09,1
APTUSDT,2026-06-09,1
ARBUSDT,2026-06-09,1
ARKMUSDT,2026-06-09,1
ASTERUSDT,2026-06-09,1
ATOMUSDT,2026-06-09,1
AVAXUSDT,2026-06-09,1
AXSUSDT,2026-06-09,1
BCHUSDT,2026-06-09,1
BEATUSDT,2026-06-09,1
BIOUSDT,2026-06-09,1
BNBUSDT,2026-06-09,1
BSBUSDT,2026-06-09,1
CHIPUSDT,2026-06-09,1
CHZUSDT,2026-06-09,1
CLOUSDT,2026-06-09,1
CRVUSDT,2026-06-09,1
DASHUSDT,2026-06-09,1
DOGEUSDT,2026-06-09,1
DOTUSDT,2026-06-09,1
DYDXUSDT,2026-06-09,1
EDENUSDT,2026-06-09,1
EIGENUSDT,2026-06-09,1
ENAUSDT,2026-06-09,1
EPICUSDT,2026-06-09,1
ESPORTSUSDT,2026-06-09,1
FARTCOINUSDT,2026-06-09,1
FFUSDT,2026-06-09,1
FILUSDT,2026-06-09,1
GALAUSDT,2026-06-09,1
GENIUSUSDT,2026-06-09,1
GRASSUSDT,2026-06-09,1
HBARUSDT,2026-06-09,1
HOMEUSDT,2026-06-09,1
HUSDT,2026-06-09,1
HYPEUSDT,2026-06-09,1
ICPUSDT,2026-06-09,1
INJUSDT,2026-06-09,1
IPUSDT,2026-06-09,1
JTOUSDT,2026-06-09,1
JUPUSDT,2026-06-09,1
LABUSDT,2026-06-09,1
LDOUSDT,2026-06-09,1
LINKUSDT,2026-06-09,1
LITUSDT,2026-06-09,1
LTCUSDT,2026-06-09,1
MNTUSDT,2026-06-09,1
MONUSDT,2026-06-09,1
NEARUSDT,2026-06-09,1
ONDOUSDT,2026-06-09,1
OPUSDT,2026-06-09,1
ORDIUSDT,2026-06-09,1
PAXGUSDT,2026-06-09,1
PENDLEUSDT,2026-06-09,1
PENGUUSDT,2026-06-09,1
PLAYSOUTUSDT,2026-06-09,1
POLUSDT,2026-06-09,1
PORTALUSDT,2026-06-09,1
PUMPFUNUSDT,2026-06-09,1
RAVEUSDT,2026-06-09,1
RENDERUSDT,2026-06-09,1
RIVERUSDT,2026-06-09,1
SAHARAUSDT,2026-06-09,1
SEIUSDT,2026-06-09,1
SHIB1000USDT,2026-06-09,1
SOLUSDT,2026-06-09,1
SPXUSDT,2026-06-09,1
STRKUSDT,2026-06-09,1
SUIUSDT,2026-06-09,1
TAOUSDT,2026-06-09,1
TIAUSDT,2026-06-09,1
TONUSDT,2026-06-09,1
TRUMPUSDT,2026-06-09,1
TRXUSDT,2026-06-09,1
UBUSDT,2026-06-09,1
UNIUSDT,2026-06-09,1
USELESSUSDT,2026-06-09,1
VIRTUALUSDT,2026-06-09,1
VVVUSDT,2026-06-09,1
WIFUSDT,2026-06-09,1
WLDUSDT,2026-06-09,1
WLFIUSDT,2026-06-09,1
XAGUSDT,2026-06-09,1
XAUTUSDT,2026-06-09,1
XLMUSDT,2026-06-09,1
XMRUSDT,2026-06-09,1
XPLUSDT,2026-06-09,1
XRPUSDT,2026-06-09,1
ZECUSDT,2026-06-09,1
ZROUSDT,2026-06-09,1
1000BONKUSDT,2026-06-10,1
1000PEPEUSDT,2026-06-10,1
AAVEUSDT,2026-06-10,1
ADAUSDT,2026-06-10,1
ALGOUSDT,2026-06-10,1
ALLOUSDT,2026-06-10,1
APEUSDT,2026-06-10,1
APTUSDT,2026-06-10,1
ARBUSDT,2026-06-10,1
ARKMUSDT,2026-06-10,1
ASTERUSDT,2026-06-10,1
ATOMUSDT,2026-06-10,1
AVAXUSDT,2026-06-10,1
AXSUSDT,2026-06-10,1
BCHUSDT,2026-06-10,1
BEATUSDT,2026-06-10,1
BIOUSDT,2026-06-10,1
BNBUSDT,2026-06-10,1
BSBUSDT,2026-06-10,1
CHIPUSDT,2026-06-10,1
CHZUSDT,2026-06-10,1
CLOUSDT,2026-06-10,1
CRVUSDT,2026-06-10,1
DASHUSDT,2026-06-10,1
DOGEUSDT,2026-06-10,1
DOTUSDT,2026-06-10,1
DYDXUSDT,2026-06-10,1
EDENUSDT,2026-06-10,1
EIGENUSDT,2026-06-10,1
ENAUSDT,2026-06-10,1
EPICUSDT,2026-06-10,1
ESPORTSUSDT,2026-06-10,1
FARTCOINUSDT,2026-06-10,1
FFUSDT,2026-06-10,1
FILUSDT,2026-06-10,1
GALAUSDT,2026-06-10,1
GENIUSUSDT,2026-06-10,1
GRASSUSDT,2026-06-10,1
HBARUSDT,2026-06-10,1
HOMEUSDT,2026-06-10,1
HUSDT,2026-06-10,1
HYPEUSDT,2026-06-10,1
ICPUSDT,2026-06-10,1
INJUSDT,2026-06-10,1
IPUSDT,2026-06-10,1
JTOUSDT,2026-06-10,1
JUPUSDT,2026-06-10,1
LABUSDT,2026-06-10,1
LDOUSDT,2026-06-10,1
LINKUSDT,2026-06-10,1
LITUSDT,2026-06-10,1
LTCUSDT,2026-06-10,1
MNTUSDT,2026-06-10,1
MONUSDT,2026-06-10,1
NEARUSDT,2026-06-10,1
ONDOUSDT,2026-06-10,1
OPNUSDT,2026-06-10,1
OPUSDT,2026-06-10,1
ORDIUSDT,2026-06-10,1
PAXGUSDT,2026-06-10,1
PENDLEUSDT,2026-06-10,1
PENGUUSDT,2026-06-10,1
PLAYSOUTUSDT,2026-06-10,1
POLUSDT,2026-06-10,1
PORTALUSDT,2026-06-10,1
PUMPFUNUSDT,2026-06-10,1
RAVEUSDT,2026-06-10,1
RENDERUSDT,2026-06-10,1
RIVERUSDT,2026-06-10,1
SAHARAUSDT,2026-06-10,1
SEIUSDT,2026-06-10,1
SHIB1000USDT,2026-06-10,1
SOLUSDT,2026-06-10,1
SPXUSDT,2026-06-10,1
STRKUSDT,2026-06-10,1
SUIUSDT,2026-06-10,1
TAOUSDT,2026-06-10,1
TIAUSDT,2026-06-10,1
TONUSDT,2026-06-10,1
TRUMPUSDT,2026-06-10,1
TRXUSDT,2026-06-10,1
UBUSDT,2026-06-10,1
UNIUSDT,2026-06-10,1
USELESSUSDT,2026-06-10,1
VIRTUALUSDT,2026-06-10,1
VVVUSDT,2026-06-10,1
WIFUSDT,2026-06-10,1
WLDUSDT,2026-06-10,1
WLFIUSDT,2026-06-10,1
XAGUSDT,2026-06-10,1
XAUTUSDT,2026-06-10,1
XLMUSDT,2026-06-10,1
XMRUSDT,2026-06-10,1
XPLUSDT,2026-06-10,1
XRPUSDT,2026-06-10,1
ZECUSDT,2026-06-10,1
ZROUSDT,2026-06-10,1
1000BONKUSDT,2026-06-11,1
1000PEPEUSDT,2026-06-11,1
AAVEUSDT,2026-06-11,1
ADAUSDT,2026-06-11,1
ALGOUSDT,2026-06-11,1
ALLOUSDT,2026-06-11,1
APEUSDT,2026-06-11,1
APTUSDT,2026-06-11,1
ARBUSDT,2026-06-11,1
ARKMUSDT,2026-06-11,1
ASTERUSDT,2026-06-11,1
ATOMUSDT,2026-06-11,1
AVAXUSDT,2026-06-11,1
AXSUSDT,2026-06-11,1
BCHUSDT,2026-06-11,1
BEATUSDT,2026-06-11,1
BIOUSDT,2026-06-11,1
BNBUSDT,2026-06-11,1
BSBUSDT,2026-06-11,1
CHIPUSDT,2026-06-11,1
CHZUSDT,2026-06-11,1
CLOUSDT,2026-06-11,1
CRVUSDT,2026-06-11,1
DASHUSDT,2026-06-11,1
DOGEUSDT,2026-06-11,1
DOTUSDT,2026-06-11,1
DYDXUSDT,2026-06-11,1
EDENUSDT,2026-06-11,1
EIGENUSDT,2026-06-11,1
ENAUSDT,2026-06-11,1
EPICUSDT,2026-06-11,1
ESPORTSUSDT,2026-06-11,1
FARTCOINUSDT,2026-06-11,1
FFUSDT,2026-06-11,1
FILUSDT,2026-06-11,1
GALAUSDT,2026-06-11,1
GRASSUSDT,2026-06-11,1
HBARUSDT,2026-06-11,1
HOMEUSDT,2026-06-11,1
HUSDT,2026-06-11,1
HYPEUSDT,2026-06-11,1
ICPUSDT,2026-06-11,1
INJUSDT,2026-06-11,1
IPUSDT,2026-06-11,1
JTOUSDT,2026-06-11,1
JUPUSDT,2026-06-11,1
LABUSDT,2026-06-11,1
LDOUSDT,2026-06-11,1
LINKUSDT,2026-06-11,1
LITUSDT,2026-06-11,1
LTCUSDT,2026-06-11,1
MNTUSDT,2026-06-11,1
MONUSDT,2026-06-11,1
NEARUSDT,2026-06-11,1
ONDOUSDT,2026-06-11,1
OPNUSDT,2026-06-11,1
OPUSDT,2026-06-11,1
ORDIUSDT,2026-06-11,1
PAXGUSDT,2026-06-11,1
PENDLEUSDT,2026-06-11,1
PENGUUSDT,2026-06-11,1
PLAYSOUTUSDT,2026-06-11,1
POLUSDT,2026-06-11,1
PORTALUSDT,2026-06-11,1
PUMPFUNUSDT,2026-06-11,1
RAVEUSDT,2026-06-11,1
RENDERUSDT,2026-06-11,1
RIVERUSDT,2026-06-11,1
SAHARAUSDT,2026-06-11,1
SEIUSDT,2026-06-11,1
SHIB1000USDT,2026-06-11,1
SIRENUSDT,2026-06-11,1
SOLUSDT,2026-06-11,1
SPXUSDT,2026-06-11,1
STRKUSDT,2026-06-11,1
SUIUSDT,2026-06-11,1
TAOUSDT,2026-06-11,1
TIAUSDT,2026-06-11,1
TONUSDT,2026-06-11,1
TRUMPUSDT,2026-06-11,1
TRXUSDT,2026-06-11,1
UBUSDT,2026-06-11,1
UNIUSDT,2026-06-11,1
USELESSUSDT,2026-06-11,1
VIRTUALUSDT,2026-06-11,1
VVVUSDT,2026-06-11,1
WIFUSDT,2026-06-11,1
WLDUSDT,2026-06-11,1
WLFIUSDT,2026-06-11,1
XAGUSDT,2026-06-11,1
XAUTUSDT,2026-06-11,1
XLMUSDT,2026-06-11,1
XMRUSDT,2026-06-11,1
XPLUSDT,2026-06-11,1
XRPUSDT,2026-06-11,1
ZECUSDT,2026-06-11,1
ZROUSDT,2026-06-11,1
1000BONKUSDT,2026-06-12,1
1000PEPEUSDT,2026-06-12,1
AAVEUSDT,2026-06-12,1
ADAUSDT,2026-06-12,1
ALGOUSDT,2026-06-12,1
ALLOUSDT,2026-06-12,1
APEUSDT,2026-06-12,1
APTUSDT,2026-06-12,1
ARBUSDT,2026-06-12,1
ARKMUSDT,2026-06-12,1
ASTERUSDT,2026-06-12,1
ATOMUSDT,2026-06-12,1
AVAXUSDT,2026-06-12,1
AXSUSDT,2026-06-12,1
BCHUSDT,2026-06-12,1
BEATUSDT,2026-06-12,1
BIOUSDT,2026-06-12,1
BNBUSDT,2026-06-12,1
BSBUSDT,2026-06-12,1
CHIPUSDT,2026-06-12,1
CHZUSDT,2026-06-12,1
CLOUSDT,2026-06-12,1
CRVUSDT,2026-06-12,1
DASHUSDT,2026-06-12,1
DOGEUSDT,2026-06-12,1
DOTUSDT,2026-06-12,1
DYDXUSDT,2026-06-12,1
EDENUSDT,2026-06-12,1
EIGENUSDT,2026-06-12,1
ENAUSDT,2026-06-12,1
EPICUSDT,2026-06-12,1
ESPORTSUSDT,2026-06-12,1
FARTCOINUSDT,2026-06-12,1
FFUSDT,2026-06-12,1
FILUSDT,2026-06-12,1
GALAUSDT,2026-06-12,1
GRASSUSDT,2026-06-12,1
HBARUSDT,2026-06-12,1
HOMEUSDT,2026-06-12,1
HUSDT,2026-06-12,1
HYPEUSDT,2026-06-12,1
ICPUSDT,2026-06-12,1
INJUSDT,2026-06-12,1
IPUSDT,2026-06-12,1
JTOUSDT,2026-06-12,1
JUPUSDT,2026-06-12,1
LABUSDT,2026-06-12,1
LDOUSDT,2026-06-12,1
LINKUSDT,2026-06-12,1
LITUSDT,2026-06-12,1
LTCUSDT,2026-06-12,1
MNTUSDT,2026-06-12,1
MONUSDT,2026-06-12,1
NEARUSDT,2026-06-12,1
ONDOUSDT,2026-06-12,1
OPNUSDT,2026-06-12,1
OPUSDT,2026-06-12,1
ORDIUSDT,2026-06-12,1
PAXGUSDT,2026-06-12,1
PENDLEUSDT,2026-06-12,1
PENGUUSDT,2026-06-12,1
PLAYSOUTUSDT,2026-06-12,1
POLUSDT,2026-06-12,1
PORTALUSDT,2026-06-12,1
PUMPFUNUSDT,2026-06-12,1
RENDERUSDT,2026-06-12,1
RIVERUSDT,2026-06-12,1
SAHARAUSDT,2026-06-12,1
SEIUSDT,2026-06-12,1
SHIB1000USDT,2026-06-12,1
SIRENUSDT,2026-06-12,1
SOLUSDT,2026-06-12,1
SPXUSDT,2026-06-12,1
STRKUSDT,2026-06-12,1
SUIUSDT,2026-06-12,1
TAOUSDT,2026-06-12,1
TIAUSDT,2026-06-12,1
TONUSDT,2026-06-12,1
TRUMPUSDT,2026-06-12,1
TRXUSDT,2026-06-12,1
UBUSDT,2026-06-12,1
UNIUSDT,2026-06-12,1
USELESSUSDT,2026-06-12,1
VIRTUALUSDT,2026-06-12,1
VVVUSDT,2026-06-12,1
WIFUSDT,2026-06-12,1
WLDUSDT,2026-06-12,1
WLFIUSDT,2026-06-12,1
XAGUSDT,2026-06-12,1
XAUTUSDT,2026-06-12,1
XLMUSDT,2026-06-12,1
XMRUSDT,2026-06-12,1
XPLUSDT,2026-06-12,1
XRPUSDT,2026-06-12,1
ZECUSDT,2026-06-12,1
ZROUSDT,2026-06-12,1
1000BONKUSDT,2026-06-13,1
1000PEPEUSDT,2026-06-13,1
AAVEUSDT,2026-06-13,1
ADAUSDT,2026-06-13,1
ALGOUSDT,2026-06-13,1
ALLOUSDT,2026-06-13,1
APEUSDT,2026-06-13,1
APTUSDT,2026-06-13,1
ARBUSDT,2026-06-13,1
ARKMUSDT,2026-06-13,1
ASTERUSDT,2026-06-13,1
ATOMUSDT,2026-06-13,1
AVAXUSDT,2026-06-13,1
BCHUSDT,2026-06-13,1
BEATUSDT,2026-06-13,1
BIOUSDT,2026-06-13,1
BNBUSDT,2026-06-13,1
BSBUSDT,2026-06-13,1
CHIPUSDT,2026-06-13,1
CHZUSDT,2026-06-13,1
CLOUSDT,2026-06-13,1
CRVUSDT,2026-06-13,1
DASHUSDT,2026-06-13,1
DOGEUSDT,2026-06-13,1
DOTUSDT,2026-06-13,1
DYDXUSDT,2026-06-13,1
EDENUSDT,2026-06-13,1
EIGENUSDT,2026-06-13,1
ENAUSDT,2026-06-13,1
EPICUSDT,2026-06-13,1
ESPORTSUSDT,2026-06-13,1
FARTCOINUSDT,2026-06-13,1
FFUSDT,2026-06-13,1
FILUSDT,2026-06-13,1
GALAUSDT,2026-06-13,1
GRASSUSDT,2026-06-13,1
HBARUSDT,2026-06-13,1
HOMEUSDT,2026-06-13,1
HUSDT,2026-06-13,1
HYPEUSDT,2026-06-13,1
ICPUSDT,2026-06-13,1
INJUSDT,2026-06-13,1
IPUSDT,2026-06-13,1
JTOUSDT,2026-06-13,1
JUPUSDT,2026-06-13,1
LABUSDT,2026-06-13,1
LDOUSDT,2026-06-13,1
LINKUSDT,2026-06-13,1
LITUSDT,2026-06-13,1
LTCUSDT,2026-06-13,1
MNTUSDT,2026-06-13,1
MONUSDT,2026-06-13,1
NEARUSDT,2026-06-13,1
ONDOUSDT,2026-06-13,1
OPNUSDT,2026-06-13,1
OPUSDT,2026-06-13,1
ORDIUSDT,2026-06-13,1
PAXGUSDT,2026-06-13,1
PENDLEUSDT,2026-06-13,1
PENGUUSDT,2026-06-13,1
PLAYSOUTUSDT,2026-06-13,1
POLUSDT,2026-06-13,1
PORTALUSDT,2026-06-13,1
PUMPFUNUSDT,2026-06-13,1
RENDERUSDT,2026-06-13,1
RIVERUSDT,2026-06-13,1
SAHARAUSDT,2026-06-13,1
SEIUSDT,2026-06-13,1
SHIB1000USDT,2026-06-13,1
SIRENUSDT,2026-06-13,1
SOLUSDT,2026-06-13,1
SPXUSDT,2026-06-13,1
STRKUSDT,2026-06-13,1
SUIUSDT,2026-06-13,1
TAOUSDT,2026-06-13,1
TIAUSDT,2026-06-13,1
TONUSDT,2026-06-13,1
TRUMPUSDT,2026-06-13,1
TRXUSDT,2026-06-13,1
UBUSDT,2026-06-13,1
UNIUSDT,2026-06-13,1
USELESSUSDT,2026-06-13,1
VELVETUSDT,2026-06-13,1
VIRTUALUSDT,2026-06-13,1
VVVUSDT,2026-06-13,1
WIFUSDT,2026-06-13,1
WLDUSDT,2026-06-13,1
WLFIUSDT,2026-06-13,1
XAGUSDT,2026-06-13,1
XAUTUSDT,2026-06-13,1
XLMUSDT,2026-06-13,1
XMRUSDT,2026-06-13,1
XPLUSDT,2026-06-13,1
XRPUSDT,2026-06-13,1
ZECUSDT,2026-06-13,1
ZROUSDT,2026-06-13,1
1000BONKUSDT,2026-06-14,1
1000PEPEUSDT,2026-06-14,1
AAVEUSDT,2026-06-14,1
ADAUSDT,2026-06-14,1
ALGOUSDT,2026-06-14,1
ALLOUSDT,2026-06-14,1
APEUSDT,2026-06-14,1
APTUSDT,2026-06-14,1
ARBUSDT,2026-06-14,1
ARKMUSDT,2026-06-14,1
ASTERUSDT,2026-06-14,1
ATOMUSDT,2026-06-14,1
AVAXUSDT,2026-06-14,1
BCHUSDT,2026-06-14,1
BEATUSDT,2026-06-14,1
BIOUSDT,2026-06-14,1
BNBUSDT,2026-06-14,1
BSBUSDT,2026-06-14,1
CHIPUSDT,2026-06-14,1
CHZUSDT,2026-06-14,1
CLOUSDT,2026-06-14,1
CRVUSDT,2026-06-14,1
DASHUSDT,2026-06-14,1
DOGEUSDT,2026-06-14,1
DOTUSDT,2026-06-14,1
DYDXUSDT,2026-06-14,1
EDENUSDT,2026-06-14,1
EIGENUSDT,2026-06-14,1
ENAUSDT,2026-06-14,1
EPICUSDT,2026-06-14,1
ESPORTSUSDT,2026-06-14,1
FARTCOINUSDT,2026-06-14,1
FFUSDT,2026-06-14,1
FILUSDT,2026-06-14,1
GALAUSDT,2026-06-14,1
GRASSUSDT,2026-06-14,1
HBARUSDT,2026-06-14,1
HOMEUSDT,2026-06-14,1
HUSDT,2026-06-14,1
HYPEUSDT,2026-06-14,1
ICPUSDT,2026-06-14,1
INJUSDT,2026-06-14,1
IPUSDT,2026-06-14,1
JTOUSDT,2026-06-14,1
JUPUSDT,2026-06-14,1
LABUSDT,2026-06-14,1
LDOUSDT,2026-06-14,1
LINKUSDT,2026-06-14,1
LITUSDT,2026-06-14,1
LTCUSDT,2026-06-14,1
MNTUSDT,2026-06-14,1
MONUSDT,2026-06-14,1
NEARUSDT,2026-06-14,1
ONDOUSDT,2026-06-14,1
OPNUSDT,2026-06-14,1
OPUSDT,2026-06-14,1
ORDIUSDT,2026-06-14,1
PAXGUSDT,2026-06-14,1
PENDLEUSDT,2026-06-14,1
PENGUUSDT,2026-06-14,1
PIPPINUSDT,2026-06-14,1
PLAYSOUTUSDT,2026-06-14,1
POLUSDT,2026-06-14,1
PORTALUSDT,2026-06-14,1
PUMPFUNUSDT,2026-06-14,1
RENDERUSDT,2026-06-14,1
SAHARAUSDT,2026-06-14,1
SEIUSDT,2026-06-14,1
SHIB1000USDT,2026-06-14,1
SIRENUSDT,2026-06-14,1
SOLUSDT,2026-06-14,1
SPXUSDT,2026-06-14,1
STRKUSDT,2026-06-14,1
SUIUSDT,2026-06-14,1
TAOUSDT,2026-06-14,1
TIAUSDT,2026-06-14,1
TONUSDT,2026-06-14,1
TRUMPUSDT,2026-06-14,1
TRXUSDT,2026-06-14,1
UBUSDT,2026-06-14,1
UNIUSDT,2026-06-14,1
USELESSUSDT,2026-06-14,1
VELVETUSDT,2026-06-14,1
VIRTUALUSDT,2026-06-14,1
VVVUSDT,2026-06-14,1
WIFUSDT,2026-06-14,1
WLDUSDT,2026-06-14,1
WLFIUSDT,2026-06-14,1
XAGUSDT,2026-06-14,1
XAUTUSDT,2026-06-14,1
XLMUSDT,2026-06-14,1
XMRUSDT,2026-06-14,1
XPLUSDT,2026-06-14,1
XRPUSDT,2026-06-14,1
ZECUSDT,2026-06-14,1
ZROUSDT,2026-06-14,1
1000BONKUSDT,2026-06-15,1
1000PEPEUSDT,2026-06-15,1
AAVEUSDT,2026-06-15,1
ADAUSDT,2026-06-15,1
ALGOUSDT,2026-06-15,1
ALLOUSDT,2026-06-15,1
APEUSDT,2026-06-15,1
APTUSDT,2026-06-15,1
ARBUSDT,2026-06-15,1
ARKMUSDT,2026-06-15,1
ASTERUSDT,2026-06-15,1
ATOMUSDT,2026-06-15,1
AVAXUSDT,2026-06-15,1
BCHUSDT,2026-06-15,1
BEATUSDT,2026-06-15,1
BIOUSDT,2026-06-15,1
BNBUSDT,2026-06-15,1
BSBUSDT,2026-06-15,1
CHIPUSDT,2026-06-15,1
CHZUSDT,2026-06-15,1
CLOUSDT,2026-06-15,1
CRVUSDT,2026-06-15,1
DASHUSDT,2026-06-15,1
DOGEUSDT,2026-06-15,1
DOTUSDT,2026-06-15,1
DYDXUSDT,2026-06-15,1
EIGENUSDT,2026-06-15,1
ENAUSDT,2026-06-15,1
EPICUSDT,2026-06-15,1
ESPORTSUSDT,2026-06-15,1
FARTCOINUSDT,2026-06-15,1
FFUSDT,2026-06-15,1
FILUSDT,2026-06-15,1
GALAUSDT,2026-06-15,1
GRASSUSDT,2026-06-15,1
HBARUSDT,2026-06-15,1
HOMEUSDT,2026-06-15,1
HUSDT,2026-06-15,1
HYPEUSDT,2026-06-15,1
ICPUSDT,2026-06-15,1
INJUSDT,2026-06-15,1
IPUSDT,2026-06-15,1
JTOUSDT,2026-06-15,1
JUPUSDT,2026-06-15,1
LABUSDT,2026-06-15,1
LINKUSDT,2026-06-15,1
LITUSDT,2026-06-15,1
LTCUSDT,2026-06-15,1
MNTUSDT,2026-06-15,1
MONUSDT,2026-06-15,1
NEARUSDT,2026-06-15,1
ONDOUSDT,2026-06-15,1
OPNUSDT,2026-06-15,1
OPUSDT,2026-06-15,1
ORDIUSDT,2026-06-15,1
PAXGUSDT,2026-06-15,1
PENDLEUSDT,2026-06-15,1
PENGUUSDT,2026-06-15,1
PIPPINUSDT,2026-06-15,1
PLAYSOUTUSDT,2026-06-15,1
POLUSDT,2026-06-15,1
PORTALUSDT,2026-06-15,1
PUMPFUNUSDT,2026-06-15,1
RENDERUSDT,2026-06-15,1
SAHARAUSDT,2026-06-15,1
SEIUSDT,2026-06-15,1
SHIB1000USDT,2026-06-15,1
SIRENUSDT,2026-06-15,1
SOLUSDT,2026-06-15,1
SPXUSDT,2026-06-15,1
STGUSDT,2026-06-15,1
STRKUSDT,2026-06-15,1
SUIUSDT,2026-06-15,1
TAOUSDT,2026-06-15,1
TIAUSDT,2026-06-15,1
TONUSDT,2026-06-15,1
TRUMPUSDT,2026-06-15,1
TRXUSDT,2026-06-15,1
UBUSDT,2026-06-15,1
UNIUSDT,2026-06-15,1
USELESSUSDT,2026-06-15,1
VELVETUSDT,2026-06-15,1
VIRTUALUSDT,2026-06-15,1
VVVUSDT,2026-06-15,1
WIFUSDT,2026-06-15,1
WLDUSDT,2026-06-15,1
WLFIUSDT,2026-06-15,1
XAGUSDT,2026-06-15,1
XAUTUSDT,2026-06-15,1
XLMUSDT,2026-06-15,1
XMRUSDT,2026-06-15,1
XPLUSDT,2026-06-15,1
XRPUSDT,2026-06-15,1
ZECUSDT,2026-06-15,1
ZROUSDT,2026-06-15,1
1000BONKUSDT,2026-06-16,1
1000PEPEUSDT,2026-06-16,1
AAVEUSDT,2026-06-16,1
ADAUSDT,2026-06-16,1
ALGOUSDT,2026-06-16,1
ALLOUSDT,2026-06-16,1
APTUSDT,2026-06-16,1
ARBUSDT,2026-06-16,1
ARKMUSDT,2026-06-16,1
ASTERUSDT,2026-06-16,1
ATOMUSDT,2026-06-16,1
AVAXUSDT,2026-06-16,1
BCHUSDT,2026-06-16,1
BEATUSDT,2026-06-16,1
BIOUSDT,2026-06-16,1
BNBUSDT,2026-06-16,1
BSBUSDT,2026-06-16,1
CHIPUSDT,2026-06-16,1
CHZUSDT,2026-06-16,1
CLOUSDT,2026-06-16,1
CRVUSDT,2026-06-16,1
DASHUSDT,2026-06-16,1
DOGEUSDT,2026-06-16,1
DOTUSDT,2026-06-16,1
DYDXUSDT,2026-06-16,1
EIGENUSDT,2026-06-16,1
ENAUSDT,2026-06-16,1
EPICUSDT,2026-06-16,1
ESPORTSUSDT,2026-06-16,1
FARTCOINUSDT,2026-06-16,1
FFUSDT,2026-06-16,1
FILUSDT,2026-06-16,1
GALAUSDT,2026-06-16,1
GRASSUSDT,2026-06-16,1
HBARUSDT,2026-06-16,1
HOMEUSDT,2026-06-16,1
HUSDT,2026-06-16,1
HYPEUSDT,2026-06-16,1
ICPUSDT,2026-06-16,1
INJUSDT,2026-06-16,1
IPUSDT,2026-06-16,1
JTOUSDT,2026-06-16,1
JUPUSDT,2026-06-16,1
LABUSDT,2026-06-16,1
LINKUSDT,2026-06-16,1
LITUSDT,2026-06-16,1
LTCUSDT,2026-06-16,1
MNTUSDT,2026-06-16,1
MONUSDT,2026-06-16,1
NEARUSDT,2026-06-16,1
ONDOUSDT,2026-06-16,1
OPNUSDT,2026-06-16,1
OPUSDT,2026-06-16,1
ORDIUSDT,2026-06-16,1
PAXGUSDT,2026-06-16,1
PENDLEUSDT,2026-06-16,1
PENGUUSDT,2026-06-16,1
PIPPINUSDT,2026-06-16,1
PLAYSOUTUSDT,2026-06-16,1
POLUSDT,2026-06-16,1
PORTALUSDT,2026-06-16,1
PUMPFUNUSDT,2026-06-16,1
RENDERUSDT,2026-06-16,1
SAHARAUSDT,2026-06-16,1
SEIUSDT,2026-06-16,1
SHIB1000USDT,2026-06-16,1
SIRENUSDT,2026-06-16,1
SOLUSDT,2026-06-16,1
SPXUSDT,2026-06-16,1
STGUSDT,2026-06-16,1
STRKUSDT,2026-06-16,1
SUIUSDT,2026-06-16,1
TAOUSDT,2026-06-16,1
TIAUSDT,2026-06-16,1
TRUMPUSDT,2026-06-16,1
TRXUSDT,2026-06-16,1
UBUSDT,2026-06-16,1
UNIUSDT,2026-06-16,1
USELESSUSDT,2026-06-16,1
VELVETUSDT,2026-06-16,1
VIRTUALUSDT,2026-06-16,1
VVVUSDT,2026-06-16,1
WIFUSDT,2026-06-16,1
WLDUSDT,2026-06-16,1
WLFIUSDT,2026-06-16,1
XAGUSDT,2026-06-16,1
XAUTUSDT,2026-06-16,1
XLMUSDT,2026-06-16,1
XMRUSDT,2026-06-16,1
XPLUSDT,2026-06-16,1
XRPUSDT,2026-06-16,1
ZECUSDT,2026-06-16,1
ZROUSDT,2026-06-16,1
1000BONKUSDT,2026-06-17,1
1000PEPEUSDT,2026-06-17,1
AAVEUSDT,2026-06-17,1
ADAUSDT,2026-06-17,1
ALGOUSDT,2026-06-17,1
ALLOUSDT,2026-06-17,1
APTUSDT,2026-06-17,1
ARBUSDT,2026-06-17,1
ARKMUSDT,2026-06-17,1
ASTERUSDT,2026-06-17,1
ATOMUSDT,2026-06-17,1
AVAXUSDT,2026-06-17,1
BCHUSDT,2026-06-17,1
BEATUSDT,2026-06-17,1
BIOUSDT,2026-06-17,1
BNBUSDT,2026-06-17,1
BSBUSDT,2026-06-17,1
CHIPUSDT,2026-06-17,1
CHZUSDT,2026-06-17,1
CLOUSDT,2026-06-17,1
CRVUSDT,2026-06-17,1
DASHUSDT,2026-06-17,1
DOGEUSDT,2026-06-17,1
DOTUSDT,2026-06-17,1
DYDXUSDT,2026-06-17,1
EIGENUSDT,2026-06-17,1
ENAUSDT,2026-06-17,1
EPICUSDT,2026-06-17,1
ESPORTSUSDT,2026-06-17,1
FARTCOINUSDT,2026-06-17,1
FILUSDT,2026-06-17,1
GALAUSDT,2026-06-17,1
GRASSUSDT,2026-06-17,1
HBARUSDT,2026-06-17,1
HOMEUSDT,2026-06-17,1
HUSDT,2026-06-17,1
HYPEUSDT,2026-06-17,1
ICPUSDT,2026-06-17,1
INJUSDT,2026-06-17,1
IPUSDT,2026-06-17,1
JTOUSDT,2026-06-17,1
JUPUSDT,2026-06-17,1
LABUSDT,2026-06-17,1
LINKUSDT,2026-06-17,1
LITUSDT,2026-06-17,1
LTCUSDT,2026-06-17,1
MNTUSDT,2026-06-17,1
MONUSDT,2026-06-17,1
NEARUSDT,2026-06-17,1
ONDOUSDT,2026-06-17,1
OPNUSDT,2026-06-17,1
OPUSDT,2026-06-17,1
ORDIUSDT,2026-06-17,1
PAXGUSDT,2026-06-17,1
PENDLEUSDT,2026-06-17,1
PENGUUSDT,2026-06-17,1
PIPPINUSDT,2026-06-17,1
PLAYSOUTUSDT,2026-06-17,1
POLUSDT,2026-06-17,1
PORTALUSDT,2026-06-17,1
PUMPFUNUSDT,2026-06-17,1
RENDERUSDT,2026-06-17,1
SAHARAUSDT,2026-06-17,1
SEIUSDT,2026-06-17,1
SHIB1000USDT,2026-06-17,1
SIRENUSDT,2026-06-17,1
SOLUSDT,2026-06-17,1
SPXUSDT,2026-06-17,1
STGUSDT,2026-06-17,1
STRKUSDT,2026-06-17,1
SUIUSDT,2026-06-17,1
TAOUSDT,2026-06-17,1
TIAUSDT,2026-06-17,1
TRUMPUSDT,2026-06-17,1
TRXUSDT,2026-06-17,1
UBUSDT,2026-06-17,1
UNIUSDT,2026-06-17,1
USELESSUSDT,2026-06-17,1
VELVETUSDT,2026-06-17,1
VIRTUALUSDT,2026-06-17,1
VVVUSDT,2026-06-17,1
WIFUSDT,2026-06-17,1
WLDUSDT,2026-06-17,1
WLFIUSDT,2026-06-17,1
XAGUSDT,2026-06-17,1
XAUTUSDT,2026-06-17,1
XLMUSDT,2026-06-17,1
XMRUSDT,2026-06-17,1
XPLUSDT,2026-06-17,1
XRPUSDT,2026-06-17,1
ZECUSDT,2026-06-17,1
ZROUSDT,2026-06-17,1
1000BONKUSDT,2026-06-18,1
1000PEPEUSDT,2026-06-18,1
AAVEUSDT,2026-06-18,1
ADAUSDT,2026-06-18,1
ALGOUSDT,2026-06-18,1
ALLOUSDT,2026-06-18,1
APTUSDT,2026-06-18,1
ARBUSDT,2026-06-18,1
ARKMUSDT,2026-06-18,1
ASTERUSDT,2026-06-18,1
ATOMUSDT,2026-06-18,1
AVAXUSDT,2026-06-18,1
BCHUSDT,2026-06-18,1
BEATUSDT,2026-06-18,1
BIOUSDT,2026-06-18,1
BNBUSDT,2026-06-18,1
BSBUSDT,2026-06-18,1
CHIPUSDT,2026-06-18,1
CHZUSDT,2026-06-18,1
CLOUSDT,2026-06-18,1
CRVUSDT,2026-06-18,1
DASHUSDT,2026-06-18,1
DOGEUSDT,2026-06-18,1
DOTUSDT,2026-06-18,1
EIGENUSDT,2026-06-18,1
ENAUSDT,2026-06-18,1
EPICUSDT,2026-06-18,1
ESPORTSUSDT,2026-06-18,1
FARTCOINUSDT,2026-06-18,1
FILUSDT,2026-06-18,1
GALAUSDT,2026-06-18,1
GRASSUSDT,2026-06-18,1
HBARUSDT,2026-06-18,1
HOMEUSDT,2026-06-18,1
HUSDT,2026-06-18,1
HYPEUSDT,2026-06-18,1
ICPUSDT,2026-06-18,1
INJUSDT,2026-06-18,1
IPUSDT,2026-06-18,1
JTOUSDT,2026-06-18,1
JUPUSDT,2026-06-18,1
LABUSDT,2026-06-18,1
LINKUSDT,2026-06-18,1
LITUSDT,2026-06-18,1
LTCUSDT,2026-06-18,1
MNTUSDT,2026-06-18,1
MONUSDT,2026-06-18,1
NEARUSDT,2026-06-18,1
ONDOUSDT,2026-06-18,1
OPNUSDT,2026-06-18,1
OPUSDT,2026-06-18,1
ORDIUSDT,2026-06-18,1
PAXGUSDT,2026-06-18,1
PENDLEUSDT,2026-06-18,1
PENGUUSDT,2026-06-18,1
PIPPINUSDT,2026-06-18,1
PLAYSOUTUSDT,2026-06-18,1
POLUSDT,2026-06-18,1
PORTALUSDT,2026-06-18,1
PUMPFUNUSDT,2026-06-18,1
RENDERUSDT,2026-06-18,1
SAHARAUSDT,2026-06-18,1
SEIUSDT,2026-06-18,1
SHIB1000USDT,2026-06-18,1
SIRENUSDT,2026-06-18,1
SOLUSDT,2026-06-18,1
SPXUSDT,2026-06-18,1
STGUSDT,2026-06-18,1
STRKUSDT,2026-06-18,1
SUIUSDT,2026-06-18,1
TAOUSDT,2026-06-18,1
TIAUSDT,2026-06-18,1
TRUMPUSDT,2026-06-18,1
TRXUSDT,2026-06-18,1
UBUSDT,2026-06-18,1
UNIUSDT,2026-06-18,1
USELESSUSDT,2026-06-18,1
VELVETUSDT,2026-06-18,1
VIRTUALUSDT,2026-06-18,1
VVVUSDT,2026-06-18,1
WIFUSDT,2026-06-18,1
WLDUSDT,2026-06-18,1
WLFIUSDT,2026-06-18,1
XAGUSDT,2026-06-18,1
XAUTUSDT,2026-06-18,1
XLMUSDT,2026-06-18,1
XMRUSDT,2026-06-18,1
XPLUSDT,2026-06-18,1
XRPUSDT,2026-06-18,1
ZECUSDT,2026-06-18,1
ZROUSDT,2026-06-18,1
1000BONKUSDT,2026-06-19,1
1000PEPEUSDT,2026-06-19,1
AAVEUSDT,2026-06-19,1
ADAUSDT,2026-06-19,1
ALGOUSDT,2026-06-19,1
ALLOUSDT,2026-06-19,1
APTUSDT,2026-06-19,1
ARBUSDT,2026-06-19,1
ARKMUSDT,2026-06-19,1
ASTERUSDT,2026-06-19,1
ATOMUSDT,2026-06-19,1
AVAXUSDT,2026-06-19,1
BCHUSDT,2026-06-19,1
BEATUSDT,2026-06-19,1
BIOUSDT,2026-06-19,1
BNBUSDT,2026-06-19,1
BSBUSDT,2026-06-19,1
CHIPUSDT,2026-06-19,1
CHZUSDT,2026-06-19,1
CLOUSDT,2026-06-19,1
CRVUSDT,2026-06-19,1
DASHUSDT,2026-06-19,1
DOGEUSDT,2026-06-19,1
DOTUSDT,2026-06-19,1
EIGENUSDT,2026-06-19,1
ENAUSDT,2026-06-19,1
EPICUSDT,2026-06-19,1
ESPORTSUSDT,2026-06-19,1
FARTCOINUSDT,2026-06-19,1
FILUSDT,2026-06-19,1
GALAUSDT,2026-06-19,1
GRASSUSDT,2026-06-19,1
HBARUSDT,2026-06-19,1
HOMEUSDT,2026-06-19,1
HUSDT,2026-06-19,1
HYPEUSDT,2026-06-19,1
ICPUSDT,2026-06-19,1
INJUSDT,2026-06-19,1
IPUSDT,2026-06-19,1
JTOUSDT,2026-06-19,1
JUPUSDT,2026-06-19,1
LABUSDT,2026-06-19,1
LINKUSDT,2026-06-19,1
LITUSDT,2026-06-19,1
LTCUSDT,2026-06-19,1
MNTUSDT,2026-06-19,1
MONUSDT,2026-06-19,1
NEARUSDT,2026-06-19,1
ONDOUSDT,2026-06-19,1
OPNUSDT,2026-06-19,1
OPUSDT,2026-06-19,1
ORDIUSDT,2026-06-19,1
PAXGUSDT,2026-06-19,1
PENDLEUSDT,2026-06-19,1
PENGUUSDT,2026-06-19,1
PIPPINUSDT,2026-06-19,1
PLAYSOUTUSDT,2026-06-19,1
POLUSDT,2026-06-19,1
PORTALUSDT,2026-06-19,1
PUMPFUNUSDT,2026-06-19,1
RENDERUSDT,2026-06-19,1
SAHARAUSDT,2026-06-19,1
SEIUSDT,2026-06-19,1
SHIB1000USDT,2026-06-19,1
SIRENUSDT,2026-06-19,1
SOLUSDT,2026-06-19,1
SPXUSDT,2026-06-19,1
STGUSDT,2026-06-19,1
STRKUSDT,2026-06-19,1
SUIUSDT,2026-06-19,1
TAOUSDT,2026-06-19,1
TIAUSDT,2026-06-19,1
TRUMPUSDT,2026-06-19,1
TRXUSDT,2026-06-19,1
UBUSDT,2026-06-19,1
UNIUSDT,2026-06-19,1
USELESSUSDT,2026-06-19,1
VELVETUSDT,2026-06-19,1
VIRTUALUSDT,2026-06-19,1
VVVUSDT,2026-06-19,1
WIFUSDT,2026-06-19,1
WLDUSDT,2026-06-19,1
WLFIUSDT,2026-06-19,1
XAGUSDT,2026-06-19,1
XAUTUSDT,2026-06-19,1
XLMUSDT,2026-06-19,1
XMRUSDT,2026-06-19,1
XPLUSDT,2026-06-19,1
XRPUSDT,2026-06-19,1
ZECUSDT,2026-06-19,1
ZROUSDT,2026-06-19,1
1000BONKUSDT,2026-06-20,1
1000PEPEUSDT,2026-06-20,1
AAVEUSDT,2026-06-20,1
ADAUSDT,2026-06-20,1
ALGOUSDT,2026-06-20,1
ALLOUSDT,2026-06-20,1
APTUSDT,2026-06-20,1
ARBUSDT,2026-06-20,1
ARKMUSDT,2026-06-20,1
ASTERUSDT,2026-06-20,1
ATOMUSDT,2026-06-20,1
AVAXUSDT,2026-06-20,1
BCHUSDT,2026-06-20,1
BEATUSDT,2026-06-20,1
BIOUSDT,2026-06-20,1
BNBUSDT,2026-06-20,1
BSBUSDT,2026-06-20,1
CHIPUSDT,2026-06-20,1
CHZUSDT,2026-06-20,1
CLOUSDT,2026-06-20,1
CRVUSDT,2026-06-20,1
DASHUSDT,2026-06-20,1
DOGEUSDT,2026-06-20,1
DOTUSDT,2026-06-20,1
EIGENUSDT,2026-06-20,1
ENAUSDT,2026-06-20,1
EPICUSDT,2026-06-20,1
ESPORTSUSDT,2026-06-20,1
FARTCOINUSDT,2026-06-20,1
FILUSDT,2026-06-20,1
GALAUSDT,2026-06-20,1
GRASSUSDT,2026-06-20,1
HBARUSDT,2026-06-20,1
HOMEUSDT,2026-06-20,1
HUSDT,2026-06-20,1
HYPEUSDT,2026-06-20,1
ICPUSDT,2026-06-20,1
INJUSDT,2026-06-20,1
IPUSDT,2026-06-20,1
JTOUSDT,2026-06-20,1
JUPUSDT,2026-06-20,1
LABUSDT,2026-06-20,1
LINKUSDT,2026-06-20,1
LITUSDT,2026-06-20,1
LTCUSDT,2026-06-20,1
MNTUSDT,2026-06-20,1
MONUSDT,2026-06-20,1
NEARUSDT,2026-06-20,1
ONDOUSDT,2026-06-20,1
OPNUSDT,2026-06-20,1
OPUSDT,2026-06-20,1
ORDIUSDT,2026-06-20,1
PAXGUSDT,2026-06-20,1
PENDLEUSDT,2026-06-20,1
PENGUUSDT,2026-06-20,1
PIPPINUSDT,2026-06-20,1
PLAYSOUTUSDT,2026-06-20,1
POLUSDT,2026-06-20,1
PORTALUSDT,2026-06-20,1
PUMPFUNUSDT,2026-06-20,1
RENDERUSDT,2026-06-20,1
SAHARAUSDT,2026-06-20,1
SEIUSDT,2026-06-20,1
SHIB1000USDT,2026-06-20,1
SIRENUSDT,2026-06-20,1
SOLUSDT,2026-06-20,1
SPXUSDT,2026-06-20,1
STGUSDT,2026-06-20,1
STRKUSDT,2026-06-20,1
SUIUSDT,2026-06-20,1
TAOUSDT,2026-06-20,1
TIAUSDT,2026-06-20,1
TRUMPUSDT,2026-06-20,1
TRXUSDT,2026-06-20,1
UBUSDT,2026-06-20,1
UNIUSDT,2026-06-20,1
USELESSUSDT,2026-06-20,1
VELVETUSDT,2026-06-20,1
VIRTUALUSDT,2026-06-20,1
VVVUSDT,2026-06-20,1
WIFUSDT,2026-06-20,1
WLDUSDT,2026-06-20,1
WLFIUSDT,2026-06-20,1
XAGUSDT,2026-06-20,1
XAUTUSDT,2026-06-20,1
XLMUSDT,2026-06-20,1
XMRUSDT,2026-06-20,1
XPLUSDT,2026-06-20,1
XRPUSDT,2026-06-20,1
ZECUSDT,2026-06-20,1
ZROUSDT,2026-06-20,1
1000BONKUSDT,2026-06-21,1
1000PEPEUSDT,2026-06-21,1
AAVEUSDT,2026-06-21,1
ADAUSDT,2026-06-21,1
ALGOUSDT,2026-06-21,1
ALLOUSDT,2026-06-21,1
APTUSDT,2026-06-21,1
ARBUSDT,2026-06-21,1
ARKMUSDT,2026-06-21,1
ASTERUSDT,2026-06-21,1
ATOMUSDT,2026-06-21,1
AVAXUSDT,2026-06-21,1
BCHUSDT,2026-06-21,1
BEATUSDT,2026-06-21,1
BIOUSDT,2026-06-21,1
BNBUSDT,2026-06-21,1
BSBUSDT,2026-06-21,1
CHIPUSDT,2026-06-21,1
CHZUSDT,2026-06-21,1
CLOUSDT,2026-06-21,1
CRVUSDT,2026-06-21,1
DASHUSDT,2026-06-21,1
DOGEUSDT,2026-06-21,1
DOTUSDT,2026-06-21,1
EIGENUSDT,2026-06-21,1
ENAUSDT,2026-06-21,1
EPICUSDT,2026-06-21,1
ESPORTSUSDT,2026-06-21,1
FARTCOINUSDT,2026-06-21,1
FILUSDT,2026-06-21,1
GALAUSDT,2026-06-21,1
GRASSUSDT,2026-06-21,1
HBARUSDT,2026-06-21,1
HOMEUSDT,2026-06-21,1
HUSDT,2026-06-21,1
HYPEUSDT,2026-06-21,1
ICPUSDT,2026-06-21,1
INJUSDT,2026-06-21,1
IPUSDT,2026-06-21,1
JTOUSDT,2026-06-21,1
JUPUSDT,2026-06-21,1
LABUSDT,2026-06-21,1
LINKUSDT,2026-06-21,1
LITUSDT,2026-06-21,1
LTCUSDT,2026-06-21,1
MNTUSDT,2026-06-21,1
MONUSDT,2026-06-21,1
NEARUSDT,2026-06-21,1
ONDOUSDT,2026-06-21,1
OPNUSDT,2026-06-21,1
OPUSDT,2026-06-21,1
ORDIUSDT,2026-06-21,1
PAXGUSDT,2026-06-21,1
PENDLEUSDT,2026-06-21,1
PENGUUSDT,2026-06-21,1
PIPPINUSDT,2026-06-21,1
POLUSDT,2026-06-21,1
PORTALUSDT,2026-06-21,1
PUMPFUNUSDT,2026-06-21,1
RENDERUSDT,2026-06-21,1
SAHARAUSDT,2026-06-21,1
SEIUSDT,2026-06-21,1
SHIB1000USDT,2026-06-21,1
SIRENUSDT,2026-06-21,1
SOLUSDT,2026-06-21,1
SPXUSDT,2026-06-21,1
STGUSDT,2026-06-21,1
STRKUSDT,2026-06-21,1
SUIUSDT,2026-06-21,1
TAOUSDT,2026-06-21,1
TIAUSDT,2026-06-21,1
TRUMPUSDT,2026-06-21,1
TRXUSDT,2026-06-21,1
UBUSDT,2026-06-21,1
UNIUSDT,2026-06-21,1
USELESSUSDT,2026-06-21,1
VELVETUSDT,2026-06-21,1
VIRTUALUSDT,2026-06-21,1
VVVUSDT,2026-06-21,1
WIFUSDT,2026-06-21,1
WLDUSDT,2026-06-21,1
WLFIUSDT,2026-06-21,1
XAGUSDT,2026-06-21,1
XAUTUSDT,2026-06-21,1
XLMUSDT,2026-06-21,1
XMRUSDT,2026-06-21,1
XPLUSDT,2026-06-21,1
XRPUSDT,2026-06-21,1
ZECUSDT,2026-06-21,1
ZROUSDT,2026-06-21,1
1000BONKUSDT,2026-06-22,1
1000PEPEUSDT,2026-06-22,1
AAVEUSDT,2026-06-22,1
ADAUSDT,2026-06-22,1
AEROUSDT,2026-06-22,1
ALGOUSDT,2026-06-22,1
ALLOUSDT,2026-06-22,1
APTUSDT,2026-06-22,1
ARBUSDT,2026-06-22,1
ARKMUSDT,2026-06-22,1
ASTERUSDT,2026-06-22,1
ATOMUSDT,2026-06-22,1
AVAXUSDT,2026-06-22,1
BCHUSDT,2026-06-22,1
BEATUSDT,2026-06-22,1
BIOUSDT,2026-06-22,1
BNBUSDT,2026-06-22,1
BSBUSDT,2026-06-22,1
CHIPUSDT,2026-06-22,1
CHZUSDT,2026-06-22,1
CLOUSDT,2026-06-22,1
CRVUSDT,2026-06-22,1
DASHUSDT,2026-06-22,1
DOGEUSDT,2026-06-22,1
DOTUSDT,2026-06-22,1
EIGENUSDT,2026-06-22,1
ENAUSDT,2026-06-22,1
EPICUSDT,2026-06-22,1
ESPORTSUSDT,2026-06-22,1
FARTCOINUSDT,2026-06-22,1
FILUSDT,2026-06-22,1
GALAUSDT,2026-06-22,1
GRASSUSDT,2026-06-22,1
HBARUSDT,2026-06-22,1
HOMEUSDT,2026-06-22,1
HUSDT,2026-06-22,1
HYPEUSDT,2026-06-22,1
ICPUSDT,2026-06-22,1
INJUSDT,2026-06-22,1
IPUSDT,2026-06-22,1
JTOUSDT,2026-06-22,1
JUPUSDT,2026-06-22,1
LABUSDT,2026-06-22,1
LINKUSDT,2026-06-22,1
LITUSDT,2026-06-22,1
LTCUSDT,2026-06-22,1
MNTUSDT,2026-06-22,1
MONUSDT,2026-06-22,1
MUUSDT,2026-06-22,1
NEARUSDT,2026-06-22,1
ONDOUSDT,2026-06-22,1
OPNUSDT,2026-06-22,1
OPUSDT,2026-06-22,1
ORDIUSDT,2026-06-22,1
PAXGUSDT,2026-06-22,1
PENDLEUSDT,2026-06-22,1
PENGUUSDT,2026-06-22,1
PIPPINUSDT,2026-06-22,1
POLUSDT,2026-06-22,1
PORTALUSDT,2026-06-22,1
PUMPFUNUSDT,2026-06-22,1
RENDERUSDT,2026-06-22,1
SAHARAUSDT,2026-06-22,1
SEIUSDT,2026-06-22,1
SHIB1000USDT,2026-06-22,1
SIRENUSDT,2026-06-22,1
SOLUSDT,2026-06-22,1
SPXUSDT,2026-06-22,1
STGUSDT,2026-06-22,1
STRKUSDT,2026-06-22,1
SUIUSDT,2026-06-22,1
TAOUSDT,2026-06-22,1
TIAUSDT,2026-06-22,1
TRUMPUSDT,2026-06-22,1
TRXUSDT,2026-06-22,1
UBUSDT,2026-06-22,1
UNIUSDT,2026-06-22,1
USELESSUSDT,2026-06-22,1
VELVETUSDT,2026-06-22,1
VIRTUALUSDT,2026-06-22,1
VVVUSDT,2026-06-22,1
WIFUSDT,2026-06-22,1
WLDUSDT,2026-06-22,1
WLFIUSDT,2026-06-22,1
XAGUSDT,2026-06-22,1
XAUTUSDT,2026-06-22,1
XLMUSDT,2026-06-22,1
XMRUSDT,2026-06-22,1
XPLUSDT,2026-06-22,1
XRPUSDT,2026-06-22,1
ZECUSDT,2026-06-22,1
ZROUSDT,2026-06-22,1
1000BONKUSDT,2026-06-23,1
1000PEPEUSDT,2026-06-23,1
AAVEUSDT,2026-06-23,1
ADAUSDT,2026-06-23,1
AEROUSDT,2026-06-23,1
ALGOUSDT,2026-06-23,1
ALLOUSDT,2026-06-23,1
APTUSDT,2026-06-23,1
ARBUSDT,2026-06-23,1
ARKMUSDT,2026-06-23,1
ASTERUSDT,2026-06-23,1
ATOMUSDT,2026-06-23,1
AVAXUSDT,2026-06-23,1
BCHUSDT,2026-06-23,1
BEATUSDT,2026-06-23,1
BIOUSDT,2026-06-23,1
BNBUSDT,2026-06-23,1
BSBUSDT,2026-06-23,1
CHIPUSDT,2026-06-23,1
CHZUSDT,2026-06-23,1
CLOUSDT,2026-06-23,1
CRVUSDT,2026-06-23,1
DASHUSDT,2026-06-23,1
DOGEUSDT,2026-06-23,1
DOTUSDT,2026-06-23,1
EIGENUSDT,2026-06-23,1
ENAUSDT,2026-06-23,1
EPICUSDT,2026-06-23,1
ESPORTSUSDT,2026-06-23,1
FARTCOINUSDT,2026-06-23,1
FILUSDT,2026-06-23,1
GALAUSDT,2026-06-23,1
GRASSUSDT,2026-06-23,1
HBARUSDT,2026-06-23,1
HOMEUSDT,2026-06-23,1
HUSDT,2026-06-23,1
HYPEUSDT,2026-06-23,1
ICPUSDT,2026-06-23,1
INJUSDT,2026-06-23,1
IPUSDT,2026-06-23,1
JTOUSDT,2026-06-23,1
JUPUSDT,2026-06-23,1
LABUSDT,2026-06-23,1
LINKUSDT,2026-06-23,1
LITUSDT,2026-06-23,1
LTCUSDT,2026-06-23,1
MNTUSDT,2026-06-23,1
MONUSDT,2026-06-23,1
MUUSDT,2026-06-23,1
NEARUSDT,2026-06-23,1
ONDOUSDT,2026-06-23,1
OPNUSDT,2026-06-23,1
OPUSDT,2026-06-23,1
ORDIUSDT,2026-06-23,1
PAXGUSDT,2026-06-23,1
PENDLEUSDT,2026-06-23,1
PENGUUSDT,2026-06-23,1
POLUSDT,2026-06-23,1
PORTALUSDT,2026-06-23,1
PUMPFUNUSDT,2026-06-23,1
RENDERUSDT,2026-06-23,1
SAHARAUSDT,2026-06-23,1
SEIUSDT,2026-06-23,1
SHIB1000USDT,2026-06-23,1
SIRENUSDT,2026-06-23,1
SOLUSDT,2026-06-23,1
SPXUSDT,2026-06-23,1
STGUSDT,2026-06-23,1
STRKUSDT,2026-06-23,1
SUIUSDT,2026-06-23,1
TAOUSDT,2026-06-23,1
TIAUSDT,2026-06-23,1
TRUMPUSDT,2026-06-23,1
TRXUSDT,2026-06-23,1
UBUSDT,2026-06-23,1
UNIUSDT,2026-06-23,1
USELESSUSDT,2026-06-23,1
VELVETUSDT,2026-06-23,1
VIRTUALUSDT,2026-06-23,1
VVVUSDT,2026-06-23,1
WIFUSDT,2026-06-23,1
WLDUSDT,2026-06-23,1
WLFIUSDT,2026-06-23,1
XAGUSDT,2026-06-23,1
XAUTUSDT,2026-06-23,1
XLMUSDT,2026-06-23,1
XMRUSDT,2026-06-23,1
XPLUSDT,2026-06-23,1
XRPUSDT,2026-06-23,1
ZECUSDT,2026-06-23,1
ZROUSDT,2026-06-23,1
1000BONKUSDT,2026-06-24,1
1000PEPEUSDT,2026-06-24,1
AAVEUSDT,2026-06-24,1
ADAUSDT,2026-06-24,1
AEROUSDT,2026-06-24,1
ALGOUSDT,2026-06-24,1
ALLOUSDT,2026-06-24,1
APTUSDT,2026-06-24,1
ARBUSDT,2026-06-24,1
ARKMUSDT,2026-06-24,1
ASTERUSDT,2026-06-24,1
ATOMUSDT,2026-06-24,1
AVAXUSDT,2026-06-24,1
BCHUSDT,2026-06-24,1
BEATUSDT,2026-06-24,1
BIOUSDT,2026-06-24,1
BNBUSDT,2026-06-24,1
BSBUSDT,2026-06-24,1
CHIPUSDT,2026-06-24,1
CLOUSDT,2026-06-24,1
CRVUSDT,2026-06-24,1
DASHUSDT,2026-06-24,1
DOGEUSDT,2026-06-24,1
DOTUSDT,2026-06-24,1
EIGENUSDT,2026-06-24,1
ENAUSDT,2026-06-24,1
EPICUSDT,2026-06-24,1
ESPORTSUSDT,2026-06-24,1
FARTCOINUSDT,2026-06-24,1
FILUSDT,2026-06-24,1
GALAUSDT,2026-06-24,1
GRASSUSDT,2026-06-24,1
HBARUSDT,2026-06-24,1
HOMEUSDT,2026-06-24,1
HUSDT,2026-06-24,1
HYPEUSDT,2026-06-24,1
ICPUSDT,2026-06-24,1
INJUSDT,2026-06-24,1
IPUSDT,2026-06-24,1
JTOUSDT,2026-06-24,1
JUPUSDT,2026-06-24,1
LABUSDT,2026-06-24,1
LINKUSDT,2026-06-24,1
LITUSDT,2026-06-24,1
LTCUSDT,2026-06-24,1
MNTUSDT,2026-06-24,1
MONUSDT,2026-06-24,1
MUUSDT,2026-06-24,1
NEARUSDT,2026-06-24,1
ONDOUSDT,2026-06-24,1
OPNUSDT,2026-06-24,1
OPUSDT,2026-06-24,1
ORDIUSDT,2026-06-24,1
PAXGUSDT,2026-06-24,1
PENDLEUSDT,2026-06-24,1
PENGUUSDT,2026-06-24,1
POLUSDT,2026-06-24,1
PORTALUSDT,2026-06-24,1
PUMPFUNUSDT,2026-06-24,1
RENDERUSDT,2026-06-24,1
SAHARAUSDT,2026-06-24,1
SEIUSDT,2026-06-24,1
SHIB1000USDT,2026-06-24,1
SIRENUSDT,2026-06-24,1
SOLUSDT,2026-06-24,1
SPXUSDT,2026-06-24,1
STGUSDT,2026-06-24,1
STRKUSDT,2026-06-24,1
SUIUSDT,2026-06-24,1
TAOUSDT,2026-06-24,1
TIAUSDT,2026-06-24,1
TRUMPUSDT,2026-06-24,1
TRXUSDT,2026-06-24,1
UBUSDT,2026-06-24,1
UNIUSDT,2026-06-24,1
USELESSUSDT,2026-06-24,1
VELVETUSDT,2026-06-24,1
VIRTUALUSDT,2026-06-24,1
VVVUSDT,2026-06-24,1
WIFUSDT,2026-06-24,1
WLDUSDT,2026-06-24,1
WLFIUSDT,2026-06-24,1
XAGUSDT,2026-06-24,1
XAUTUSDT,2026-06-24,1
XLMUSDT,2026-06-24,1
XMRUSDT,2026-06-24,1
XPLUSDT,2026-06-24,1
XRPUSDT,2026-06-24,1
ZECUSDT,2026-06-24,1
ZROUSDT,2026-06-24,1
1000BONKUSDT,2026-06-25,1
1000PEPEUSDT,2026-06-25,1
AAVEUSDT,2026-06-25,1
ADAUSDT,2026-06-25,1
AEROUSDT,2026-06-25,1
ALGOUSDT,2026-06-25,1
ALLOUSDT,2026-06-25,1
APTUSDT,2026-06-25,1
ARBUSDT,2026-06-25,1
ARKMUSDT,2026-06-25,1
ASTERUSDT,2026-06-25,1
ATOMUSDT,2026-06-25,1
AVAXUSDT,2026-06-25,1
BCHUSDT,2026-06-25,1
BEATUSDT,2026-06-25,1
BIOUSDT,2026-06-25,1
BNBUSDT,2026-06-25,1
BSBUSDT,2026-06-25,1
CHIPUSDT,2026-06-25,1
CLOUSDT,2026-06-25,1
CRVUSDT,2026-06-25,1
DASHUSDT,2026-06-25,1
DOGEUSDT,2026-06-25,1
DOTUSDT,2026-06-25,1
EIGENUSDT,2026-06-25,1
ENAUSDT,2026-06-25,1
EPICUSDT,2026-06-25,1
ESPORTSUSDT,2026-06-25,1
FARTCOINUSDT,2026-06-25,1
FILUSDT,2026-06-25,1
GALAUSDT,2026-06-25,1
GRASSUSDT,2026-06-25,1
HBARUSDT,2026-06-25,1
HOMEUSDT,2026-06-25,1
HUSDT,2026-06-25,1
HYPEUSDT,2026-06-25,1
ICPUSDT,2026-06-25,1
INJUSDT,2026-06-25,1
IPUSDT,2026-06-25,1
JTOUSDT,2026-06-25,1
JUPUSDT,2026-06-25,1
LABUSDT,2026-06-25,1
LINKUSDT,2026-06-25,1
LITUSDT,2026-06-25,1
LTCUSDT,2026-06-25,1
MNTUSDT,2026-06-25,1
MUUSDT,2026-06-25,1
NEARUSDT,2026-06-25,1
ONDOUSDT,2026-06-25,1
OPUSDT,2026-06-25,1
ORDIUSDT,2026-06-25,1
PAXGUSDT,2026-06-25,1
PENDLEUSDT,2026-06-25,1
PENGUUSDT,2026-06-25,1
POLUSDT,2026-06-25,1
PORTALUSDT,2026-06-25,1
PUMPFUNUSDT,2026-06-25,1
RENDERUSDT,2026-06-25,1
SAHARAUSDT,2026-06-25,1
SEIUSDT,2026-06-25,1
SHIB1000USDT,2026-06-25,1
SIRENUSDT,2026-06-25,1
SOLUSDT,2026-06-25,1
SPXUSDT,2026-06-25,1
STGUSDT,2026-06-25,1
STRKUSDT,2026-06-25,1
SUIUSDT,2026-06-25,1
TAOUSDT,2026-06-25,1
TIAUSDT,2026-06-25,1
TRUMPUSDT,2026-06-25,1
TRXUSDT,2026-06-25,1
UBUSDT,2026-06-25,1
UNIUSDT,2026-06-25,1
USELESSUSDT,2026-06-25,1
VELVETUSDT,2026-06-25,1
VIRTUALUSDT,2026-06-25,1
VVVUSDT,2026-06-25,1
WIFUSDT,2026-06-25,1
WLDUSDT,2026-06-25,1
WLFIUSDT,2026-06-25,1
XAGUSDT,2026-06-25,1
XAUTUSDT,2026-06-25,1
XLMUSDT,2026-06-25,1
XMRUSDT,2026-06-25,1
XPLUSDT,2026-06-25,1
XRPUSDT,2026-06-25,1
ZECUSDT,2026-06-25,1
ZROUSDT,2026-06-25,1
1000BONKUSDT,2026-06-26,1
1000PEPEUSDT,2026-06-26,1
AAVEUSDT,2026-06-26,1
ADAUSDT,2026-06-26,1
AEROUSDT,2026-06-26,1
ALGOUSDT,2026-06-26,1
ALLOUSDT,2026-06-26,1
APTUSDT,2026-06-26,1
ARBUSDT,2026-06-26,1
ASTERUSDT,2026-06-26,1
ATOMUSDT,2026-06-26,1
AVAXUSDT,2026-06-26,1
BCHUSDT,2026-06-26,1
BEATUSDT,2026-06-26,1
BELUSDT,2026-06-26,1
BIOUSDT,2026-06-26,1
BNBUSDT,2026-06-26,1
BSBUSDT,2026-06-26,1
CHIPUSDT,2026-06-26,1
CLOUSDT,2026-06-26,1
CRVUSDT,2026-06-26,1
DASHUSDT,2026-06-26,1
DOGEUSDT,2026-06-26,1
DOTUSDT,2026-06-26,1
EIGENUSDT,2026-06-26,1
ENAUSDT,2026-06-26,1
EPICUSDT,2026-06-26,1
ESPORTSUSDT,2026-06-26,1
FARTCOINUSDT,2026-06-26,1
FILUSDT,2026-06-26,1
GALAUSDT,2026-06-26,1
GRASSUSDT,2026-06-26,1
HBARUSDT,2026-06-26,1
HOMEUSDT,2026-06-26,1
HUSDT,2026-06-26,1
HYPEUSDT,2026-06-26,1
ICPUSDT,2026-06-26,1
INJUSDT,2026-06-26,1
IPUSDT,2026-06-26,1
JTOUSDT,2026-06-26,1
JUPUSDT,2026-06-26,1
LABUSDT,2026-06-26,1
LINKUSDT,2026-06-26,1
LITUSDT,2026-06-26,1
LTCUSDT,2026-06-26,1
MNTUSDT,2026-06-26,1
MUUSDT,2026-06-26,1
NEARUSDT,2026-06-26,1
ONDOUSDT,2026-06-26,1
OPUSDT,2026-06-26,1
ORDIUSDT,2026-06-26,1
PAXGUSDT,2026-06-26,1
PENDLEUSDT,2026-06-26,1
PENGUUSDT,2026-06-26,1
POLUSDT,2026-06-26,1
PORTALUSDT,2026-06-26,1
PUMPFUNUSDT,2026-06-26,1
RENDERUSDT,2026-06-26,1
SAHARAUSDT,2026-06-26,1
SEIUSDT,2026-06-26,1
SHIB1000USDT,2026-06-26,1
SIRENUSDT,2026-06-26,1
SOLUSDT,2026-06-26,1
SPXUSDT,2026-06-26,1
STGUSDT,2026-06-26,1
STRKUSDT,2026-06-26,1
SUIUSDT,2026-06-26,1
TAOUSDT,2026-06-26,1
TIAUSDT,2026-06-26,1
TRUMPUSDT,2026-06-26,1
TRXUSDT,2026-06-26,1
UBUSDT,2026-06-26,1
UNIUSDT,2026-06-26,1
VELVETUSDT,2026-06-26,1
VIRTUALUSDT,2026-06-26,1
VVVUSDT,2026-06-26,1
WIFUSDT,2026-06-26,1
WLDUSDT,2026-06-26,1
WLFIUSDT,2026-06-26,1
XAGUSDT,2026-06-26,1
XAUTUSDT,2026-06-26,1
XLMUSDT,2026-06-26,1
XMRUSDT,2026-06-26,1
XPLUSDT,2026-06-26,1
XRPUSDT,2026-06-26,1
ZECUSDT,2026-06-26,1
ZROUSDT,2026-06-26,1
1000BONKUSDT,2026-06-27,1
1000PEPEUSDT,2026-06-27,1
AAVEUSDT,2026-06-27,1
ADAUSDT,2026-06-27,1
AEROUSDT,2026-06-27,1
ALGOUSDT,2026-06-27,1
ALLOUSDT,2026-06-27,1
APTUSDT,2026-06-27,1
ARBUSDT,2026-06-27,1
ASTERUSDT,2026-06-27,1
ATOMUSDT,2026-06-27,1
AVAXUSDT,2026-06-27,1
BCHUSDT,2026-06-27,1
BEATUSDT,2026-06-27,1
BELUSDT,2026-06-27,1
BIOUSDT,2026-06-27,1
BNBUSDT,2026-06-27,1
BSBUSDT,2026-06-27,1
CHIPUSDT,2026-06-27,1
CLOUSDT,2026-06-27,1
CRVUSDT,2026-06-27,1
DASHUSDT,2026-06-27,1
DOGEUSDT,2026-06-27,1
DOTUSDT,2026-06-27,1
EIGENUSDT,2026-06-27,1
ENAUSDT,2026-06-27,1
EPICUSDT,2026-06-27,1
ESPORTSUSDT,2026-06-27,1
FARTCOINUSDT,2026-06-27,1
FILUSDT,2026-06-27,1
GALAUSDT,2026-06-27,1
GRASSUSDT,2026-06-27,1
HBARUSDT,2026-06-27,1
HOMEUSDT,2026-06-27,1
HUSDT,2026-06-27,1
HYPEUSDT,2026-06-27,1
ICPUSDT,2026-06-27,1
INJUSDT,2026-06-27,1
JTOUSDT,2026-06-27,1
JUPUSDT,2026-06-27,1
LABUSDT,2026-06-27,1
LINKUSDT,2026-06-27,1
LITUSDT,2026-06-27,1
LTCUSDT,2026-06-27,1
MNTUSDT,2026-06-27,1
MUUSDT,2026-06-27,1
NEARUSDT,2026-06-27,1
ONDOUSDT,2026-06-27,1
OPUSDT,2026-06-27,1
ORDIUSDT,2026-06-27,1
PAXGUSDT,2026-06-27,1
PENDLEUSDT,2026-06-27,1
PENGUUSDT,2026-06-27,1
POLUSDT,2026-06-27,1
PORTALUSDT,2026-06-27,1
PUMPFUNUSDT,2026-06-27,1
RENDERUSDT,2026-06-27,1
RESOLVUSDT,2026-06-27,1
SAHARAUSDT,2026-06-27,1
SEIUSDT,2026-06-27,1
SHIB1000USDT,2026-06-27,1
SIRENUSDT,2026-06-27,1
SOLUSDT,2026-06-27,1
SPXUSDT,2026-06-27,1
STRKUSDT,2026-06-27,1
SUIUSDT,2026-06-27,1
TAOUSDT,2026-06-27,1
TIAUSDT,2026-06-27,1
TRUMPUSDT,2026-06-27,1
TRXUSDT,2026-06-27,1
UBUSDT,2026-06-27,1
UNIUSDT,2026-06-27,1
VELVETUSDT,2026-06-27,1
VIRTUALUSDT,2026-06-27,1
VVVUSDT,2026-06-27,1
WIFUSDT,2026-06-27,1
WLDUSDT,2026-06-27,1
WLFIUSDT,2026-06-27,1
XAGUSDT,2026-06-27,1
XAUTUSDT,2026-06-27,1
XLMUSDT,2026-06-27,1
XMRUSDT,2026-06-27,1
XPLUSDT,2026-06-27,1
XRPUSDT,2026-06-27,1
ZECUSDT,2026-06-27,1
ZROUSDT,2026-06-27,1
1000BONKUSDT,2026-06-28,1
1000PEPEUSDT,2026-06-28,1
AAVEUSDT,2026-06-28,1
ADAUSDT,2026-06-28,1
AEROUSDT,2026-06-28,1
ALGOUSDT,2026-06-28,1
ALLOUSDT,2026-06-28,1
APTUSDT,2026-06-28,1
ARBUSDT,2026-06-28,1
ASTERUSDT,2026-06-28,1
ATOMUSDT,2026-06-28,1
AVAXUSDT,2026-06-28,1
BCHUSDT,2026-06-28,1
BEATUSDT,2026-06-28,1
BELUSDT,2026-06-28,1
BIOUSDT,2026-06-28,1
BNBUSDT,2026-06-28,1
BSBUSDT,2026-06-28,1
CHIPUSDT,2026-06-28,1
CLOUSDT,2026-06-28,1
CRVUSDT,2026-06-28,1
DASHUSDT,2026-06-28,1
DOGEUSDT,2026-06-28,1
DOTUSDT,2026-06-28,1
EIGENUSDT,2026-06-28,1
ENAUSDT,2026-06-28,1
EPICUSDT,2026-06-28,1
ESPORTSUSDT,2026-06-28,1
FARTCOINUSDT,2026-06-28,1
FILUSDT,2026-06-28,1
GALAUSDT,2026-06-28,1
GRASSUSDT,2026-06-28,1
HBARUSDT,2026-06-28,1
HOMEUSDT,2026-06-28,1
HUSDT,2026-06-28,1
HYPEUSDT,2026-06-28,1
ICPUSDT,2026-06-28,1
IDUSDT,2026-06-28,1
INJUSDT,2026-06-28,1
JTOUSDT,2026-06-28,1
JUPUSDT,2026-06-28,1
LABUSDT,2026-06-28,1
LINKUSDT,2026-06-28,1
LITUSDT,2026-06-28,1
LTCUSDT,2026-06-28,1
MNTUSDT,2026-06-28,1
MUUSDT,2026-06-28,1
NEARUSDT,2026-06-28,1
ONDOUSDT,2026-06-28,1
OPUSDT,2026-06-28,1
ORDIUSDT,2026-06-28,1
PAXGUSDT,2026-06-28,1
PENDLEUSDT,2026-06-28,1
PENGUUSDT,2026-06-28,1
POLUSDT,2026-06-28,1
PORTALUSDT,2026-06-28,1
PUMPFUNUSDT,2026-06-28,1
RENDERUSDT,2026-06-28,1
RESOLVUSDT,2026-06-28,1
SAHARAUSDT,2026-06-28,1
SEIUSDT,2026-06-28,1
SHIB1000USDT,2026-06-28,1
SIRENUSDT,2026-06-28,1
SOLUSDT,2026-06-28,1
SPXUSDT,2026-06-28,1
STRKUSDT,2026-06-28,1
SUIUSDT,2026-06-28,1
TAOUSDT,2026-06-28,1
TIAUSDT,2026-06-28,1
TNSRUSDT,2026-06-28,1
TRUMPUSDT,2026-06-28,1
TRXUSDT,2026-06-28,1
UBUSDT,2026-06-28,1
UNIUSDT,2026-06-28,1
VELVETUSDT,2026-06-28,1
VIRTUALUSDT,2026-06-28,1
VVVUSDT,2026-06-28,1
WIFUSDT,2026-06-28,1
WLDUSDT,2026-06-28,1
WLFIUSDT,2026-06-28,1
XAGUSDT,2026-06-28,1
XAUTUSDT,2026-06-28,1
XLMUSDT,2026-06-28,1
XMRUSDT,2026-06-28,1
XPLUSDT,2026-06-28,1
XRPUSDT,2026-06-28,1
ZECUSDT,2026-06-28,1
ZROUSDT,2026-06-28,1
1000BONKUSDT,2026-06-29,1
1000PEPEUSDT,2026-06-29,1
AAVEUSDT,2026-06-29,1
ADAUSDT,2026-06-29,1
AEROUSDT,2026-06-29,1
ALGOUSDT,2026-06-29,1
ALLOUSDT,2026-06-29,1
APTUSDT,2026-06-29,1
ARBUSDT,2026-06-29,1
ASTERUSDT,2026-06-29,1
ATOMUSDT,2026-06-29,1
AVAXUSDT,2026-06-29,1
BCHUSDT,2026-06-29,1
BEATUSDT,2026-06-29,1
BELUSDT,2026-06-29,1
BIOUSDT,2026-06-29,1
BNBUSDT,2026-06-29,1
BSBUSDT,2026-06-29,1
CHIPUSDT,2026-06-29,1
CLOUSDT,2026-06-29,1
CRVUSDT,2026-06-29,1
DASHUSDT,2026-06-29,1
DOGEUSDT,2026-06-29,1
DOTUSDT,2026-06-29,1
DYDXUSDT,2026-06-29,1
EIGENUSDT,2026-06-29,1
ENAUSDT,2026-06-29,1
ESPORTSUSDT,2026-06-29,1
FARTCOINUSDT,2026-06-29,1
FILUSDT,2026-06-29,1
GALAUSDT,2026-06-29,1
GRASSUSDT,2026-06-29,1
HBARUSDT,2026-06-29,1
HOMEUSDT,2026-06-29,1
HUSDT,2026-06-29,1
HYPEUSDT,2026-06-29,1
ICPUSDT,2026-06-29,1
IDUSDT,2026-06-29,1
INJUSDT,2026-06-29,1
JTOUSDT,2026-06-29,1
JUPUSDT,2026-06-29,1
LABUSDT,2026-06-29,1
LINKUSDT,2026-06-29,1
LITUSDT,2026-06-29,1
LTCUSDT,2026-06-29,1
MNTUSDT,2026-06-29,1
MUUSDT,2026-06-29,1
NEARUSDT,2026-06-29,1
ONDOUSDT,2026-06-29,1
OPUSDT,2026-06-29,1
ORDIUSDT,2026-06-29,1
PAXGUSDT,2026-06-29,1
PENDLEUSDT,2026-06-29,1
PENGUUSDT,2026-06-29,1
POLUSDT,2026-06-29,1
PORTALUSDT,2026-06-29,1
PUMPFUNUSDT,2026-06-29,1
RENDERUSDT,2026-06-29,1
RESOLVUSDT,2026-06-29,1
SAHARAUSDT,2026-06-29,1
SEIUSDT,2026-06-29,1
SHIB1000USDT,2026-06-29,1
SIRENUSDT,2026-06-29,1
SOLUSDT,2026-06-29,1
SPXUSDT,2026-06-29,1
STRKUSDT,2026-06-29,1
SUIUSDT,2026-06-29,1
TAOUSDT,2026-06-29,1
TIAUSDT,2026-06-29,1
TNSRUSDT,2026-06-29,1
TRUMPUSDT,2026-06-29,1
TRXUSDT,2026-06-29,1
UBUSDT,2026-06-29,1
UNIUSDT,2026-06-29,1
VELVETUSDT,2026-06-29,1
VIRTUALUSDT,2026-06-29,1
VVVUSDT,2026-06-29,1
WIFUSDT,2026-06-29,1
WLDUSDT,2026-06-29,1
WLFIUSDT,2026-06-29,1
XAGUSDT,2026-06-29,1
XAUTUSDT,2026-06-29,1
XLMUSDT,2026-06-29,1
XMRUSDT,2026-06-29,1
XPLUSDT,2026-06-29,1
XRPUSDT,2026-06-29,1
ZECUSDT,2026-06-29,1
ZROUSDT,2026-06-29,1
1000BONKUSDT,2026-06-30,1
1000PEPEUSDT,2026-06-30,1
AAVEUSDT,2026-06-30,1
ADAUSDT,2026-06-30,1
AEROUSDT,2026-06-30,1
ALGOUSDT,2026-06-30,1
ALLOUSDT,2026-06-30,1
APTUSDT,2026-06-30,1
ARBUSDT,2026-06-30,1
ASTERUSDT,2026-06-30,1
ATOMUSDT,2026-06-30,1
AVAXUSDT,2026-06-30,1
BCHUSDT,2026-06-30,1
BEATUSDT,2026-06-30,1
BELUSDT,2026-06-30,1
BIOUSDT,2026-06-30,1
BNBUSDT,2026-06-30,1
BSBUSDT,2026-06-30,1
CHIPUSDT,2026-06-30,1
CLOUSDT,2026-06-30,1
CRVUSDT,2026-06-30,1
DASHUSDT,2026-06-30,1
DOGEUSDT,2026-06-30,1
DOTUSDT,2026-06-30,1
DYDXUSDT,2026-06-30,1
EIGENUSDT,2026-06-30,1
ENAUSDT,2026-06-30,1
ESPORTSUSDT,2026-06-30,1
FARTCOINUSDT,2026-06-30,1
FILUSDT,2026-06-30,1
GALAUSDT,2026-06-30,1
GRASSUSDT,2026-06-30,1
HBARUSDT,2026-06-30,1
HEIUSDT,2026-06-30,1
HOMEUSDT,2026-06-30,1
HUSDT,2026-06-30,1
HYPEUSDT,2026-06-30,1
ICPUSDT,2026-06-30,1
IDUSDT,2026-06-30,1
INJUSDT,2026-06-30,1
JTOUSDT,2026-06-30,1
JUPUSDT,2026-06-30,1
LABUSDT,2026-06-30,1
LINKUSDT,2026-06-30,1
LITUSDT,2026-06-30,1
LTCUSDT,2026-06-30,1
MNTUSDT,2026-06-30,1
MUUSDT,2026-06-30,1
NEARUSDT,2026-06-30,1
ONDOUSDT,2026-06-30,1
OPUSDT,2026-06-30,1
ORDIUSDT,2026-06-30,1
PAXGUSDT,2026-06-30,1
PENDLEUSDT,2026-06-30,1
PENGUUSDT,2026-06-30,1
POLUSDT,2026-06-30,1
PORTALUSDT,2026-06-30,1
PUMPFUNUSDT,2026-06-30,1
RENDERUSDT,2026-06-30,1
RESOLVUSDT,2026-06-30,1
SAHARAUSDT,2026-06-30,1
SEIUSDT,2026-06-30,1
SHIB1000USDT,2026-06-30,1
SIRENUSDT,2026-06-30,1
SOLUSDT,2026-06-30,1
SPXUSDT,2026-06-30,1
STRKUSDT,2026-06-30,1
SUIUSDT,2026-06-30,1
TAOUSDT,2026-06-30,1
TIAUSDT,2026-06-30,1
TNSRUSDT,2026-06-30,1
TRUMPUSDT,2026-06-30,1
TRXUSDT,2026-06-30,1
UBUSDT,2026-06-30,1
UNIUSDT,2026-06-30,1
VELVETUSDT,2026-06-30,1
VIRTUALUSDT,2026-06-30,1
VVVUSDT,2026-06-30,1
WIFUSDT,2026-06-30,1
WLDUSDT,2026-06-30,1
WLFIUSDT,2026-06-30,1
XAGUSDT,2026-06-30,1
XAUTUSDT,2026-06-30,1
XLMUSDT,2026-06-30,1
XMRUSDT,2026-06-30,1
XPLUSDT,2026-06-30,1
XRPUSDT,2026-06-30,1
ZECUSDT,2026-06-30,1
ZROUSDT,2026-06-30,1
1000BONKUSDT,2026-07-01,1
1000PEPEUSDT,2026-07-01,1
AAVEUSDT,2026-07-01,1
ADAUSDT,2026-07-01,1
AEROUSDT,2026-07-01,1
ALGOUSDT,2026-07-01,1
ALLOUSDT,2026-07-01,1
APTUSDT,2026-07-01,1
ARBUSDT,2026-07-01,1
ASTERUSDT,2026-07-01,1
ATOMUSDT,2026-07-01,1
AVAXUSDT,2026-07-01,1
BCHUSDT,2026-07-01,1
BEATUSDT,2026-07-01,1
BELUSDT,2026-07-01,1
BIOUSDT,2026-07-01,1
BNBUSDT,2026-07-01,1
BSBUSDT,2026-07-01,1
CHIPUSDT,2026-07-01,1
CLOUSDT,2026-07-01,1
CRVUSDT,2026-07-01,1
DASHUSDT,2026-07-01,1
DOGEUSDT,2026-07-01,1
DOTUSDT,2026-07-01,1
DYDXUSDT,2026-07-01,1
EIGENUSDT,2026-07-01,1
ENAUSDT,2026-07-01,1
ESPORTSUSDT,2026-07-01,1
FARTCOINUSDT,2026-07-01,1
FILUSDT,2026-07-01,1
GALAUSDT,2026-07-01,1
GRASSUSDT,2026-07-01,1
HBARUSDT,2026-07-01,1
HEIUSDT,2026-07-01,1
HOMEUSDT,2026-07-01,1
HUSDT,2026-07-01,1
HYPEUSDT,2026-07-01,1
ICPUSDT,2026-07-01,1
IDUSDT,2026-07-01,1
INJUSDT,2026-07-01,1
JTOUSDT,2026-07-01,1
JUPUSDT,2026-07-01,1
LABUSDT,2026-07-01,1
LINKUSDT,2026-07-01,1
LITUSDT,2026-07-01,1
LTCUSDT,2026-07-01,1
MNTUSDT,2026-07-01,1
MUUSDT,2026-07-01,1
NEARUSDT,2026-07-01,1
ONDOUSDT,2026-07-01,1
OPUSDT,2026-07-01,1
ORDIUSDT,2026-07-01,1
PAXGUSDT,2026-07-01,1
PENDLEUSDT,2026-07-01,1
PENGUUSDT,2026-07-01,1
POLUSDT,2026-07-01,1
PORTALUSDT,2026-07-01,1
PUMPFUNUSDT,2026-07-01,1
RENDERUSDT,2026-07-01,1
RESOLVUSDT,2026-07-01,1
SAHARAUSDT,2026-07-01,1
SEIUSDT,2026-07-01,1
SHIB1000USDT,2026-07-01,1
SIRENUSDT,2026-07-01,1
SOLUSDT,2026-07-01,1
SPXUSDT,2026-07-01,1
STRKUSDT,2026-07-01,1
SUIUSDT,2026-07-01,1
TAOUSDT,2026-07-01,1
TIAUSDT,2026-07-01,1
TNSRUSDT,2026-07-01,1
TRUMPUSDT,2026-07-01,1
TRXUSDT,2026-07-01,1
UBUSDT,2026-07-01,1
UNIUSDT,2026-07-01,1
VELVETUSDT,2026-07-01,1
VIRTUALUSDT,2026-07-01,1
VVVUSDT,2026-07-01,1
WIFUSDT,2026-07-01,1
WLDUSDT,2026-07-01,1
WLFIUSDT,2026-07-01,1
XAGUSDT,2026-07-01,1
XAUTUSDT,2026-07-01,1
XLMUSDT,2026-07-01,1
XMRUSDT,2026-07-01,1
XPLUSDT,2026-07-01,1
XRPUSDT,2026-07-01,1
ZECUSDT,2026-07-01,1
ZROUSDT,2026-07-01,1
1000BONKUSDT,2026-07-02,1
1000PEPEUSDT,2026-07-02,1
AAVEUSDT,2026-07-02,1
ADAUSDT,2026-07-02,1
AEROUSDT,2026-07-02,1
ALGOUSDT,2026-07-02,1
ALLOUSDT,2026-07-02,1
APTUSDT,2026-07-02,1
ARBUSDT,2026-07-02,1
ASTERUSDT,2026-07-02,1
ATOMUSDT,2026-07-02,1
AVAXUSDT,2026-07-02,1
BCHUSDT,2026-07-02,1
BEATUSDT,2026-07-02,1
BELUSDT,2026-07-02,1
BIOUSDT,2026-07-02,1
BNBUSDT,2026-07-02,1
BSBUSDT,2026-07-02,1
CHIPUSDT,2026-07-02,1
CLOUSDT,2026-07-02,1
CRVUSDT,2026-07-02,1
DASHUSDT,2026-07-02,1
DOGEUSDT,2026-07-02,1
DOTUSDT,2026-07-02,1
DYDXUSDT,2026-07-02,1
EIGENUSDT,2026-07-02,1
ENAUSDT,2026-07-02,1
ESPORTSUSDT,2026-07-02,1
FARTCOINUSDT,2026-07-02,1
FILUSDT,2026-07-02,1
GALAUSDT,2026-07-02,1
GRASSUSDT,2026-07-02,1
HBARUSDT,2026-07-02,1
HEIUSDT,2026-07-02,1
HUSDT,2026-07-02,1
HYPEUSDT,2026-07-02,1
ICPUSDT,2026-07-02,1
IDUSDT,2026-07-02,1
INJUSDT,2026-07-02,1
JTOUSDT,2026-07-02,1
JUPUSDT,2026-07-02,1
LABUSDT,2026-07-02,1
LINKUSDT,2026-07-02,1
LITUSDT,2026-07-02,1
LTCUSDT,2026-07-02,1
MNTUSDT,2026-07-02,1
MUSDT,2026-07-02,1
MUUSDT,2026-07-02,1
NEARUSDT,2026-07-02,1
ONDOUSDT,2026-07-02,1
OPUSDT,2026-07-02,1
ORDIUSDT,2026-07-02,1
PAXGUSDT,2026-07-02,1
PENDLEUSDT,2026-07-02,1
PENGUUSDT,2026-07-02,1
POLUSDT,2026-07-02,1
PORTALUSDT,2026-07-02,1
PUMPFUNUSDT,2026-07-02,1
RENDERUSDT,2026-07-02,1
RESOLVUSDT,2026-07-02,1
SAHARAUSDT,2026-07-02,1
SEIUSDT,2026-07-02,1
SHIB1000USDT,2026-07-02,1
SIRENUSDT,2026-07-02,1
SOLUSDT,2026-07-02,1
SPXUSDT,2026-07-02,1
STRKUSDT,2026-07-02,1
SUIUSDT,2026-07-02,1
TAOUSDT,2026-07-02,1
TIAUSDT,2026-07-02,1
TNSRUSDT,2026-07-02,1
TRUMPUSDT,2026-07-02,1
TRXUSDT,2026-07-02,1
UBUSDT,2026-07-02,1
UNIUSDT,2026-07-02,1
VELVETUSDT,2026-07-02,1
VIRTUALUSDT,2026-07-02,1
VVVUSDT,2026-07-02,1
WIFUSDT,2026-07-02,1
WLDUSDT,2026-07-02,1
WLFIUSDT,2026-07-02,1
XAGUSDT,2026-07-02,1
XAUTUSDT,2026-07-02,1
XLMUSDT,2026-07-02,1
XMRUSDT,2026-07-02,1
XPLUSDT,2026-07-02,1
XRPUSDT,2026-07-02,1
ZECUSDT,2026-07-02,1
ZROUSDT,2026-07-02,1
1000BONKUSDT,2026-07-03,1
1000PEPEUSDT,2026-07-03,1
AAVEUSDT,2026-07-03,1
ADAUSDT,2026-07-03,1
AEROUSDT,2026-07-03,1
ALGOUSDT,2026-07-03,1
ALLOUSDT,2026-07-03,1
APTUSDT,2026-07-03,1
ARBUSDT,2026-07-03,1
ASTERUSDT,2026-07-03,1
ATOMUSDT,2026-07-03,1
AVAXUSDT,2026-07-03,1
BCHUSDT,2026-07-03,1
BEATUSDT,2026-07-03,1
BELUSDT,2026-07-03,1
BIOUSDT,2026-07-03,1
BNBUSDT,2026-07-03,1
BSBUSDT,2026-07-03,1
CHIPUSDT,2026-07-03,1
CLOUSDT,2026-07-03,1
CRVUSDT,2026-07-03,1
DASHUSDT,2026-07-03,1
DOGEUSDT,2026-07-03,1
DOTUSDT,2026-07-03,1
DYDXUSDT,2026-07-03,1
EIGENUSDT,2026-07-03,1
ENAUSDT,2026-07-03,1
ESPORTSUSDT,2026-07-03,1
FARTCOINUSDT,2026-07-03,1
FILUSDT,2026-07-03,1
GALAUSDT,2026-07-03,1
GRASSUSDT,2026-07-03,1
HBARUSDT,2026-07-03,1
HEIUSDT,2026-07-03,1
HUSDT,2026-07-03,1
HYPEUSDT,2026-07-03,1
ICPUSDT,2026-07-03,1
IDUSDT,2026-07-03,1
INJUSDT,2026-07-03,1
JTOUSDT,2026-07-03,1
JUPUSDT,2026-07-03,1
LABUSDT,2026-07-03,1
LINKUSDT,2026-07-03,1
LITUSDT,2026-07-03,1
LTCUSDT,2026-07-03,1
MNTUSDT,2026-07-03,1
MUSDT,2026-07-03,1
MUUSDT,2026-07-03,1
NEARUSDT,2026-07-03,1
ONDOUSDT,2026-07-03,1
OPUSDT,2026-07-03,1
ORDIUSDT,2026-07-03,1
PAXGUSDT,2026-07-03,1
PENDLEUSDT,2026-07-03,1
PENGUUSDT,2026-07-03,1
POLUSDT,2026-07-03,1
PORTALUSDT,2026-07-03,1
PUMPFUNUSDT,2026-07-03,1
RENDERUSDT,2026-07-03,1
RESOLVUSDT,2026-07-03,1
SEIUSDT,2026-07-03,1
SHIB1000USDT,2026-07-03,1
SIRENUSDT,2026-07-03,1
SOLUSDT,2026-07-03,1
SPXUSDT,2026-07-03,1
STRKUSDT,2026-07-03,1
SUIUSDT,2026-07-03,1
TAOUSDT,2026-07-03,1
TIAUSDT,2026-07-03,1
TNSRUSDT,2026-07-03,1
TRUMPUSDT,2026-07-03,1
TRXUSDT,2026-07-03,1
UBUSDT,2026-07-03,1
UNIUSDT,2026-07-03,1
VELVETUSDT,2026-07-03,1
VIRTUALUSDT,2026-07-03,1
VVVUSDT,2026-07-03,1
WIFUSDT,2026-07-03,1
WLDUSDT,2026-07-03,1
WLFIUSDT,2026-07-03,1
XAGUSDT,2026-07-03,1
XAUTUSDT,2026-07-03,1
XLMUSDT,2026-07-03,1
XMRUSDT,2026-07-03,1
XPLUSDT,2026-07-03,1
XRPUSDT,2026-07-03,1
ZECUSDT,2026-07-03,1
ZROUSDT,2026-07-03,1
1000BONKUSDT,2026-07-04,1
1000PEPEUSDT,2026-07-04,1
AAVEUSDT,2026-07-04,1
ADAUSDT,2026-07-04,1
AEROUSDT,2026-07-04,1
ALGOUSDT,2026-07-04,1
ALLOUSDT,2026-07-04,1
APTUSDT,2026-07-04,1
ARBUSDT,2026-07-04,1
ASTERUSDT,2026-07-04,1
ATOMUSDT,2026-07-04,1
AVAXUSDT,2026-07-04,1
BCHUSDT,2026-07-04,1
BEATUSDT,2026-07-04,1
BELUSDT,2026-07-04,1
BIOUSDT,2026-07-04,1
BNBUSDT,2026-07-04,1
BSBUSDT,2026-07-04,1
CHIPUSDT,2026-07-04,1
CLOUSDT,2026-07-04,1
CRVUSDT,2026-07-04,1
DASHUSDT,2026-07-04,1
DOGEUSDT,2026-07-04,1
DOTUSDT,2026-07-04,1
DYDXUSDT,2026-07-04,1
EIGENUSDT,2026-07-04,1
ENAUSDT,2026-07-04,1
ESPORTSUSDT,2026-07-04,1
FARTCOINUSDT,2026-07-04,1
FILUSDT,2026-07-04,1
GALAUSDT,2026-07-04,1
GRASSUSDT,2026-07-04,1
HBARUSDT,2026-07-04,1
HEIUSDT,2026-07-04,1
HUSDT,2026-07-04,1
HYPEUSDT,2026-07-04,1
ICPUSDT,2026-07-04,1
IDUSDT,2026-07-04,1
INJUSDT,2026-07-04,1
JTOUSDT,2026-07-04,1
JUPUSDT,2026-07-04,1
LABUSDT,2026-07-04,1
LINKUSDT,2026-07-04,1
LITUSDT,2026-07-04,1
LTCUSDT,2026-07-04,1
MNTUSDT,2026-07-04,1
MUSDT,2026-07-04,1
MUUSDT,2026-07-04,1
NEARUSDT,2026-07-04,1
ONDOUSDT,2026-07-04,1
OPUSDT,2026-07-04,1
ORDIUSDT,2026-07-04,1
PAXGUSDT,2026-07-04,1
PENDLEUSDT,2026-07-04,1
PENGUUSDT,2026-07-04,1
POLUSDT,2026-07-04,1
PORTALUSDT,2026-07-04,1
PUMPFUNUSDT,2026-07-04,1
RAVEUSDT,2026-07-04,1
RENDERUSDT,2026-07-04,1
RESOLVUSDT,2026-07-04,1
SEIUSDT,2026-07-04,1
SHIB1000USDT,2026-07-04,1
SIRENUSDT,2026-07-04,1
SOLUSDT,2026-07-04,1
SPXUSDT,2026-07-04,1
STRKUSDT,2026-07-04,1
SUIUSDT,2026-07-04,1
TAOUSDT,2026-07-04,1
TIAUSDT,2026-07-04,1
TNSRUSDT,2026-07-04,1
TRUMPUSDT,2026-07-04,1
TRXUSDT,2026-07-04,1
UBUSDT,2026-07-04,1
UNIUSDT,2026-07-04,1
VELVETUSDT,2026-07-04,1
VIRTUALUSDT,2026-07-04,1
VVVUSDT,2026-07-04,1
WIFUSDT,2026-07-04,1
WLDUSDT,2026-07-04,1
WLFIUSDT,2026-07-04,1
XAGUSDT,2026-07-04,1
XAUTUSDT,2026-07-04,1
XLMUSDT,2026-07-04,1
XMRUSDT,2026-07-04,1
XPLUSDT,2026-07-04,1
XRPUSDT,2026-07-04,1
ZECUSDT,2026-07-04,1
ZROUSDT,2026-07-04,1
1000BONKUSDT,2026-07-05,1
1000PEPEUSDT,2026-07-05,1
AAVEUSDT,2026-07-05,1
ADAUSDT,2026-07-05,1
AEROUSDT,2026-07-05,1
ALGOUSDT,2026-07-05,1
ALLOUSDT,2026-07-05,1
APTUSDT,2026-07-05,1
ARBUSDT,2026-07-05,1
ASTERUSDT,2026-07-05,1
ATOMUSDT,2026-07-05,1
AVAXUSDT,2026-07-05,1
BCHUSDT,2026-07-05,1
BEATUSDT,2026-07-05,1
BELUSDT,2026-07-05,1
BIOUSDT,2026-07-05,1
BNBUSDT,2026-07-05,1
BSBUSDT,2026-07-05,1
CHIPUSDT,2026-07-05,1
CLOUSDT,2026-07-05,1
CRVUSDT,2026-07-05,1
DASHUSDT,2026-07-05,1
DOGEUSDT,2026-07-05,1
DOTUSDT,2026-07-05,1
DYDXUSDT,2026-07-05,1
EIGENUSDT,2026-07-05,1
ENAUSDT,2026-07-05,1
ESPORTSUSDT,2026-07-05,1
FARTCOINUSDT,2026-07-05,1
FILUSDT,2026-07-05,1
GALAUSDT,2026-07-05,1
GRASSUSDT,2026-07-05,1
GWEIUSDT,2026-07-05,1
HBARUSDT,2026-07-05,1
HEIUSDT,2026-07-05,1
HUSDT,2026-07-05,1
HYPEUSDT,2026-07-05,1
ICPUSDT,2026-07-05,1
IDUSDT,2026-07-05,1
INJUSDT,2026-07-05,1
JTOUSDT,2026-07-05,1
JUPUSDT,2026-07-05,1
LABUSDT,2026-07-05,1
LINKUSDT,2026-07-05,1
LITUSDT,2026-07-05,1
LTCUSDT,2026-07-05,1
MNTUSDT,2026-07-05,1
MUSDT,2026-07-05,1
MUUSDT,2026-07-05,1
NEARUSDT,2026-07-05,1
ONDOUSDT,2026-07-05,1
OPUSDT,2026-07-05,1
ORDIUSDT,2026-07-05,1
PAXGUSDT,2026-07-05,1
PENDLEUSDT,2026-07-05,1
PENGUUSDT,2026-07-05,1
POLUSDT,2026-07-05,1
PORTALUSDT,2026-07-05,1
PUMPFUNUSDT,2026-07-05,1
RAVEUSDT,2026-07-05,1
RENDERUSDT,2026-07-05,1
RESOLVUSDT,2026-07-05,1
SEIUSDT,2026-07-05,1
SHIB1000USDT,2026-07-05,1
SIRENUSDT,2026-07-05,1
SOLUSDT,2026-07-05,1
SPXUSDT,2026-07-05,1
STRKUSDT,2026-07-05,1
SUIUSDT,2026-07-05,1
TAOUSDT,2026-07-05,1
TIAUSDT,2026-07-05,1
TRUMPUSDT,2026-07-05,1
TRXUSDT,2026-07-05,1
UBUSDT,2026-07-05,1
UNIUSDT,2026-07-05,1
VELVETUSDT,2026-07-05,1
VIRTUALUSDT,2026-07-05,1
VVVUSDT,2026-07-05,1
WIFUSDT,2026-07-05,1
WLDUSDT,2026-07-05,1
WLFIUSDT,2026-07-05,1
XAGUSDT,2026-07-05,1
XAUTUSDT,2026-07-05,1
XLMUSDT,2026-07-05,1
XMRUSDT,2026-07-05,1
XPLUSDT,2026-07-05,1
XRPUSDT,2026-07-05,1
ZECUSDT,2026-07-05,1
ZROUSDT,2026-07-05,1
1000BONKUSDT,2026-07-06,1
1000PEPEUSDT,2026-07-06,1
AAVEUSDT,2026-07-06,1
ADAUSDT,2026-07-06,1
AEROUSDT,2026-07-06,1
ALGOUSDT,2026-07-06,1
ALLOUSDT,2026-07-06,1
APTUSDT,2026-07-06,1
ARBUSDT,2026-07-06,1
ASTERUSDT,2026-07-06,1
ATOMUSDT,2026-07-06,1
AVAXUSDT,2026-07-06,1
BCHUSDT,2026-07-06,1
BEATUSDT,2026-07-06,1
BIOUSDT,2026-07-06,1
BNBUSDT,2026-07-06,1
BSBUSDT,2026-07-06,1
CLOUSDT,2026-07-06,1
CRVUSDT,2026-07-06,1
DASHUSDT,2026-07-06,1
DOGEUSDT,2026-07-06,1
DOTUSDT,2026-07-06,1
DYDXUSDT,2026-07-06,1
EIGENUSDT,2026-07-06,1
ENAUSDT,2026-07-06,1
ESPORTSUSDT,2026-07-06,1
FARTCOINUSDT,2026-07-06,1
FILUSDT,2026-07-06,1
GALAUSDT,2026-07-06,1
GRASSUSDT,2026-07-06,1
GWEIUSDT,2026-07-06,1
HBARUSDT,2026-07-06,1
HEIUSDT,2026-07-06,1
HUSDT,2026-07-06,1
HYPEUSDT,2026-07-06,1
ICPUSDT,2026-07-06,1
IDUSDT,2026-07-06,1
INJUSDT,2026-07-06,1
JTOUSDT,2026-07-06,1
JUPUSDT,2026-07-06,1
LABUSDT,2026-07-06,1
LINKUSDT,2026-07-06,1
LITUSDT,2026-07-06,1
LTCUSDT,2026-07-06,1
MNTUSDT,2026-07-06,1
MUSDT,2026-07-06,1
MUUSDT,2026-07-06,1
NEARUSDT,2026-07-06,1
ONDOUSDT,2026-07-06,1
OPUSDT,2026-07-06,1
ORDIUSDT,2026-07-06,1
PAXGUSDT,2026-07-06,1
PENDLEUSDT,2026-07-06,1
PENGUUSDT,2026-07-06,1
POLUSDT,2026-07-06,1
PORTALUSDT,2026-07-06,1
PUMPFUNUSDT,2026-07-06,1
RAVEUSDT,2026-07-06,1
RENDERUSDT,2026-07-06,1
RESOLVUSDT,2026-07-06,1
SEIUSDT,2026-07-06,1
SHIB1000USDT,2026-07-06,1
SOLUSDT,2026-07-06,1
SPXUSDT,2026-07-06,1
STRKUSDT,2026-07-06,1
SUIUSDT,2026-07-06,1
TAOUSDT,2026-07-06,1
TIAUSDT,2026-07-06,1
TRUMPUSDT,2026-07-06,1
TRXUSDT,2026-07-06,1
UBUSDT,2026-07-06,1
UNIUSDT,2026-07-06,1
VELVETUSDT,2026-07-06,1
VIRTUALUSDT,2026-07-06,1
VVVUSDT,2026-07-06,1
WIFUSDT,2026-07-06,1
WLDUSDT,2026-07-06,1
WLFIUSDT,2026-07-06,1
XAGUSDT,2026-07-06,1
XAUTUSDT,2026-07-06,1
XLMUSDT,2026-07-06,1
XMRUSDT,2026-07-06,1
XPLUSDT,2026-07-06,1
XRPUSDT,2026-07-06,1
ZECUSDT,2026-07-06,1
ZROUSDT,2026-07-06,1
1000BONKUSDT,2026-07-07,1
1000PEPEUSDT,2026-07-07,1
AAVEUSDT,2026-07-07,1
ADAUSDT,2026-07-07,1
AEROUSDT,2026-07-07,1
ALGOUSDT,2026-07-07,1
ALLOUSDT,2026-07-07,1
APTUSDT,2026-07-07,1
ARBUSDT,2026-07-07,1
ASTERUSDT,2026-07-07,1
ATOMUSDT,2026-07-07,1
AVAXUSDT,2026-07-07,1
BCHUSDT,2026-07-07,1
BEATUSDT,2026-07-07,1
BIOUSDT,2026-07-07,1
BNBUSDT,2026-07-07,1
BSBUSDT,2026-07-07,1
CLOUSDT,2026-07-07,1
CRVUSDT,2026-07-07,1
DASHUSDT,2026-07-07,1
DOGEUSDT,2026-07-07,1
DOTUSDT,2026-07-07,1
DYDXUSDT,2026-07-07,1
EIGENUSDT,2026-07-07,1
ENAUSDT,2026-07-07,1
ESPORTSUSDT,2026-07-07,1
FARTCOINUSDT,2026-07-07,1
FILUSDT,2026-07-07,1
GALAUSDT,2026-07-07,1
GRASSUSDT,2026-07-07,1
GWEIUSDT,2026-07-07,1
HBARUSDT,2026-07-07,1
HEIUSDT,2026-07-07,1
HUSDT,2026-07-07,1
HYPEUSDT,2026-07-07,1
ICPUSDT,2026-07-07,1
IDUSDT,2026-07-07,1
INJUSDT,2026-07-07,1
JTOUSDT,2026-07-07,1
JUPUSDT,2026-07-07,1
LABUSDT,2026-07-07,1
LINKUSDT,2026-07-07,1
LITUSDT,2026-07-07,1
LTCUSDT,2026-07-07,1
MNTUSDT,2026-07-07,1
MUSDT,2026-07-07,1
MUUSDT,2026-07-07,1
NEARUSDT,2026-07-07,1
ONDOUSDT,2026-07-07,1
OPUSDT,2026-07-07,1
ORDIUSDT,2026-07-07,1
PAXGUSDT,2026-07-07,1
PENDLEUSDT,2026-07-07,1
PENGUUSDT,2026-07-07,1
POLUSDT,2026-07-07,1
PORTALUSDT,2026-07-07,1
PUMPFUNUSDT,2026-07-07,1
RAVEUSDT,2026-07-07,1
RENDERUSDT,2026-07-07,1
RESOLVUSDT,2026-07-07,1
SEIUSDT,2026-07-07,1
SHIB1000USDT,2026-07-07,1
SOLUSDT,2026-07-07,1
SPXUSDT,2026-07-07,1
STRKUSDT,2026-07-07,1
SUIUSDT,2026-07-07,1
TAIKOUSDT,2026-07-07,1
TAOUSDT,2026-07-07,1
TIAUSDT,2026-07-07,1
TRUMPUSDT,2026-07-07,1
TRXUSDT,2026-07-07,1
UBUSDT,2026-07-07,1
UNIUSDT,2026-07-07,1
VELVETUSDT,2026-07-07,1
VIRTUALUSDT,2026-07-07,1
VVVUSDT,2026-07-07,1
WIFUSDT,2026-07-07,1
WLDUSDT,2026-07-07,1
WLFIUSDT,2026-07-07,1
XAGUSDT,2026-07-07,1
XAUTUSDT,2026-07-07,1
XLMUSDT,2026-07-07,1
XMRUSDT,2026-07-07,1
XPLUSDT,2026-07-07,1
XRPUSDT,2026-07-07,1
ZECUSDT,2026-07-07,1
ZROUSDT,2026-07-07,1
1000BONKUSDT,2026-07-08,1
1000PEPEUSDT,2026-07-08,1
AAVEUSDT,2026-07-08,1
ADAUSDT,2026-07-08,1
AEROUSDT,2026-07-08,1
ALGOUSDT,2026-07-08,1
ALLOUSDT,2026-07-08,1
APTUSDT,2026-07-08,1
ARBUSDT,2026-07-08,1
ASTERUSDT,2026-07-08,1
ATOMUSDT,2026-07-08,1
AVAXUSDT,2026-07-08,1
BCHUSDT,2026-07-08,1
BEATUSDT,2026-07-08,1
BIOUSDT,2026-07-08,1
BNBUSDT,2026-07-08,1
BSBUSDT,2026-07-08,1
CLOUSDT,2026-07-08,1
CRVUSDT,2026-07-08,1
DASHUSDT,2026-07-08,1
DOGEUSDT,2026-07-08,1
DOTUSDT,2026-07-08,1
DYDXUSDT,2026-07-08,1
EIGENUSDT,2026-07-08,1
ENAUSDT,2026-07-08,1
ESPORTSUSDT,2026-07-08,1
FARTCOINUSDT,2026-07-08,1
FILUSDT,2026-07-08,1
GALAUSDT,2026-07-08,1
GRASSUSDT,2026-07-08,1
GWEIUSDT,2026-07-08,1
HBARUSDT,2026-07-08,1
HEIUSDT,2026-07-08,1
HUSDT,2026-07-08,1
HYPEUSDT,2026-07-08,1
ICPUSDT,2026-07-08,1
IDUSDT,2026-07-08,1
INJUSDT,2026-07-08,1
JTOUSDT,2026-07-08,1
JUPUSDT,2026-07-08,1
LABUSDT,2026-07-08,1
LINKUSDT,2026-07-08,1
LITUSDT,2026-07-08,1
LTCUSDT,2026-07-08,1
MNTUSDT,2026-07-08,1
MUSDT,2026-07-08,1
MUUSDT,2026-07-08,1
NEARUSDT,2026-07-08,1
ONDOUSDT,2026-07-08,1
OPUSDT,2026-07-08,1
ORDIUSDT,2026-07-08,1
PAXGUSDT,2026-07-08,1
PENDLEUSDT,2026-07-08,1
PENGUUSDT,2026-07-08,1
POLUSDT,2026-07-08,1
PORTALUSDT,2026-07-08,1
PUMPFUNUSDT,2026-07-08,1
RAVEUSDT,2026-07-08,1
RENDERUSDT,2026-07-08,1
RESOLVUSDT,2026-07-08,1
SEIUSDT,2026-07-08,1
SHIB1000USDT,2026-07-08,1
SOLUSDT,2026-07-08,1
SPXUSDT,2026-07-08,1
STRKUSDT,2026-07-08,1
SUIUSDT,2026-07-08,1
TAIKOUSDT,2026-07-08,1
TAOUSDT,2026-07-08,1
TIAUSDT,2026-07-08,1
TLMUSDT,2026-07-08,1
TRUMPUSDT,2026-07-08,1
TRXUSDT,2026-07-08,1
UBUSDT,2026-07-08,1
UNIUSDT,2026-07-08,1
VELVETUSDT,2026-07-08,1
VIRTUALUSDT,2026-07-08,1
VVVUSDT,2026-07-08,1
WIFUSDT,2026-07-08,1
WLDUSDT,2026-07-08,1
WLFIUSDT,2026-07-08,1
XAGUSDT,2026-07-08,1
XAUTUSDT,2026-07-08,1
XLMUSDT,2026-07-08,1
XMRUSDT,2026-07-08,1
XPLUSDT,2026-07-08,1
XRPUSDT,2026-07-08,1
ZECUSDT,2026-07-08,1
ZROUSDT,2026-07-08,1
1000BONKUSDT,2026-07-09,1
1000PEPEUSDT,2026-07-09,1
AAVEUSDT,2026-07-09,1
ADAUSDT,2026-07-09,1
AEROUSDT,2026-07-09,1
ALGOUSDT,2026-07-09,1
ALLOUSDT,2026-07-09,1
APTUSDT,2026-07-09,1
ARBUSDT,2026-07-09,1
ASTERUSDT,2026-07-09,1
ATOMUSDT,2026-07-09,1
AVAXUSDT,2026-07-09,1
BCHUSDT,2026-07-09,1
BEATUSDT,2026-07-09,1
BNBUSDT,2026-07-09,1
BSBUSDT,2026-07-09,1
CLOUSDT,2026-07-09,1
CRVUSDT,2026-07-09,1
DASHUSDT,2026-07-09,1
DOGEUSDT,2026-07-09,1
DOTUSDT,2026-07-09,1
DYDXUSDT,2026-07-09,1
EIGENUSDT,2026-07-09,1
ENAUSDT,2026-07-09,1
ESPORTSUSDT,2026-07-09,1
FARTCOINUSDT,2026-07-09,1
FILUSDT,2026-07-09,1
GALAUSDT,2026-07-09,1
GRASSUSDT,2026-07-09,1
GWEIUSDT,2026-07-09,1
HBARUSDT,2026-07-09,1
HEIUSDT,2026-07-09,1
HUSDT,2026-07-09,1
HYPEUSDT,2026-07-09,1
ICPUSDT,2026-07-09,1
IDUSDT,2026-07-09,1
INJUSDT,2026-07-09,1
JTOUSDT,2026-07-09,1
JUPUSDT,2026-07-09,1
LABUSDT,2026-07-09,1
LINKUSDT,2026-07-09,1
LITUSDT,2026-07-09,1
LTCUSDT,2026-07-09,1
MNTUSDT,2026-07-09,1
MUSDT,2026-07-09,1
MUUSDT,2026-07-09,1
NEARUSDT,2026-07-09,1
ONDOUSDT,2026-07-09,1
OPUSDT,2026-07-09,1
ORDIUSDT,2026-07-09,1
PAXGUSDT,2026-07-09,1
PENDLEUSDT,2026-07-09,1
PENGUUSDT,2026-07-09,1
POLUSDT,2026-07-09,1
PUMPFUNUSDT,2026-07-09,1
RAVEUSDT,2026-07-09,1
RENDERUSDT,2026-07-09,1
RESOLVUSDT,2026-07-09,1
SEIUSDT,2026-07-09,1
SHIB1000USDT,2026-07-09,1
SLXUSDT,2026-07-09,1
SOLUSDT,2026-07-09,1
SPXUSDT,2026-07-09,1
STRKUSDT,2026-07-09,1
SUIUSDT,2026-07-09,1
TAIKOUSDT,2026-07-09,1
TAOUSDT,2026-07-09,1
TIAUSDT,2026-07-09,1
TLMUSDT,2026-07-09,1
TRUMPUSDT,2026-07-09,1
TRXUSDT,2026-07-09,1
UNIUSDT,2026-07-09,1
VELVETUSDT,2026-07-09,1
VIRTUALUSDT,2026-07-09,1
VVVUSDT,2026-07-09,1
WIFUSDT,2026-07-09,1
WLDUSDT,2026-07-09,1
WLFIUSDT,2026-07-09,1
XAGUSDT,2026-07-09,1
XAUTUSDT,2026-07-09,1
XLMUSDT,2026-07-09,1
XMRUSDT,2026-07-09,1
XPLUSDT,2026-07-09,1
XRPUSDT,2026-07-09,1
ZECUSDT,2026-07-09,1
ZROUSDT,2026-07-09,1
1000BONKUSDT,2026-07-10,1
1000PEPEUSDT,2026-07-10,1
AAVEUSDT,2026-07-10,1
ADAUSDT,2026-07-10,1
AEROUSDT,2026-07-10,1
ALGOUSDT,2026-07-10,1
ALLOUSDT,2026-07-10,1
APTUSDT,2026-07-10,1
ARBUSDT,2026-07-10,1
ASTERUSDT,2026-07-10,1
ATOMUSDT,2026-07-10,1
AVAXUSDT,2026-07-10,1
BCHUSDT,2026-07-10,1
BEATUSDT,2026-07-10,1
BNBUSDT,2026-07-10,1
BSBUSDT,2026-07-10,1
CLOUSDT,2026-07-10,1
CRVUSDT,2026-07-10,1
DASHUSDT,2026-07-10,1
DOGEUSDT,2026-07-10,1
DOTUSDT,2026-07-10,1
DYDXUSDT,2026-07-10,1
EIGENUSDT,2026-07-10,1
ENAUSDT,2026-07-10,1
ESPORTSUSDT,2026-07-10,1
ETHFIUSDT,2026-07-10,1
FARTCOINUSDT,2026-07-10,1
FILUSDT,2026-07-10,1
GALAUSDT,2026-07-10,1
GRASSUSDT,2026-07-10,1
GWEIUSDT,2026-07-10,1
HBARUSDT,2026-07-10,1
HEIUSDT,2026-07-10,1
HMSTRUSDT,2026-07-10,1
HUSDT,2026-07-10,1
HYPEUSDT,2026-07-10,1
ICPUSDT,2026-07-10,1
IDUSDT,2026-07-10,1
INJUSDT,2026-07-10,1
JTOUSDT,2026-07-10,1
JUPUSDT,2026-07-10,1
LABUSDT,2026-07-10,1
LINKUSDT,2026-07-10,1
LITUSDT,2026-07-10,1
LTCUSDT,2026-07-10,1
MNTUSDT,2026-07-10,1
MUSDT,2026-07-10,1
MUUSDT,2026-07-10,1
NEARUSDT,2026-07-10,1
ONDOUSDT,2026-07-10,1
OPUSDT,2026-07-10,1
ORDIUSDT,2026-07-10,1
PAXGUSDT,2026-07-10,1
PENDLEUSDT,2026-07-10,1
PENGUUSDT,2026-07-10,1
POLUSDT,2026-07-10,1
PUMPFUNUSDT,2026-07-10,1
RAVEUSDT,2026-07-10,1
RENDERUSDT,2026-07-10,1
RESOLVUSDT,2026-07-10,1
SEIUSDT,2026-07-10,1
SHIB1000USDT,2026-07-10,1
SLXUSDT,2026-07-10,1
SOLUSDT,2026-07-10,1
SPXUSDT,2026-07-10,1
STRKUSDT,2026-07-10,1
SUIUSDT,2026-07-10,1
TAIKOUSDT,2026-07-10,1
TAOUSDT,2026-07-10,1
TIAUSDT,2026-07-10,1
TLMUSDT,2026-07-10,1
TRUMPUSDT,2026-07-10,1
TRXUSDT,2026-07-10,1
UNIUSDT,2026-07-10,1
VELVETUSDT,2026-07-10,1
VIRTUALUSDT,2026-07-10,1
VVVUSDT,2026-07-10,1
WIFUSDT,2026-07-10,1
WLDUSDT,2026-07-10,1
WLFIUSDT,2026-07-10,1
XAGUSDT,2026-07-10,1
XAUTUSDT,2026-07-10,1
XLMUSDT,2026-07-10,1
XMRUSDT,2026-07-10,1
XPLUSDT,2026-07-10,1
XRPUSDT,2026-07-10,1
ZECUSDT,2026-07-10,1
ZROUSDT,2026-07-10,1
1000BONKUSDT,2026-07-11,1
1000PEPEUSDT,2026-07-11,1
AAVEUSDT,2026-07-11,1
ADAUSDT,2026-07-11,1
AEROUSDT,2026-07-11,1
ALGOUSDT,2026-07-11,1
ALLOUSDT,2026-07-11,1
APTUSDT,2026-07-11,1
ARBUSDT,2026-07-11,1
ASTERUSDT,2026-07-11,1
ATOMUSDT,2026-07-11,1
AVAXUSDT,2026-07-11,1
BCHUSDT,2026-07-11,1
BEATUSDT,2026-07-11,1
BNBUSDT,2026-07-11,1
BSBUSDT,2026-07-11,1
CLOUSDT,2026-07-11,1
CRVUSDT,2026-07-11,1
DASHUSDT,2026-07-11,1
DOGEUSDT,2026-07-11,1
DOTUSDT,2026-07-11,1
DYDXUSDT,2026-07-11,1
EIGENUSDT,2026-07-11,1
ENAUSDT,2026-07-11,1
ESPORTSUSDT,2026-07-11,1
ETHFIUSDT,2026-07-11,1
FARTCOINUSDT,2026-07-11,1
FILUSDT,2026-07-11,1
GALAUSDT,2026-07-11,1
GRASSUSDT,2026-07-11,1
GWEIUSDT,2026-07-11,1
HBARUSDT,2026-07-11,1
HEIUSDT,2026-07-11,1
HMSTRUSDT,2026-07-11,1
HUSDT,2026-07-11,1
HYPEUSDT,2026-07-11,1
ICPUSDT,2026-07-11,1
IDUSDT,2026-07-11,1
INJUSDT,2026-07-11,1
JTOUSDT,2026-07-11,1
JUPUSDT,2026-07-11,1
LABUSDT,2026-07-11,1
LINKUSDT,2026-07-11,1
LITUSDT,2026-07-11,1
LTCUSDT,2026-07-11,1
MNTUSDT,2026-07-11,1
MSTRUSDT,2026-07-11,1
MUSDT,2026-07-11,1
MUUSDT,2026-07-11,1
NEARUSDT,2026-07-11,1
ONDOUSDT,2026-07-11,1
OPUSDT,2026-07-11,1
ORDIUSDT,2026-07-11,1
PAXGUSDT,2026-07-11,1
PENDLEUSDT,2026-07-11,1
PENGUUSDT,2026-07-11,1
POLUSDT,2026-07-11,1
PUMPFUNUSDT,2026-07-11,1
RAVEUSDT,2026-07-11,1
RENDERUSDT,2026-07-11,1
RESOLVUSDT,2026-07-11,1
SEIUSDT,2026-07-11,1
SHIB1000USDT,2026-07-11,1
SLXUSDT,2026-07-11,1
SOLUSDT,2026-07-11,1
SPXUSDT,2026-07-11,1
STRKUSDT,2026-07-11,1
SUIUSDT,2026-07-11,1
TAIKOUSDT,2026-07-11,1
TAOUSDT,2026-07-11,1
TIAUSDT,2026-07-11,1
TLMUSDT,2026-07-11,1
TRUMPUSDT,2026-07-11,1
TRXUSDT,2026-07-11,1
UNIUSDT,2026-07-11,1
VANRYUSDT,2026-07-11,1
VELVETUSDT,2026-07-11,1
VIRTUALUSDT,2026-07-11,1
VVVUSDT,2026-07-11,1
WIFUSDT,2026-07-11,1
WLDUSDT,2026-07-11,1
WLFIUSDT,2026-07-11,1
XAGUSDT,2026-07-11,1
XAUTUSDT,2026-07-11,1
XLMUSDT,2026-07-11,1
XMRUSDT,2026-07-11,1
XPLUSDT,2026-07-11,1
XRPUSDT,2026-07-11,1
ZECUSDT,2026-07-11,1
ZROUSDT,2026-07-11,1
1000BONKUSDT,2026-07-12,1
1000PEPEUSDT,2026-07-12,1
AAVEUSDT,2026-07-12,1
ADAUSDT,2026-07-12,1
AEROUSDT,2026-07-12,1
ALGOUSDT,2026-07-12,1
ALLOUSDT,2026-07-12,1
APTUSDT,2026-07-12,1
ARBUSDT,2026-07-12,1
ASTERUSDT,2026-07-12,1
ATOMUSDT,2026-07-12,1
AVAXUSDT,2026-07-12,1
BCHUSDT,2026-07-12,1
BEATUSDT,2026-07-12,1
BNBUSDT,2026-07-12,1
CLOUSDT,2026-07-12,1
CRVUSDT,2026-07-12,1
DASHUSDT,2026-07-12,1
DOGEUSDT,2026-07-12,1
DOTUSDT,2026-07-12,1
DYDXUSDT,2026-07-12,1
EIGENUSDT,2026-07-12,1
ENAUSDT,2026-07-12,1
ESPORTSUSDT,2026-07-12,1
ETHFIUSDT,2026-07-12,1
FARTCOINUSDT,2026-07-12,1
FILUSDT,2026-07-12,1
GALAUSDT,2026-07-12,1
GRASSUSDT,2026-07-12,1
GWEIUSDT,2026-07-12,1
HBARUSDT,2026-07-12,1
HMSTRUSDT,2026-07-12,1
HUSDT,2026-07-12,1
HYPEUSDT,2026-07-12,1
ICPUSDT,2026-07-12,1
IDUSDT,2026-07-12,1
INJUSDT,2026-07-12,1
JTOUSDT,2026-07-12,1
JUPUSDT,2026-07-12,1
LABUSDT,2026-07-12,1
LINKUSDT,2026-07-12,1
LITUSDT,2026-07-12,1
LTCUSDT,2026-07-12,1
MNTUSDT,2026-07-12,1
MSTRUSDT,2026-07-12,1
MUSDT,2026-07-12,1
MUUSDT,2026-07-12,1
NEARUSDT,2026-07-12,1
ONDOUSDT,2026-07-12,1
OPUSDT,2026-07-12,1
ORDIUSDT,2026-07-12,1
PAXGUSDT,2026-07-12,1
PENDLEUSDT,2026-07-12,1
PENGUUSDT,2026-07-12,1
POLUSDT,2026-07-12,1
PUMPFUNUSDT,2026-07-12,1
RAVEUSDT,2026-07-12,1
RENDERUSDT,2026-07-12,1
RESOLVUSDT,2026-07-12,1
SEIUSDT,2026-07-12,1
SHIB1000USDT,2026-07-12,1
SLXUSDT,2026-07-12,1
SOLUSDT,2026-07-12,1
SPXUSDT,2026-07-12,1
STRKUSDT,2026-07-12,1
SUIUSDT,2026-07-12,1
TAIKOUSDT,2026-07-12,1
TAOUSDT,2026-07-12,1
TIAUSDT,2026-07-12,1
TLMUSDT,2026-07-12,1
TRUMPUSDT,2026-07-12,1
TRXUSDT,2026-07-12,1
UNIUSDT,2026-07-12,1
VANRYUSDT,2026-07-12,1
VELVETUSDT,2026-07-12,1
VIRTUALUSDT,2026-07-12,1
VVVUSDT,2026-07-12,1
WIFUSDT,2026-07-12,1
WLDUSDT,2026-07-12,1
WLFIUSDT,2026-07-12,1
XAGUSDT,2026-07-12,1
XAUTUSDT,2026-07-12,1
XLMUSDT,2026-07-12,1
XMRUSDT,2026-07-12,1
XPLUSDT,2026-07-12,1
XRPUSDT,2026-07-12,1
ZECUSDT,2026-07-12,1
ZROUSDT,2026-07-12,1
1000BONKUSDT,2026-07-13,1
1000PEPEUSDT,2026-07-13,1
AAVEUSDT,2026-07-13,1
ADAUSDT,2026-07-13,1
AEROUSDT,2026-07-13,1
ALGOUSDT,2026-07-13,1
ALLOUSDT,2026-07-13,1
APTUSDT,2026-07-13,1
ARBUSDT,2026-07-13,1
ASTERUSDT,2026-07-13,1
ATOMUSDT,2026-07-13,1
AVAXUSDT,2026-07-13,1
BCHUSDT,2026-07-13,1
BEATUSDT,2026-07-13,1
BNBUSDT,2026-07-13,1
CLOUSDT,2026-07-13,1
CRVUSDT,2026-07-13,1
DASHUSDT,2026-07-13,1
DEXEUSDT,2026-07-13,1
DOGEUSDT,2026-07-13,1
DOTUSDT,2026-07-13,1
DYDXUSDT,2026-07-13,1
EIGENUSDT,2026-07-13,1
ENAUSDT,2026-07-13,1
ESPORTSUSDT,2026-07-13,1
ETHFIUSDT,2026-07-13,1
FARTCOINUSDT,2026-07-13,1
FILUSDT,2026-07-13,1
GALAUSDT,2026-07-13,1
GRASSUSDT,2026-07-13,1
GWEIUSDT,2026-07-13,1
HBARUSDT,2026-07-13,1
HMSTRUSDT,2026-07-13,1
HUSDT,2026-07-13,1
HYPEUSDT,2026-07-13,1
ICPUSDT,2026-07-13,1
IDUSDT,2026-07-13,1
INJUSDT,2026-07-13,1
JTOUSDT,2026-07-13,1
JUPUSDT,2026-07-13,1
LABUSDT,2026-07-13,1
LDOUSDT,2026-07-13,1
LINKUSDT,2026-07-13,1
LITUSDT,2026-07-13,1
LTCUSDT,2026-07-13,1
MNTUSDT,2026-07-13,1
MSTRUSDT,2026-07-13,1
MUSDT,2026-07-13,1
MUUSDT,2026-07-13,1
NEARUSDT,2026-07-13,1
ONDOUSDT,2026-07-13,1
OPUSDT,2026-07-13,1
ORDIUSDT,2026-07-13,1
PAXGUSDT,2026-07-13,1
PENDLEUSDT,2026-07-13,1
PENGUUSDT,2026-07-13,1
POLUSDT,2026-07-13,1
PUMPFUNUSDT,2026-07-13,1
RAVEUSDT,2026-07-13,1
RENDERUSDT,2026-07-13,1
RESOLVUSDT,2026-07-13,1
SEIUSDT,2026-07-13,1
SHIB1000USDT,2026-07-13,1
SKHYNIXUSDT,2026-07-13,1
SLXUSDT,2026-07-13,1
SOLUSDT,2026-07-13,1
SPXUSDT,2026-07-13,1
STRKUSDT,2026-07-13,1
SUIUSDT,2026-07-13,1
TAIKOUSDT,2026-07-13,1
TAOUSDT,2026-07-13,1
TIAUSDT,2026-07-13,1
TLMUSDT,2026-07-13,1
TRIAUSDT,2026-07-13,1
TRUMPUSDT,2026-07-13,1
TRXUSDT,2026-07-13,1
UNIUSDT,2026-07-13,1
VANRYUSDT,2026-07-13,1
VELVETUSDT,2026-07-13,1
VIRTUALUSDT,2026-07-13,1
VVVUSDT,2026-07-13,1
WIFUSDT,2026-07-13,1
WLDUSDT,2026-07-13,1
WLFIUSDT,2026-07-13,1
XAGUSDT,2026-07-13,1
XAUTUSDT,2026-07-13,1
XLMUSDT,2026-07-13,1
XMRUSDT,2026-07-13,1
XPLUSDT,2026-07-13,1
XRPUSDT,2026-07-13,1
ZECUSDT,2026-07-13,1
ZROUSDT,2026-07-13,1
1000BONKUSDT,2026-07-14,1
1000PEPEUSDT,2026-07-14,1
AAVEUSDT,2026-07-14,1
ADAUSDT,2026-07-14,1
AEROUSDT,2026-07-14,1
ALGOUSDT,2026-07-14,1
ALLOUSDT,2026-07-14,1
APTUSDT,2026-07-14,1
ARBUSDT,2026-07-14,1
ASTERUSDT,2026-07-14,1
ATOMUSDT,2026-07-14,1
AVAXUSDT,2026-07-14,1
BCHUSDT,2026-07-14,1
BEATUSDT,2026-07-14,1
BNBUSDT,2026-07-14,1
CLOUSDT,2026-07-14,1
CRVUSDT,2026-07-14,1
DASHUSDT,2026-07-14,1
DEXEUSDT,2026-07-14,1
DOGEUSDT,2026-07-14,1
DOTUSDT,2026-07-14,1
DYDXUSDT,2026-07-14,1
EDGEUSDT,2026-07-14,1
EIGENUSDT,2026-07-14,1
ENAUSDT,2026-07-14,1
ESPORTSUSDT,2026-07-14,1
ETHFIUSDT,2026-07-14,1
EVAAUSDT,2026-07-14,1
FARTCOINUSDT,2026-07-14,1
FILUSDT,2026-07-14,1
GALAUSDT,2026-07-14,1
GRASSUSDT,2026-07-14,1
GWEIUSDT,2026-07-14,1
HBARUSDT,2026-07-14,1
HMSTRUSDT,2026-07-14,1
HUSDT,2026-07-14,1
HYPEUSDT,2026-07-14,1
ICPUSDT,2026-07-14,1
IDUSDT,2026-07-14,1
INJUSDT,2026-07-14,1
JTOUSDT,2026-07-14,1
JUPUSDT,2026-07-14,1
LABUSDT,2026-07-14,1
LDOUSDT,2026-07-14,1
LINKUSDT,2026-07-14,1
LITUSDT,2026-07-14,1
LTCUSDT,2026-07-14,1
MNTUSDT,2026-07-14,1
MSTRUSDT,2026-07-14,1
MUSDT,2026-07-14,1
MUUSDT,2026-07-14,1
NEARUSDT,2026-07-14,1
ONDOUSDT,2026-07-14,1
OPUSDT,2026-07-14,1
ORDIUSDT,2026-07-14,1
PAXGUSDT,2026-07-14,1
PENDLEUSDT,2026-07-14,1
PENGUUSDT,2026-07-14,1
POLUSDT,2026-07-14,1
PUMPFUNUSDT,2026-07-14,1
RAVEUSDT,2026-07-14,1
RENDERUSDT,2026-07-14,1
SEIUSDT,2026-07-14,1
SHIB1000USDT,2026-07-14,1
SKHYNIXUSDT,2026-07-14,1
SLXUSDT,2026-07-14,1
SOLUSDT,2026-07-14,1
SPXUSDT,2026-07-14,1
STRKUSDT,2026-07-14,1
SUIUSDT,2026-07-14,1
TAIKOUSDT,2026-07-14,1
TAOUSDT,2026-07-14,1
TIAUSDT,2026-07-14,1
TLMUSDT,2026-07-14,1
TRIAUSDT,2026-07-14,1
TRUMPUSDT,2026-07-14,1
TRXUSDT,2026-07-14,1
UNIUSDT,2026-07-14,1
VANRYUSDT,2026-07-14,1
VELVETUSDT,2026-07-14,1
VIRTUALUSDT,2026-07-14,1
VVVUSDT,2026-07-14,1
WIFUSDT,2026-07-14,1
WLDUSDT,2026-07-14,1
WLFIUSDT,2026-07-14,1
XAGUSDT,2026-07-14,1
XAUTUSDT,2026-07-14,1
XLMUSDT,2026-07-14,1
XMRUSDT,2026-07-14,1
XPLUSDT,2026-07-14,1
XRPUSDT,2026-07-14,1
ZECUSDT,2026-07-14,1
ZROUSDT,2026-07-14,1
1000BONKUSDT,2026-07-15,1
1000PEPEUSDT,2026-07-15,1
AAVEUSDT,2026-07-15,1
ADAUSDT,2026-07-15,1
AEROUSDT,2026-07-15,1
ALGOUSDT,2026-07-15,1
ALLOUSDT,2026-07-15,1
APTUSDT,2026-07-15,1
ARBUSDT,2026-07-15,1
ASTERUSDT,2026-07-15,1
ATOMUSDT,2026-07-15,1
AVAXUSDT,2026-07-15,1
BCHUSDT,2026-07-15,1
BEATUSDT,2026-07-15,1
BNBUSDT,2026-07-15,1
CLOUSDT,2026-07-15,1
CRVUSDT,2026-07-15,1
DASHUSDT,2026-07-15,1
DEXEUSDT,2026-07-15,1
DOGEUSDT,2026-07-15,1
DOTUSDT,2026-07-15,1
DYDXUSDT,2026-07-15,1
EDGEUSDT,2026-07-15,1
EIGENUSDT,2026-07-15,1
ENAUSDT,2026-07-15,1
ESPORTSUSDT,2026-07-15,1
ETHFIUSDT,2026-07-15,1
EVAAUSDT,2026-07-15,1
FARTCOINUSDT,2026-07-15,1
FILUSDT,2026-07-15,1
GALAUSDT,2026-07-15,1
GRASSUSDT,2026-07-15,1
GWEIUSDT,2026-07-15,1
HBARUSDT,2026-07-15,1
HMSTRUSDT,2026-07-15,1
HUSDT,2026-07-15,1
HYPEUSDT,2026-07-15,1
ICPUSDT,2026-07-15,1
IDUSDT,2026-07-15,1
INJUSDT,2026-07-15,1
JTOUSDT,2026-07-15,1
JUPUSDT,2026-07-15,1
KAITOUSDT,2026-07-15,1
LABUSDT,2026-07-15,1
LDOUSDT,2026-07-15,1
LINKUSDT,2026-07-15,1
LITUSDT,2026-07-15,1
LTCUSDT,2026-07-15,1
MNTUSDT,2026-07-15,1
MSTRUSDT,2026-07-15,1
MUSDT,2026-07-15,1
MUUSDT,2026-07-15,1
NEARUSDT,2026-07-15,1
ONDOUSDT,2026-07-15,1
OPUSDT,2026-07-15,1
ORDIUSDT,2026-07-15,1
PAXGUSDT,2026-07-15,1
PENDLEUSDT,2026-07-15,1
PENGUUSDT,2026-07-15,1
POLUSDT,2026-07-15,1
PUMPFUNUSDT,2026-07-15,1
RENDERUSDT,2026-07-15,1
SEIUSDT,2026-07-15,1
SHIB1000USDT,2026-07-15,1
SKHYNIXUSDT,2026-07-15,1
SLXUSDT,2026-07-15,1
SOLUSDT,2026-07-15,1
SPXUSDT,2026-07-15,1
STRKUSDT,2026-07-15,1
SUIUSDT,2026-07-15,1
TAIKOUSDT,2026-07-15,1
TAOUSDT,2026-07-15,1
TIAUSDT,2026-07-15,1
TLMUSDT,2026-07-15,1
TRIAUSDT,2026-07-15,1
TRUMPUSDT,2026-07-15,1
TRXUSDT,2026-07-15,1
UNIUSDT,2026-07-15,1
VANRYUSDT,2026-07-15,1
VELVETUSDT,2026-07-15,1
VIRTUALUSDT,2026-07-15,1
VVVUSDT,2026-07-15,1
WIFUSDT,2026-07-15,1
WLDUSDT,2026-07-15,1
WLFIUSDT,2026-07-15,1
XAGUSDT,2026-07-15,1
XAUTUSDT,2026-07-15,1
XLMUSDT,2026-07-15,1
XMRUSDT,2026-07-15,1
XPLUSDT,2026-07-15,1
XRPUSDT,2026-07-15,1
ZECUSDT,2026-07-15,1
ZROUSDT,2026-07-15,1
1000BONKUSDT,2026-07-16,1
1000PEPEUSDT,2026-07-16,1
AAVEUSDT,2026-07-16,1
ADAUSDT,2026-07-16,1
AEROUSDT,2026-07-16,1
ALGOUSDT,2026-07-16,1
ALLOUSDT,2026-07-16,1
APTUSDT,2026-07-16,1
ARBUSDT,2026-07-16,1
ASTERUSDT,2026-07-16,1
ATOMUSDT,2026-07-16,1
AVAXUSDT,2026-07-16,1
BCHUSDT,2026-07-16,1
BEATUSDT,2026-07-16,1
BNBUSDT,2026-07-16,1
CLOUSDT,2026-07-16,1
CRVUSDT,2026-07-16,1
DASHUSDT,2026-07-16,1
DEXEUSDT,2026-07-16,1
DOGEUSDT,2026-07-16,1
DOTUSDT,2026-07-16,1
DYDXUSDT,2026-07-16,1
EDGEUSDT,2026-07-16,1
EIGENUSDT,2026-07-16,1
ENAUSDT,2026-07-16,1
ESPORTSUSDT,2026-07-16,1
ETHFIUSDT,2026-07-16,1
EVAAUSDT,2026-07-16,1
FARTCOINUSDT,2026-07-16,1
FILUSDT,2026-07-16,1
GALAUSDT,2026-07-16,1
GRASSUSDT,2026-07-16,1
GWEIUSDT,2026-07-16,1
HBARUSDT,2026-07-16,1
HMSTRUSDT,2026-07-16,1
HUSDT,2026-07-16,1
HYPEUSDT,2026-07-16,1
ICPUSDT,2026-07-16,1
INJUSDT,2026-07-16,1
JTOUSDT,2026-07-16,1
JUPUSDT,2026-07-16,1
KAITOUSDT,2026-07-16,1
LABUSDT,2026-07-16,1
LDOUSDT,2026-07-16,1
LINKUSDT,2026-07-16,1
LITUSDT,2026-07-16,1
LTCUSDT,2026-07-16,1
MNTUSDT,2026-07-16,1
MSTRUSDT,2026-07-16,1
MUSDT,2026-07-16,1
MUUSDT,2026-07-16,1
NEARUSDT,2026-07-16,1
ONDOUSDT,2026-07-16,1
OPUSDT,2026-07-16,1
ORDIUSDT,2026-07-16,1
PAXGUSDT,2026-07-16,1
PENDLEUSDT,2026-07-16,1
PENGUUSDT,2026-07-16,1
POLUSDT,2026-07-16,1
PUMPFUNUSDT,2026-07-16,1
RENDERUSDT,2026-07-16,1
SEIUSDT,2026-07-16,1
SHIB1000USDT,2026-07-16,1
SKHYNIXUSDT,2026-07-16,1
SLXUSDT,2026-07-16,1
SOLUSDT,2026-07-16,1
SPXUSDT,2026-07-16,1
STRKUSDT,2026-07-16,1
SUIUSDT,2026-07-16,1
TAIKOUSDT,2026-07-16,1
TAOUSDT,2026-07-16,1
TIAUSDT,2026-07-16,1
TLMUSDT,2026-07-16,1
TRIAUSDT,2026-07-16,1
TRUMPUSDT,2026-07-16,1
TRXUSDT,2026-07-16,1
UNIUSDT,2026-07-16,1
USUSDT,2026-07-16,1
VANRYUSDT,2026-07-16,1
VELVETUSDT,2026-07-16,1
VIRTUALUSDT,2026-07-16,1
VVVUSDT,2026-07-16,1
WIFUSDT,2026-07-16,1
WLDUSDT,2026-07-16,1
WLFIUSDT,2026-07-16,1
XAGUSDT,2026-07-16,1
XAUTUSDT,2026-07-16,1
XLMUSDT,2026-07-16,1
XMRUSDT,2026-07-16,1
XPLUSDT,2026-07-16,1
XRPUSDT,2026-07-16,1
ZECUSDT,2026-07-16,1
ZROUSDT,2026-07-16,1
1000BONKUSDT,2026-07-17,1
1000PEPEUSDT,2026-07-17,1
AAVEUSDT,2026-07-17,1
ADAUSDT,2026-07-17,1
AEROUSDT,2026-07-17,1
ALGOUSDT,2026-07-17,1
ALLOUSDT,2026-07-17,1
APTUSDT,2026-07-17,1
ARBUSDT,2026-07-17,1
ASTERUSDT,2026-07-17,1
ATOMUSDT,2026-07-17,1
AVAXUSDT,2026-07-17,1
BCHUSDT,2026-07-17,1
BEATUSDT,2026-07-17,1
BNBUSDT,2026-07-17,1
CLOUSDT,2026-07-17,1
CRVUSDT,2026-07-17,1
DASHUSDT,2026-07-17,1
DEXEUSDT,2026-07-17,1
DOGEUSDT,2026-07-17,1
DOTUSDT,2026-07-17,1
EDGEUSDT,2026-07-17,1
EIGENUSDT,2026-07-17,1
ENAUSDT,2026-07-17,1
ESPORTSUSDT,2026-07-17,1
ETHFIUSDT,2026-07-17,1
EVAAUSDT,2026-07-17,1
FARTCOINUSDT,2026-07-17,1
FILUSDT,2026-07-17,1
GALAUSDT,2026-07-17,1
GRASSUSDT,2026-07-17,1
GWEIUSDT,2026-07-17,1
HBARUSDT,2026-07-17,1
HMSTRUSDT,2026-07-17,1
HUSDT,2026-07-17,1
HYPEUSDT,2026-07-17,1
ICPUSDT,2026-07-17,1
INJUSDT,2026-07-17,1
JTOUSDT,2026-07-17,1
JUPUSDT,2026-07-17,1
KAITOUSDT,2026-07-17,1
LABUSDT,2026-07-17,1
LDOUSDT,2026-07-17,1
LINKUSDT,2026-07-17,1
LITUSDT,2026-07-17,1
LTCUSDT,2026-07-17,1
MNTUSDT,2026-07-17,1
MSTRUSDT,2026-07-17,1
MUSDT,2026-07-17,1
MUUSDT,2026-07-17,1
NEARUSDT,2026-07-17,1
ONDOUSDT,2026-07-17,1
OPUSDT,2026-07-17,1
ORDIUSDT,2026-07-17,1
PAXGUSDT,2026-07-17,1
PENGUUSDT,2026-07-17,1
POLUSDT,2026-07-17,1
PUMPFUNUSDT,2026-07-17,1
RENDERUSDT,2026-07-17,1
SEIUSDT,2026-07-17,1
SHIB1000USDT,2026-07-17,1
SKHYNIXUSDT,2026-07-17,1
SLXUSDT,2026-07-17,1
SOLUSDT,2026-07-17,1
SPXUSDT,2026-07-17,1
STRKUSDT,2026-07-17,1
SUIUSDT,2026-07-17,1
TAIKOUSDT,2026-07-17,1
TAOUSDT,2026-07-17,1
TIAUSDT,2026-07-17,1
TLMUSDT,2026-07-17,1
TRIAUSDT,2026-07-17,1
TRUMPUSDT,2026-07-17,1
TRXUSDT,2026-07-17,1
UNIUSDT,2026-07-17,1
USUSDT,2026-07-17,1
VANRYUSDT,2026-07-17,1
VELVETUSDT,2026-07-17,1
VIRTUALUSDT,2026-07-17,1
VVVUSDT,2026-07-17,1
WIFUSDT,2026-07-17,1
WLDUSDT,2026-07-17,1
WLFIUSDT,2026-07-17,1
XAGUSDT,2026-07-17,1
XAUTUSDT,2026-07-17,1
XLMUSDT,2026-07-17,1
XMRUSDT,2026-07-17,1
XPLUSDT,2026-07-17,1
XRPUSDT,2026-07-17,1
ZECUSDT,2026-07-17,1
ZROUSDT,2026-07-17,1
1000BONKUSDT,2026-07-18,1
1000PEPEUSDT,2026-07-18,1
AAVEUSDT,2026-07-18,1
ADAUSDT,2026-07-18,1
AEROUSDT,2026-07-18,1
ALGOUSDT,2026-07-18,1
ALLOUSDT,2026-07-18,1
APTUSDT,2026-07-18,1
ARBUSDT,2026-07-18,1
ASTERUSDT,2026-07-18,1
ATOMUSDT,2026-07-18,1
AVAXUSDT,2026-07-18,1
BCHUSDT,2026-07-18,1
BEATUSDT,2026-07-18,1
BNBUSDT,2026-07-18,1
CLOUSDT,2026-07-18,1
CRVUSDT,2026-07-18,1
DASHUSDT,2026-07-18,1
DEXEUSDT,2026-07-18,1
DOGEUSDT,2026-07-18,1
DOTUSDT,2026-07-18,1
EDGEUSDT,2026-07-18,1
EIGENUSDT,2026-07-18,1
ENAUSDT,2026-07-18,1
ESPORTSUSDT,2026-07-18,1
ETHFIUSDT,2026-07-18,1
EVAAUSDT,2026-07-18,1
FARTCOINUSDT,2026-07-18,1
FILUSDT,2026-07-18,1
GALAUSDT,2026-07-18,1
GRASSUSDT,2026-07-18,1
GWEIUSDT,2026-07-18,1
HBARUSDT,2026-07-18,1
HMSTRUSDT,2026-07-18,1
HUSDT,2026-07-18,1
HYPEUSDT,2026-07-18,1
ICPUSDT,2026-07-18,1
INJUSDT,2026-07-18,1
JTOUSDT,2026-07-18,1
JUPUSDT,2026-07-18,1
KAITOUSDT,2026-07-18,1
LABUSDT,2026-07-18,1
LDOUSDT,2026-07-18,1
LINKUSDT,2026-07-18,1
LITUSDT,2026-07-18,1
LTCUSDT,2026-07-18,1
MNTUSDT,2026-07-18,1
MSTRUSDT,2026-07-18,1
MUSDT,2026-07-18,1
MUUSDT,2026-07-18,1
NEARUSDT,2026-07-18,1
ONDOUSDT,2026-07-18,1
OPUSDT,2026-07-18,1
ORDIUSDT,2026-07-18,1
PAXGUSDT,2026-07-18,1
PENGUUSDT,2026-07-18,1
POLUSDT,2026-07-18,1
PUMPFUNUSDT,2026-07-18,1
RENDERUSDT,2026-07-18,1
SEIUSDT,2026-07-18,1
SHIB1000USDT,2026-07-18,1
SKHYNIXUSDT,2026-07-18,1
SLXUSDT,2026-07-18,1
SOLUSDT,2026-07-18,1
SPXUSDT,2026-07-18,1
STRKUSDT,2026-07-18,1
SUIUSDT,2026-07-18,1
TAOUSDT,2026-07-18,1
TIAUSDT,2026-07-18,1
TLMUSDT,2026-07-18,1
TRIAUSDT,2026-07-18,1
TRUMPUSDT,2026-07-18,1
TRXUSDT,2026-07-18,1
TUSDT,2026-07-18,1
UNIUSDT,2026-07-18,1
USUSDT,2026-07-18,1
VANRYUSDT,2026-07-18,1
VELVETUSDT,2026-07-18,1
VIRTUALUSDT,2026-07-18,1
VVVUSDT,2026-07-18,1
WIFUSDT,2026-07-18,1
WLDUSDT,2026-07-18,1
WLFIUSDT,2026-07-18,1
XAGUSDT,2026-07-18,1
XAUTUSDT,2026-07-18,1
XLMUSDT,2026-07-18,1
XMRUSDT,2026-07-18,1
XPLUSDT,2026-07-18,1
XRPUSDT,2026-07-18,1
ZECUSDT,2026-07-18,1
ZROUSDT,2026-07-18,1
1000BONKUSDT,2026-07-19,1
1000PEPEUSDT,2026-07-19,1
AAVEUSDT,2026-07-19,1
ADAUSDT,2026-07-19,1
AEROUSDT,2026-07-19,1
ALGOUSDT,2026-07-19,1
ALLOUSDT,2026-07-19,1
APTUSDT,2026-07-19,1
ARBUSDT,2026-07-19,1
ASTERUSDT,2026-07-19,1
ATOMUSDT,2026-07-19,1
AVAXUSDT,2026-07-19,1
BCHUSDT,2026-07-19,1
BEATUSDT,2026-07-19,1
BILLUSDT,2026-07-19,1
BNBUSDT,2026-07-19,1
CLOUSDT,2026-07-19,1
CRVUSDT,2026-07-19,1
DASHUSDT,2026-07-19,1
DEXEUSDT,2026-07-19,1
DOGEUSDT,2026-07-19,1
DOTUSDT,2026-07-19,1
EDGEUSDT,2026-07-19,1
EIGENUSDT,2026-07-19,1
ENAUSDT,2026-07-19,1
ESPORTSUSDT,2026-07-19,1
ETHFIUSDT,2026-07-19,1
EVAAUSDT,2026-07-19,1
FARTCOINUSDT,2026-07-19,1
FILUSDT,2026-07-19,1
GALAUSDT,2026-07-19,1
GRASSUSDT,2026-07-19,1
GWEIUSDT,2026-07-19,1
HBARUSDT,2026-07-19,1
HMSTRUSDT,2026-07-19,1
HUSDT,2026-07-19,1
HYPEUSDT,2026-07-19,1
ICPUSDT,2026-07-19,1
INJUSDT,2026-07-19,1
JTOUSDT,2026-07-19,1
JUPUSDT,2026-07-19,1
KAITOUSDT,2026-07-19,1
LABUSDT,2026-07-19,1
LDOUSDT,2026-07-19,1
LINKUSDT,2026-07-19,1
LITUSDT,2026-07-19,1
LTCUSDT,2026-07-19,1
MNTUSDT,2026-07-19,1
MSTRUSDT,2026-07-19,1
MUSDT,2026-07-19,1
MUUSDT,2026-07-19,1
NEARUSDT,2026-07-19,1
ONDOUSDT,2026-07-19,1
OPUSDT,2026-07-19,1
ORDIUSDT,2026-07-19,1
PAXGUSDT,2026-07-19,1
PENGUUSDT,2026-07-19,1
POLUSDT,2026-07-19,1
PUMPFUNUSDT,2026-07-19,1
RENDERUSDT,2026-07-19,1
SEIUSDT,2026-07-19,1
SHIB1000USDT,2026-07-19,1
SKHYNIXUSDT,2026-07-19,1
SLXUSDT,2026-07-19,1
SOLUSDT,2026-07-19,1
SPXUSDT,2026-07-19,1
STRKUSDT,2026-07-19,1
SUIUSDT,2026-07-19,1
TAOUSDT,2026-07-19,1
TIAUSDT,2026-07-19,1
TLMUSDT,2026-07-19,1
TRIAUSDT,2026-07-19,1
TRUMPUSDT,2026-07-19,1
TRXUSDT,2026-07-19,1
TUSDT,2026-07-19,1
UNIUSDT,2026-07-19,1
USUSDT,2026-07-19,1
VANRYUSDT,2026-07-19,1
VELVETUSDT,2026-07-19,1
VIRTUALUSDT,2026-07-19,1
VVVUSDT,2026-07-19,1
WIFUSDT,2026-07-19,1
WLDUSDT,2026-07-19,1
WLFIUSDT,2026-07-19,1
XAGUSDT,2026-07-19,1
XAUTUSDT,2026-07-19,1
XLMUSDT,2026-07-19,1
XMRUSDT,2026-07-19,1
XPLUSDT,2026-07-19,1
XRPUSDT,2026-07-19,1
ZECUSDT,2026-07-19,1
ZROUSDT,2026-07-19,1
1000BONKUSDT,2026-07-20,1
1000PEPEUSDT,2026-07-20,1
AAVEUSDT,2026-07-20,1
ADAUSDT,2026-07-20,1
AEROUSDT,2026-07-20,1
ALGOUSDT,2026-07-20,1
ALLOUSDT,2026-07-20,1
APTUSDT,2026-07-20,1
ARBUSDT,2026-07-20,1
ASTERUSDT,2026-07-20,1
ATOMUSDT,2026-07-20,1
AVAXUSDT,2026-07-20,1
BCHUSDT,2026-07-20,1
BEATUSDT,2026-07-20,1
BILLUSDT,2026-07-20,1
BNBUSDT,2026-07-20,1
CLOUSDT,2026-07-20,1
CRVUSDT,2026-07-20,1
DASHUSDT,2026-07-20,1
DEXEUSDT,2026-07-20,1
DOGEUSDT,2026-07-20,1
DOTUSDT,2026-07-20,1
EDGEUSDT,2026-07-20,1
EIGENUSDT,2026-07-20,1
ENAUSDT,2026-07-20,1
ESPORTSUSDT,2026-07-20,1
ETHFIUSDT,2026-07-20,1
EVAAUSDT,2026-07-20,1
FARTCOINUSDT,2026-07-20,1
FILUSDT,2026-07-20,1
GALAUSDT,2026-07-20,1
GRASSUSDT,2026-07-20,1
GWEIUSDT,2026-07-20,1
HBARUSDT,2026-07-20,1
HUSDT,2026-07-20,1
HYPEUSDT,2026-07-20,1
ICPUSDT,2026-07-20,1
INJUSDT,2026-07-20,1
JTOUSDT,2026-07-20,1
JUPUSDT,2026-07-20,1
KAITOUSDT,2026-07-20,1
LABUSDT,2026-07-20,1
LDOUSDT,2026-07-20,1
LINKUSDT,2026-07-20,1
LITUSDT,2026-07-20,1
LTCUSDT,2026-07-20,1
MNTUSDT,2026-07-20,1
MSTRUSDT,2026-07-20,1
MUSDT,2026-07-20,1
MUUSDT,2026-07-20,1
NEARUSDT,2026-07-20,1
ONDOUSDT,2026-07-20,1
OPUSDT,2026-07-20,1
ORDIUSDT,2026-07-20,1
PAXGUSDT,2026-07-20,1
PENGUUSDT,2026-07-20,1
POLUSDT,2026-07-20,1
PUMPFUNUSDT,2026-07-20,1
RENDERUSDT,2026-07-20,1
SEIUSDT,2026-07-20,1
SHIB1000USDT,2026-07-20,1
SKHYNIXUSDT,2026-07-20,1
SLXUSDT,2026-07-20,1
SOLUSDT,2026-07-20,1
SPXUSDT,2026-07-20,1
STRKUSDT,2026-07-20,1
SUIUSDT,2026-07-20,1
TAOUSDT,2026-07-20,1
TIAUSDT,2026-07-20,1
TLMUSDT,2026-07-20,1
TRIAUSDT,2026-07-20,1
TRUMPUSDT,2026-07-20,1
TRXUSDT,2026-07-20,1
TUSDT,2026-07-20,1
UNIUSDT,2026-07-20,1
USUSDT,2026-07-20,1
VANRYUSDT,2026-07-20,1
VELVETUSDT,2026-07-20,1
VIRTUALUSDT,2026-07-20,1
VVVUSDT,2026-07-20,1
WIFUSDT,2026-07-20,1
WLDUSDT,2026-07-20,1
WLFIUSDT,2026-07-20,1
XAGUSDT,2026-07-20,1
XAUTUSDT,2026-07-20,1
XLMUSDT,2026-07-20,1
XMRUSDT,2026-07-20,1
XPLUSDT,2026-07-20,1
XRPUSDT,2026-07-20,1
ZECUSDT,2026-07-20,1
ZROUSDT,2026-07-20,1
1000BONKUSDT,2026-07-21,1
1000PEPEUSDT,2026-07-21,1
AAVEUSDT,2026-07-21,1
ADAUSDT,2026-07-21,1
AEROUSDT,2026-07-21,1
ALGOUSDT,2026-07-21,1
ALLOUSDT,2026-07-21,1
APTUSDT,2026-07-21,1
ARBUSDT,2026-07-21,1
ASTERUSDT,2026-07-21,1
ATOMUSDT,2026-07-21,1
AVAXUSDT,2026-07-21,1
BCHUSDT,2026-07-21,1
BEATUSDT,2026-07-21,1
BILLUSDT,2026-07-21,1
BNBUSDT,2026-07-21,1
CRVUSDT,2026-07-21,1
DASHUSDT,2026-07-21,1
DEXEUSDT,2026-07-21,1
DOGEUSDT,2026-07-21,1
DOTUSDT,2026-07-21,1
EDGEUSDT,2026-07-21,1
EIGENUSDT,2026-07-21,1
ENAUSDT,2026-07-21,1
ESPORTSUSDT,2026-07-21,1
ETHFIUSDT,2026-07-21,1
EVAAUSDT,2026-07-21,1
FARTCOINUSDT,2026-07-21,1
FILUSDT,2026-07-21,1
GALAUSDT,2026-07-21,1
GRASSUSDT,2026-07-21,1
GWEIUSDT,2026-07-21,1
HBARUSDT,2026-07-21,1
HUSDT,2026-07-21,1
HYPEUSDT,2026-07-21,1
ICPUSDT,2026-07-21,1
INJUSDT,2026-07-21,1
JTOUSDT,2026-07-21,1
JUPUSDT,2026-07-21,1
KAITOUSDT,2026-07-21,1
LABUSDT,2026-07-21,1
LDOUSDT,2026-07-21,1
LINKUSDT,2026-07-21,1
LITUSDT,2026-07-21,1
LTCUSDT,2026-07-21,1
MNTUSDT,2026-07-21,1
MSTRUSDT,2026-07-21,1
MUSDT,2026-07-21,1
MUUSDT,2026-07-21,1
NEARUSDT,2026-07-21,1
ONDOUSDT,2026-07-21,1
OPUSDT,2026-07-21,1
ORDIUSDT,2026-07-21,1
PAXGUSDT,2026-07-21,1
PENGUUSDT,2026-07-21,1
POLUSDT,2026-07-21,1
PUMPFUNUSDT,2026-07-21,1
RENDERUSDT,2026-07-21,1
SEIUSDT,2026-07-21,1
SHIB1000USDT,2026-07-21,1
SKHYNIXUSDT,2026-07-21,1
SLXUSDT,2026-07-21,1
SOLUSDT,2026-07-21,1
SPXUSDT,2026-07-21,1
STRKUSDT,2026-07-21,1
SUIUSDT,2026-07-21,1
TAOUSDT,2026-07-21,1
TIAUSDT,2026-07-21,1
TLMUSDT,2026-07-21,1
TRIAUSDT,2026-07-21,1
TRUMPUSDT,2026-07-21,1
TRXUSDT,2026-07-21,1
TUSDT,2026-07-21,1
UNIUSDT,2026-07-21,1
USUSDT,2026-07-21,1
VANRYUSDT,2026-07-21,1
VELVETUSDT,2026-07-21,1
VIRTUALUSDT,2026-07-21,1
VVVUSDT,2026-07-21,1
WIFUSDT,2026-07-21,1
WLDUSDT,2026-07-21,1
WLFIUSDT,2026-07-21,1
XAGUSDT,2026-07-21,1
XAUTUSDT,2026-07-21,1
XLMUSDT,2026-07-21,1
XMRUSDT,2026-07-21,1
XPLUSDT,2026-07-21,1
XRPUSDT,2026-07-21,1
ZECUSDT,2026-07-21,1
ZROUSDT,2026-07-21,1
1000BONKUSDT,2026-07-22,1
1000PEPEUSDT,2026-07-22,1
AAVEUSDT,2026-07-22,1
ADAUSDT,2026-07-22,1
AEROUSDT,2026-07-22,1
AKEUSDT,2026-07-22,1
ALGOUSDT,2026-07-22,1
ALLOUSDT,2026-07-22,1
APTUSDT,2026-07-22,1
ARBUSDT,2026-07-22,1
ASTERUSDT,2026-07-22,1
ATOMUSDT,2026-07-22,1
AVAXUSDT,2026-07-22,1
BCHUSDT,2026-07-22,1
BEATUSDT,2026-07-22,1
BILLUSDT,2026-07-22,1
BNBUSDT,2026-07-22,1
CRVUSDT,2026-07-22,1
DASHUSDT,2026-07-22,1
DEXEUSDT,2026-07-22,1
DOGEUSDT,2026-07-22,1
DOTUSDT,2026-07-22,1
EDGEUSDT,2026-07-22,1
EIGENUSDT,2026-07-22,1
ENAUSDT,2026-07-22,1
ESPORTSUSDT,2026-07-22,1
ETHFIUSDT,2026-07-22,1
EVAAUSDT,2026-07-22,1
FARTCOINUSDT,2026-07-22,1
FILUSDT,2026-07-22,1
GALAUSDT,2026-07-22,1
GWEIUSDT,2026-07-22,1
HBARUSDT,2026-07-22,1
HOMEUSDT,2026-07-22,1
HUSDT,2026-07-22,1
HYPEUSDT,2026-07-22,1
ICPUSDT,2026-07-22,1
INJUSDT,2026-07-22,1
JTOUSDT,2026-07-22,1
JUPUSDT,2026-07-22,1
KAITOUSDT,2026-07-22,1
LABUSDT,2026-07-22,1
LDOUSDT,2026-07-22,1
LINKUSDT,2026-07-22,1
LITUSDT,2026-07-22,1
LTCUSDT,2026-07-22,1
MNTUSDT,2026-07-22,1
MSTRUSDT,2026-07-22,1
MUUSDT,2026-07-22,1
NEARUSDT,2026-07-22,1
ONDOUSDT,2026-07-22,1
OPUSDT,2026-07-22,1
ORDIUSDT,2026-07-22,1
PAXGUSDT,2026-07-22,1
PENGUUSDT,2026-07-22,1
POLUSDT,2026-07-22,1
PUMPFUNUSDT,2026-07-22,1
RENDERUSDT,2026-07-22,1
SEIUSDT,2026-07-22,1
SHIB1000USDT,2026-07-22,1
SKHYNIXUSDT,2026-07-22,1
SLXUSDT,2026-07-22,1
SOLUSDT,2026-07-22,1
SPXUSDT,2026-07-22,1
STRKUSDT,2026-07-22,1
SUIUSDT,2026-07-22,1
TAOUSDT,2026-07-22,1
TIAUSDT,2026-07-22,1
TLMUSDT,2026-07-22,1
TRIAUSDT,2026-07-22,1
TRUMPUSDT,2026-07-22,1
TRXUSDT,2026-07-22,1
TUSDT,2026-07-22,1
UNIUSDT,2026-07-22,1
USUSDT,2026-07-22,1
VANRYUSDT,2026-07-22,1
VELVETUSDT,2026-07-22,1
VIRTUALUSDT,2026-07-22,1
VVVUSDT,2026-07-22,1
WIFUSDT,2026-07-22,1
WLDUSDT,2026-07-22,1
WLFIUSDT,2026-07-22,1
XAGUSDT,2026-07-22,1
XAUTUSDT,2026-07-22,1
XLMUSDT,2026-07-22,1
XMRUSDT,2026-07-22,1
XPLUSDT,2026-07-22,1
XRPUSDT,2026-07-22,1
ZECUSDT,2026-07-22,1
ZROUSDT,2026-07-22,1
1000BONKUSDT,2026-07-23,1
1000PEPEUSDT,2026-07-23,1
AAVEUSDT,2026-07-23,1
ADAUSDT,2026-07-23,1
AEROUSDT,2026-07-23,1
AKEUSDT,2026-07-23,1
ALGOUSDT,2026-07-23,1
ALLOUSDT,2026-07-23,1
APTUSDT,2026-07-23,1
ARBUSDT,2026-07-23,1
ASTERUSDT,2026-07-23,1
ATOMUSDT,2026-07-23,1
AVAXUSDT,2026-07-23,1
BANKUSDT,2026-07-23,1
BCHUSDT,2026-07-23,1
BEATUSDT,2026-07-23,1
BILLUSDT,2026-07-23,1
BNBUSDT,2026-07-23,1
CRVUSDT,2026-07-23,1
DASHUSDT,2026-07-23,1
DEXEUSDT,2026-07-23,1
DOGEUSDT,2026-07-23,1
DOTUSDT,2026-07-23,1
EDGEUSDT,2026-07-23,1
EIGENUSDT,2026-07-23,1
ENAUSDT,2026-07-23,1
ESPORTSUSDT,2026-07-23,1
ETHFIUSDT,2026-07-23,1
EVAAUSDT,2026-07-23,1
FARTCOINUSDT,2026-07-23,1
FILUSDT,2026-07-23,1
GALAUSDT,2026-07-23,1
GWEIUSDT,2026-07-23,1
HBARUSDT,2026-07-23,1
HOMEUSDT,2026-07-23,1
HUSDT,2026-07-23,1
HYPEUSDT,2026-07-23,1
ICPUSDT,2026-07-23,1
INJUSDT,2026-07-23,1
JTOUSDT,2026-07-23,1
JUPUSDT,2026-07-23,1
KAITOUSDT,2026-07-23,1
LABUSDT,2026-07-23,1
LDOUSDT,2026-07-23,1
LINKUSDT,2026-07-23,1
LITUSDT,2026-07-23,1
LTCUSDT,2026-07-23,1
MNTUSDT,2026-07-23,1
MSTRUSDT,2026-07-23,1
MUUSDT,2026-07-23,1
NEARUSDT,2026-07-23,1
ONDOUSDT,2026-07-23,1
OPUSDT,2026-07-23,1
ORDIUSDT,2026-07-23,1
PAXGUSDT,2026-07-23,1
PENGUUSDT,2026-07-23,1
POLUSDT,2026-07-23,1
PUMPFUNUSDT,2026-07-23,1
RENDERUSDT,2026-07-23,1
SEIUSDT,2026-07-23,1
SHIB1000USDT,2026-07-23,1
SKHYNIXUSDT,2026-07-23,1
SLXUSDT,2026-07-23,1
SOLUSDT,2026-07-23,1
SPCXUSDT,2026-07-23,1
SPXUSDT,2026-07-23,1
STRKUSDT,2026-07-23,1
SUIUSDT,2026-07-23,1
TAOUSDT,2026-07-23,1
TIAUSDT,2026-07-23,1
TLMUSDT,2026-07-23,1
TRUMPUSDT,2026-07-23,1
TRXUSDT,2026-07-23,1
TUSDT,2026-07-23,1
UNIUSDT,2026-07-23,1
USUSDT,2026-07-23,1
VANRYUSDT,2026-07-23,1
VELVETUSDT,2026-07-23,1
VIRTUALUSDT,2026-07-23,1
VVVUSDT,2026-07-23,1
WIFUSDT,2026-07-23,1
WLDUSDT,2026-07-23,1
WLFIUSDT,2026-07-23,1
XAGUSDT,2026-07-23,1
XAUTUSDT,2026-07-23,1
XLMUSDT,2026-07-23,1
XMRUSDT,2026-07-23,1
XPLUSDT,2026-07-23,1
XRPUSDT,2026-07-23,1
ZECUSDT,2026-07-23,1
ZROUSDT,2026-07-23,1
1000BONKUSDT,2026-07-24,1
1000PEPEUSDT,2026-07-24,1
AAVEUSDT,2026-07-24,1
ADAUSDT,2026-07-24,1
AEROUSDT,2026-07-24,1
AKEUSDT,2026-07-24,1
ALGOUSDT,2026-07-24,1
ALLOUSDT,2026-07-24,1
APTUSDT,2026-07-24,1
ARBUSDT,2026-07-24,1
ASTERUSDT,2026-07-24,1
ATOMUSDT,2026-07-24,1
AVAXUSDT,2026-07-24,1
BANKUSDT,2026-07-24,1
BCHUSDT,2026-07-24,1
BEATUSDT,2026-07-24,1
BILLUSDT,2026-07-24,1
BNBUSDT,2026-07-24,1
CRVUSDT,2026-07-24,1
DASHUSDT,2026-07-24,1
DEXEUSDT,2026-07-24,1
DOGEUSDT,2026-07-24,1
DOTUSDT,2026-07-24,1
EDGEUSDT,2026-07-24,1
EIGENUSDT,2026-07-24,1
ENAUSDT,2026-07-24,1
ESPORTSUSDT,2026-07-24,1
ETHFIUSDT,2026-07-24,1
EVAAUSDT,2026-07-24,1
FARTCOINUSDT,2026-07-24,1
FILUSDT,2026-07-24,1
GALAUSDT,2026-07-24,1
GWEIUSDT,2026-07-24,1
HBARUSDT,2026-07-24,1
HOMEUSDT,2026-07-24,1
HUSDT,2026-07-24,1
HYPEUSDT,2026-07-24,1
ICPUSDT,2026-07-24,1
INJUSDT,2026-07-24,1
JTOUSDT,2026-07-24,1
JUPUSDT,2026-07-24,1
KAITOUSDT,2026-07-24,1
LABUSDT,2026-07-24,1
LDOUSDT,2026-07-24,1
LINKUSDT,2026-07-24,1
LITUSDT,2026-07-24,1
LTCUSDT,2026-07-24,1
MNTUSDT,2026-07-24,1
MRVLUSDT,2026-07-24,1
MSTRUSDT,2026-07-24,1
MUUSDT,2026-07-24,1
NEARUSDT,2026-07-24,1
ONDOUSDT,2026-07-24,1
OPUSDT,2026-07-24,1
ORDIUSDT,2026-07-24,1
PAXGUSDT,2026-07-24,1
PENGUUSDT,2026-07-24,1
POLUSDT,2026-07-24,1
PUMPFUNUSDT,2026-07-24,1
RENDERUSDT,2026-07-24,1
SEIUSDT,2026-07-24,1
SHIB1000USDT,2026-07-24,1
SKHYNIXUSDT,2026-07-24,1
SLXUSDT,2026-07-24,1
SOLUSDT,2026-07-24,1
SPCXUSDT,2026-07-24,1
SPXUSDT,2026-07-24,1
STRKUSDT,2026-07-24,1
SUIUSDT,2026-07-24,1
TAOUSDT,2026-07-24,1
TIAUSDT,2026-07-24,1
TLMUSDT,2026-07-24,1
TRUMPUSDT,2026-07-24,1
TRXUSDT,2026-07-24,1
TUSDT,2026-07-24,1
UNIUSDT,2026-07-24,1
USUSDT,2026-07-24,1
VANRYUSDT,2026-07-24,1
VELVETUSDT,2026-07-24,1
VIRTUALUSDT,2026-07-24,1
VVVUSDT,2026-07-24,1
WIFUSDT,2026-07-24,1
WLDUSDT,2026-07-24,1
WLFIUSDT,2026-07-24,1
XAGUSDT,2026-07-24,1
XAUTUSDT,2026-07-24,1
XLMUSDT,2026-07-24,1
XMRUSDT,2026-07-24,1
XPLUSDT,2026-07-24,1
XRPUSDT,2026-07-24,1
ZECUSDT,2026-07-24,1
ZROUSDT,2026-07-24,1
1000BONKUSDT,2026-07-25,1
1000PEPEUSDT,2026-07-25,1
AAVEUSDT,2026-07-25,1
ADAUSDT,2026-07-25,1
AEROUSDT,2026-07-25,1
AKEUSDT,2026-07-25,1
ALGOUSDT,2026-07-25,1
ALLOUSDT,2026-07-25,1
APTUSDT,2026-07-25,1
ARBUSDT,2026-07-25,1
ASTERUSDT,2026-07-25,1
ATOMUSDT,2026-07-25,1
AVAXUSDT,2026-07-25,1
BANKUSDT,2026-07-25,1
BCHUSDT,2026-07-25,1
BEATUSDT,2026-07-25,1
BILLUSDT,2026-07-25,1
BNBUSDT,2026-07-25,1
CRVUSDT,2026-07-25,1
DASHUSDT,2026-07-25,1
DEXEUSDT,2026-07-25,1
DOGEUSDT,2026-07-25,1
DOTUSDT,2026-07-25,1
EDGEUSDT,2026-07-25,1
EIGENUSDT,2026-07-25,1
ENAUSDT,2026-07-25,1
ESPORTSUSDT,2026-07-25,1
ETHFIUSDT,2026-07-25,1
EVAAUSDT,2026-07-25,1
FARTCOINUSDT,2026-07-25,1
FILUSDT,2026-07-25,1
GALAUSDT,2026-07-25,1
GWEIUSDT,2026-07-25,1
HBARUSDT,2026-07-25,1
HOMEUSDT,2026-07-25,1
HUSDT,2026-07-25,1
HYPEUSDT,2026-07-25,1
ICPUSDT,2026-07-25,1
INJUSDT,2026-07-25,1
JTOUSDT,2026-07-25,1
JUPUSDT,2026-07-25,1
KAITOUSDT,2026-07-25,1
LABUSDT,2026-07-25,1
LDOUSDT,2026-07-25,1
LINKUSDT,2026-07-25,1
LITUSDT,2026-07-25,1
LTCUSDT,2026-07-25,1
MNTUSDT,2026-07-25,1
MRVLUSDT,2026-07-25,1
MSTRUSDT,2026-07-25,1
MUUSDT,2026-07-25,1
NEARUSDT,2026-07-25,1
ONDOUSDT,2026-07-25,1
OPUSDT,2026-07-25,1
ORDIUSDT,2026-07-25,1
PAXGUSDT,2026-07-25,1
PENGUUSDT,2026-07-25,1
POLUSDT,2026-07-25,1
PUMPFUNUSDT,2026-07-25,1
RENDERUSDT,2026-07-25,1
SEIUSDT,2026-07-25,1
SHIB1000USDT,2026-07-25,1
SKHYNIXUSDT,2026-07-25,1
SLXUSDT,2026-07-25,1
SOLUSDT,2026-07-25,1
SPCXUSDT,2026-07-25,1
SPXUSDT,2026-07-25,1
STRKUSDT,2026-07-25,1
SUIUSDT,2026-07-25,1
TAOUSDT,2026-07-25,1
TIAUSDT,2026-07-25,1
TLMUSDT,2026-07-25,1
TRUMPUSDT,2026-07-25,1
TRXUSDT,2026-07-25,1
TUSDT,2026-07-25,1
UNIUSDT,2026-07-25,1
USUSDT,2026-07-25,1
VANRYUSDT,2026-07-25,1
VELVETUSDT,2026-07-25,1
VIRTUALUSDT,2026-07-25,1
VVVUSDT,2026-07-25,1
WIFUSDT,2026-07-25,1
WLDUSDT,2026-07-25,1
WLFIUSDT,2026-07-25,1
XAGUSDT,2026-07-25,1
XAUTUSDT,2026-07-25,1
XLMUSDT,2026-07-25,1
XMRUSDT,2026-07-25,1
XPLUSDT,2026-07-25,1
XRPUSDT,2026-07-25,1
ZECUSDT,2026-07-25,1
ZROUSDT,2026-07-25,1
1000BONKUSDT,2026-07-26,1
1000PEPEUSDT,2026-07-26,1
AAVEUSDT,2026-07-26,1
ADAUSDT,2026-07-26,1
AEROUSDT,2026-07-26,1
AKEUSDT,2026-07-26,1
ALGOUSDT,2026-07-26,1
ALLOUSDT,2026-07-26,1
APTUSDT,2026-07-26,1
ARBUSDT,2026-07-26,1
ASTERUSDT,2026-07-26,1
ATOMUSDT,2026-07-26,1
AVAXUSDT,2026-07-26,1
BANKUSDT,2026-07-26,1
BCHUSDT,2026-07-26,1
BEATUSDT,2026-07-26,1
BILLUSDT,2026-07-26,1
BNBUSDT,2026-07-26,1
CRVUSDT,2026-07-26,1
DASHUSDT,2026-07-26,1
DEXEUSDT,2026-07-26,1
DOGEUSDT,2026-07-26,1
DOTUSDT,2026-07-26,1
EDGEUSDT,2026-07-26,1
EIGENUSDT,2026-07-26,1
ENAUSDT,2026-07-26,1
ESPORTSUSDT,2026-07-26,1
ETHFIUSDT,2026-07-26,1
EVAAUSDT,2026-07-26,1
FARTCOINUSDT,2026-07-26,1
FILUSDT,2026-07-26,1
GALAUSDT,2026-07-26,1
GWEIUSDT,2026-07-26,1
HBARUSDT,2026-07-26,1
HOMEUSDT,2026-07-26,1
HUSDT,2026-07-26,1
HYPEUSDT,2026-07-26,1
ICPUSDT,2026-07-26,1
INJUSDT,2026-07-26,1
JTOUSDT,2026-07-26,1
JUPUSDT,2026-07-26,1
KAITOUSDT,2026-07-26,1
LABUSDT,2026-07-26,1
LDOUSDT,2026-07-26,1
LINKUSDT,2026-07-26,1
LITUSDT,2026-07-26,1
LTCUSDT,2026-07-26,1
MNTUSDT,2026-07-26,1
MRVLUSDT,2026-07-26,1
MSTRUSDT,2026-07-26,1
MUUSDT,2026-07-26,1
NEARUSDT,2026-07-26,1
ONDOUSDT,2026-07-26,1
OPUSDT,2026-07-26,1
ORDIUSDT,2026-07-26,1
PAXGUSDT,2026-07-26,1
PENGUUSDT,2026-07-26,1
POLUSDT,2026-07-26,1
PUMPFUNUSDT,2026-07-26,1
RENDERUSDT,2026-07-26,1
SEIUSDT,2026-07-26,1
SHIB1000USDT,2026-07-26,1
SKHYNIXUSDT,2026-07-26,1
SLXUSDT,2026-07-26,1
SOLUSDT,2026-07-26,1
SPCXUSDT,2026-07-26,1
SPXUSDT,2026-07-26,1
STRKUSDT,2026-07-26,1
SUIUSDT,2026-07-26,1
TAOUSDT,2026-07-26,1
TIAUSDT,2026-07-26,1
TLMUSDT,2026-07-26,1
TRUMPUSDT,2026-07-26,1
TRXUSDT,2026-07-26,1
TUSDT,2026-07-26,1
UNIUSDT,2026-07-26,1
USUSDT,2026-07-26,1
VANRYUSDT,2026-07-26,1
VELVETUSDT,2026-07-26,1
VIRTUALUSDT,2026-07-26,1
VVVUSDT,2026-07-26,1
WIFUSDT,2026-07-26,1
WLDUSDT,2026-07-26,1
WLFIUSDT,2026-07-26,1
XAGUSDT,2026-07-26,1
XAUTUSDT,2026-07-26,1
XLMUSDT,2026-07-26,1
XMRUSDT,2026-07-26,1
XPLUSDT,2026-07-26,1
XRPUSDT,2026-07-26,1
ZECUSDT,2026-07-26,1
ZROUSDT,2026-07-26,1
1000BONKUSDT,2026-07-27,1
1000PEPEUSDT,2026-07-27,1
AAVEUSDT,2026-07-27,1
ADAUSDT,2026-07-27,1
AEROUSDT,2026-07-27,1
AKEUSDT,2026-07-27,1
ALGOUSDT,2026-07-27,1
ALLOUSDT,2026-07-27,1
APTUSDT,2026-07-27,1
ARBUSDT,2026-07-27,1
ASTERUSDT,2026-07-27,1
ATOMUSDT,2026-07-27,1
AVAXUSDT,2026-07-27,1
BANKUSDT,2026-07-27,1
BCHUSDT,2026-07-27,1
BEATUSDT,2026-07-27,1
BILLUSDT,2026-07-27,1
BNBUSDT,2026-07-27,1
CRVUSDT,2026-07-27,1
DASHUSDT,2026-07-27,1
DEXEUSDT,2026-07-27,1
DOGEUSDT,2026-07-27,1
DOTUSDT,2026-07-27,1
EDGEUSDT,2026-07-27,1
EIGENUSDT,2026-07-27,1
ENAUSDT,2026-07-27,1
ESPORTSUSDT,2026-07-27,1
ETHFIUSDT,2026-07-27,1
EVAAUSDT,2026-07-27,1
FARTCOINUSDT,2026-07-27,1
FILUSDT,2026-07-27,1
GWEIUSDT,2026-07-27,1
HBARUSDT,2026-07-27,1
HOMEUSDT,2026-07-27,1
HUSDT,2026-07-27,1
HYPEUSDT,2026-07-27,1
ICPUSDT,2026-07-27,1
INJUSDT,2026-07-27,1
JTOUSDT,2026-07-27,1
JUPUSDT,2026-07-27,1
KAITOUSDT,2026-07-27,1
LABUSDT,2026-07-27,1
LDOUSDT,2026-07-27,1
LINKUSDT,2026-07-27,1
LITUSDT,2026-07-27,1
LTCUSDT,2026-07-27,1
MNTUSDT,2026-07-27,1
MRVLUSDT,2026-07-27,1
MSTRUSDT,2026-07-27,1
MUUSDT,2026-07-27,1
NEARUSDT,2026-07-27,1
ONDOUSDT,2026-07-27,1
OPUSDT,2026-07-27,1
ORDIUSDT,2026-07-27,1
PAXGUSDT,2026-07-27,1
PENGUUSDT,2026-07-27,1
POLUSDT,2026-07-27,1
PUMPFUNUSDT,2026-07-27,1
RENDERUSDT,2026-07-27,1
SEIUSDT,2026-07-27,1
SHIB1000USDT,2026-07-27,1
SKHYNIXUSDT,2026-07-27,1
SLXUSDT,2026-07-27,1
SOLUSDT,2026-07-27,1
SPCXUSDT,2026-07-27,1
SPXUSDT,2026-07-27,1
STRKUSDT,2026-07-27,1
SUIUSDT,2026-07-27,1
TAOUSDT,2026-07-27,1
TIAUSDT,2026-07-27,1
TLMUSDT,2026-07-27,1
TRUMPUSDT,2026-07-27,1
TRXUSDT,2026-07-27,1
UNIUSDT,2026-07-27,1
USUSDT,2026-07-27,1
VANRYUSDT,2026-07-27,1
VELVETUSDT,2026-07-27,1
VIRTUALUSDT,2026-07-27,1
VVVUSDT,2026-07-27,1
WIFUSDT,2026-07-27,1
WLDUSDT,2026-07-27,1
WLFIUSDT,2026-07-27,1
XAGUSDT,2026-07-27,1
XAUTUSDT,2026-07-27,1
XLMUSDT,2026-07-27,1
XMRUSDT,2026-07-27,1
XPLUSDT,2026-07-27,1
XRPUSDT,2026-07-27,1
ZECUSDT,2026-07-27,1
ZROUSDT,2026-07-27,1
1000BONKUSDT,2026-07-28,1
1000PEPEUSDT,2026-07-28,1
AAVEUSDT,2026-07-28,1
ADAUSDT,2026-07-28,1
AEROUSDT,2026-07-28,1
AKEUSDT,2026-07-28,1
ALGOUSDT,2026-07-28,1
ALLOUSDT,2026-07-28,1
APTUSDT,2026-07-28,1
ARBUSDT,2026-07-28,1
ASTERUSDT,2026-07-28,1
ATOMUSDT,2026-07-28,1
AVAXUSDT,2026-07-28,1
BANKUSDT,2026-07-28,1
BCHUSDT,2026-07-28,1
BEATUSDT,2026-07-28,1
BILLUSDT,2026-07-28,1
BNBUSDT,2026-07-28,1
CRVUSDT,2026-07-28,1
DASHUSDT,2026-07-28,1
DEXEUSDT,2026-07-28,1
DOGEUSDT,2026-07-28,1
DOTUSDT,2026-07-28,1
EDGEUSDT,2026-07-28,1
EIGENUSDT,2026-07-28,1
ENAUSDT,2026-07-28,1
ESPORTSUSDT,2026-07-28,1
ETHFIUSDT,2026-07-28,1
EVAAUSDT,2026-07-28,1
FARTCOINUSDT,2026-07-28,1
FILUSDT,2026-07-28,1
GWEIUSDT,2026-07-28,1
HBARUSDT,2026-07-28,1
HOMEUSDT,2026-07-28,1
HUSDT,2026-07-28,1
HYPEUSDT,2026-07-28,1
ICPUSDT,2026-07-28,1
INJUSDT,2026-07-28,1
JTOUSDT,2026-07-28,1
JUPUSDT,2026-07-28,1
KAITOUSDT,2026-07-28,1
LABUSDT,2026-07-28,1
LAUSDT,2026-07-28,1
LDOUSDT,2026-07-28,1
LINKUSDT,2026-07-28,1
LITUSDT,2026-07-28,1
LTCUSDT,2026-07-28,1
MNTUSDT,2026-07-28,1
MRVLUSDT,2026-07-28,1
MSTRUSDT,2026-07-28,1
MUUSDT,2026-07-28,1
NEARUSDT,2026-07-28,1
ONDOUSDT,2026-07-28,1
OPUSDT,2026-07-28,1
ORDIUSDT,2026-07-28,1
PAXGUSDT,2026-07-28,1
PENGUUSDT,2026-07-28,1
POLUSDT,2026-07-28,1
PUMPFUNUSDT,2026-07-28,1
RENDERUSDT,2026-07-28,1
SEIUSDT,2026-07-28,1
SHIB1000USDT,2026-07-28,1
SKHYNIXUSDT,2026-07-28,1
SLXUSDT,2026-07-28,1
SOLUSDT,2026-07-28,1
SPCXUSDT,2026-07-28,1
STRKUSDT,2026-07-28,1
SUIUSDT,2026-07-28,1
TAOUSDT,2026-07-28,1
TIAUSDT,2026-07-28,1
TLMUSDT,2026-07-28,1
TRUMPUSDT,2026-07-28,1
TRXUSDT,2026-07-28,1
UNIUSDT,2026-07-28,1
USUSDT,2026-07-28,1
VANRYUSDT,2026-07-28,1
VELVETUSDT,2026-07-28,1
VIRTUALUSDT,2026-07-28,1
VVVUSDT,2026-07-28,1
WIFUSDT,2026-07-28,1
WLDUSDT,2026-07-28,1
WLFIUSDT,2026-07-28,1
XAGUSDT,2026-07-28,1
XAUTUSDT,2026-07-28,1
XLMUSDT,2026-07-28,1
XMRUSDT,2026-07-28,1
XPLUSDT,2026-07-28,1
XRPUSDT,2026-07-28,1
ZECUSDT,2026-07-28,1
ZROUSDT,2026-07-28,1
1000BONKUSDT,2026-07-29,1
1000PEPEUSDT,2026-07-29,1
AAVEUSDT,2026-07-29,1
ADAUSDT,2026-07-29,1
AEROUSDT,2026-07-29,1
AKEUSDT,2026-07-29,1
ALGOUSDT,2026-07-29,1
ALLOUSDT,2026-07-29,1
APTUSDT,2026-07-29,1
ARBUSDT,2026-07-29,1
ASTERUSDT,2026-07-29,1
ATOMUSDT,2026-07-29,1
AVAXUSDT,2026-07-29,1
BANKUSDT,2026-07-29,1
BCHUSDT,2026-07-29,1
BEATUSDT,2026-07-29,1
BILLUSDT,2026-07-29,1
BNBUSDT,2026-07-29,1
CRVUSDT,2026-07-29,1
DASHUSDT,2026-07-29,1
DEXEUSDT,2026-07-29,1
DOGEUSDT,2026-07-29,1
DOTUSDT,2026-07-29,1
EIGENUSDT,2026-07-29,1
ENAUSDT,2026-07-29,1
ESPORTSUSDT,2026-07-29,1
ETHFIUSDT,2026-07-29,1
EVAAUSDT,2026-07-29,1
FARTCOINUSDT,2026-07-29,1
FILUSDT,2026-07-29,1
GWEIUSDT,2026-07-29,1
HBARUSDT,2026-07-29,1
HOMEUSDT,2026-07-29,1
HUSDT,2026-07-29,1
HYPEUSDT,2026-07-29,1
ICPUSDT,2026-07-29,1
INJUSDT,2026-07-29,1
JTOUSDT,2026-07-29,1
JUPUSDT,2026-07-29,1
KAITOUSDT,2026-07-29,1
LABUSDT,2026-07-29,1
LAUSDT,2026-07-29,1
LDOUSDT,2026-07-29,1
LINKUSDT,2026-07-29,1
LITUSDT,2026-07-29,1
LTCUSDT,2026-07-29,1
MNTUSDT,2026-07-29,1
MRVLUSDT,2026-07-29,1
MSTRUSDT,2026-07-29,1
MUUSDT,2026-07-29,1
NEARUSDT,2026-07-29,1
ONDOUSDT,2026-07-29,1
OPUSDT,2026-07-29,1
ORDIUSDT,2026-07-29,1
PAXGUSDT,2026-07-29,1
PENGUUSDT,2026-07-29,1
POLUSDT,2026-07-29,1
PUMPFUNUSDT,2026-07-29,1
RENDERUSDT,2026-07-29,1
REUSDT,2026-07-29,1
SEIUSDT,2026-07-29,1
SHIB1000USDT,2026-07-29,1
SKHYNIXUSDT,2026-07-29,1
SLXUSDT,2026-07-29,1
SOLUSDT,2026-07-29,1
SPCXUSDT,2026-07-29,1
STRKUSDT,2026-07-29,1
SUIUSDT,2026-07-29,1
TAOUSDT,2026-07-29,1
TIAUSDT,2026-07-29,1
TLMUSDT,2026-07-29,1
TRUMPUSDT,2026-07-29,1
TRXUSDT,2026-07-29,1
UNIUSDT,2026-07-29,1
USUSDT,2026-07-29,1
VANRYUSDT,2026-07-29,1
VELVETUSDT,2026-07-29,1
VIRTUALUSDT,2026-07-29,1
VVVUSDT,2026-07-29,1
WIFUSDT,2026-07-29,1
WLDUSDT,2026-07-29,1
WLFIUSDT,2026-07-29,1
XAGUSDT,2026-07-29,1
XAUTUSDT,2026-07-29,1
XLMUSDT,2026-07-29,1
XMRUSDT,2026-07-29,1
XPLUSDT,2026-07-29,1
XRPUSDT,2026-07-29,1
ZAMAUSDT,2026-07-29,1
ZECUSDT,2026-07-29,1
ZROUSDT,2026-07-29,1
1000BONKUSDT,2026-07-30,1
1000PEPEUSDT,2026-07-30,1
AAVEUSDT,2026-07-30,1
ADAUSDT,2026-07-30,1
AEROUSDT,2026-07-30,1
AKEUSDT,2026-07-30,1
ALGOUSDT,2026-07-30,1
ALLOUSDT,2026-07-30,1
APTUSDT,2026-07-30,1
ARBUSDT,2026-07-30,1
ASTERUSDT,2026-07-30,1
ATOMUSDT,2026-07-30,1
AVAXUSDT,2026-07-30,1
BANKUSDT,2026-07-30,1
BCHUSDT,2026-07-30,1
BEATUSDT,2026-07-30,1
BILLUSDT,2026-07-30,1
BNBUSDT,2026-07-30,1
CRVUSDT,2026-07-30,1
DASHUSDT,2026-07-30,1
DEXEUSDT,2026-07-30,1
DOGEUSDT,2026-07-30,1
DOTUSDT,2026-07-30,1
EIGENUSDT,2026-07-30,1
ENAUSDT,2026-07-30,1
ESPORTSUSDT,2026-07-30,1
ETHFIUSDT,2026-07-30,1
EVAAUSDT,2026-07-30,1
FARTCOINUSDT,2026-07-30,1
FILUSDT,2026-07-30,1
GRAMUSDT,2026-07-30,1
GWEIUSDT,2026-07-30,1
HBARUSDT,2026-07-30,1
HOMEUSDT,2026-07-30,1
HUSDT,2026-07-30,1
HYPEUSDT,2026-07-30,1
ICPUSDT,2026-07-30,1
INJUSDT,2026-07-30,1
JTOUSDT,2026-07-30,1
JUPUSDT,2026-07-30,1
KAITOUSDT,2026-07-30,1
LABUSDT,2026-07-30,1
LAUSDT,2026-07-30,1
LDOUSDT,2026-07-30,1
LINKUSDT,2026-07-30,1
LITUSDT,2026-07-30,1
LTCUSDT,2026-07-30,1
MNTUSDT,2026-07-30,1
MRVLUSDT,2026-07-30,1
MSTRUSDT,2026-07-30,1
MUUSDT,2026-07-30,1
NEARUSDT,2026-07-30,1
ONDOUSDT,2026-07-30,1
OPUSDT,2026-07-30,1
ORDIUSDT,2026-07-30,1
PAXGUSDT,2026-07-30,1
PENGUUSDT,2026-07-30,1
POLUSDT,2026-07-30,1
PUMPFUNUSDT,2026-07-30,1
RENDERUSDT,2026-07-30,1
REUSDT,2026-07-30,1
SEIUSDT,2026-07-30,1
SHIB1000USDT,2026-07-30,1
SKHYNIXUSDT,2026-07-30,1
SLXUSDT,2026-07-30,1
SOLUSDT,2026-07-30,1
SPCXUSDT,2026-07-30,1
STRKUSDT,2026-07-30,1
SUIUSDT,2026-07-30,1
TAOUSDT,2026-07-30,1
TIAUSDT,2026-07-30,1
TLMUSDT,2026-07-30,1
TRUMPUSDT,2026-07-30,1
TRXUSDT,2026-07-30,1
UNIUSDT,2026-07-30,1
USUSDT,2026-07-30,1
VANRYUSDT,2026-07-30,1
VELVETUSDT,2026-07-30,1
VIRTUALUSDT,2026-07-30,1
VVVUSDT,2026-07-30,1
WIFUSDT,2026-07-30,1
WLDUSDT,2026-07-30,1
WLFIUSDT,2026-07-30,1
XAGUSDT,2026-07-30,1
XAUTUSDT,2026-07-30,1
XLMUSDT,2026-07-30,1
XMRUSDT,2026-07-30,1
XPLUSDT,2026-07-30,1
XRPUSDT,2026-07-30,1
ZAMAUSDT,2026-07-30,1
ZECUSDT,2026-07-30,1
ZROUSDT,2026-07-30,1
1000BONKUSDT,2026-07-31,1
1000PEPEUSDT,2026-07-31,1
AAVEUSDT,2026-07-31,1
ADAUSDT,2026-07-31,1
AEROUSDT,2026-07-31,1
AKEUSDT,2026-07-31,1
ALGOUSDT,2026-07-31,1
ALLOUSDT,2026-07-31,1
APTUSDT,2026-07-31,1
ARBUSDT,2026-07-31,1
ASTERUSDT,2026-07-31,1
ATOMUSDT,2026-07-31,1
AVAXUSDT,2026-07-31,1
BANKUSDT,2026-07-31,1
BCHUSDT,2026-07-31,1
BEATUSDT,2026-07-31,1
BILLUSDT,2026-07-31,1
BNBUSDT,2026-07-31,1
CRVUSDT,2026-07-31,1
DASHUSDT,2026-07-31,1
DEXEUSDT,2026-07-31,1
DOGEUSDT,2026-07-31,1
DOTUSDT,2026-07-31,1
EIGENUSDT,2026-07-31,1
ENAUSDT,2026-07-31,1
ESPORTSUSDT,2026-07-31,1
ETHFIUSDT,2026-07-31,1
EVAAUSDT,2026-07-31,1
FARTCOINUSDT,2026-07-31,1
FILUSDT,2026-07-31,1
GRAMUSDT,2026-07-31,1
GWEIUSDT,2026-07-31,1
HBARUSDT,2026-07-31,1
HOMEUSDT,2026-07-31,1
HUSDT,2026-07-31,1
HYPEUSDT,2026-07-31,1
ICPUSDT,2026-07-31,1
INJUSDT,2026-07-31,1
JTOUSDT,2026-07-31,1
JUPUSDT,2026-07-31,1
KAITOUSDT,2026-07-31,1
LABUSDT,2026-07-31,1
LAUSDT,2026-07-31,1
LDOUSDT,2026-07-31,1
LINKUSDT,2026-07-31,1
LITUSDT,2026-07-31,1
LTCUSDT,2026-07-31,1
MNTUSDT,2026-07-31,1
MRVLUSDT,2026-07-31,1
MSTRUSDT,2026-07-31,1
MUUSDT,2026-07-31,1
NEARUSDT,2026-07-31,1
ONDOUSDT,2026-07-31,1
OPUSDT,2026-07-31,1
ORDIUSDT,2026-07-31,1
PAXGUSDT,2026-07-31,1
PENGUUSDT,2026-07-31,1
POLUSDT,2026-07-31,1
PUMPFUNUSDT,2026-07-31,1
RENDERUSDT,2026-07-31,1
REUSDT,2026-07-31,1
SEIUSDT,2026-07-31,1
SHIB1000USDT,2026-07-31,1
SKHYNIXUSDT,2026-07-31,1
SLXUSDT,2026-07-31,1
SOLUSDT,2026-07-31,1
SPCXUSDT,2026-07-31,1
STRKUSDT,2026-07-31,1
SUIUSDT,2026-07-31,1
TAOUSDT,2026-07-31,1
TIAUSDT,2026-07-31,1
TLMUSDT,2026-07-31,1
TRUMPUSDT,2026-07-31,1
TRXUSDT,2026-07-31,1
UNIUSDT,2026-07-31,1
USUSDT,2026-07-31,1
VANRYUSDT,2026-07-31,1
VELVETUSDT,2026-07-31,1
VIRTUALUSDT,2026-07-31,1
VVVUSDT,2026-07-31,1
WIFUSDT,2026-07-31,1
WLDUSDT,2026-07-31,1
WLFIUSDT,2026-07-31,1
XAGUSDT,2026-07-31,1
XAUTUSDT,2026-07-31,1
XLMUSDT,2026-07-31,1
XMRUSDT,2026-07-31,1
XPLUSDT,2026-07-31,1
XRPUSDT,2026-07-31,1
ZAMAUSDT,2026-07-31,1
ZECUSDT,2026-07-31,1
ZROUSDT,2026-07-31,1
1000BONKUSDT,2026-08-01,1
1000PEPEUSDT,2026-08-01,1
AAVEUSDT,2026-08-01,1
ADAUSDT,2026-08-01,1
AEROUSDT,2026-08-01,1
AKEUSDT,2026-08-01,1
ALGOUSDT,2026-08-01,1
ALLOUSDT,2026-08-01,1
APTUSDT,2026-08-01,1
ARBUSDT,2026-08-01,1
ASTERUSDT,2026-08-01,1
ATOMUSDT,2026-08-01,1
AVAXUSDT,2026-08-01,1
BANKUSDT,2026-08-01,1
BCHUSDT,2026-08-01,1
BEATUSDT,2026-08-01,1
BILLUSDT,2026-08-01,1
BNBUSDT,2026-08-01,1
CRVUSDT,2026-08-01,1
DASHUSDT,2026-08-01,1
DEXEUSDT,2026-08-01,1
DOGEUSDT,2026-08-01,1
DOTUSDT,2026-08-01,1
EIGENUSDT,2026-08-01,1
ENAUSDT,2026-08-01,1
ESPORTSUSDT,2026-08-01,1
ETHFIUSDT,2026-08-01,1
EULUSDT,2026-08-01,1
FARTCOINUSDT,2026-08-01,1
FILUSDT,2026-08-01,1
GRAMUSDT,2026-08-01,1
GWEIUSDT,2026-08-01,1
HBARUSDT,2026-08-01,1
HOMEUSDT,2026-08-01,1
HUSDT,2026-08-01,1
HYPEUSDT,2026-08-01,1
ICPUSDT,2026-08-01,1
INJUSDT,2026-08-01,1
JTOUSDT,2026-08-01,1
JUPUSDT,2026-08-01,1
KAITOUSDT,2026-08-01,1
LABUSDT,2026-08-01,1
LAUSDT,2026-08-01,1
LDOUSDT,2026-08-01,1
LINKUSDT,2026-08-01,1
LITUSDT,2026-08-01,1
LTCUSDT,2026-08-01,1
MNTUSDT,2026-08-01,1
MRVLUSDT,2026-08-01,1
MSTRUSDT,2026-08-01,1
MUUSDT,2026-08-01,1
NEARUSDT,2026-08-01,1
ONDOUSDT,2026-08-01,1
OPUSDT,2026-08-01,1
ORDIUSDT,2026-08-01,1
PAXGUSDT,2026-08-01,1
PENGUUSDT,2026-08-01,1
POLUSDT,2026-08-01,1
PUMPFUNUSDT,2026-08-01,1
RENDERUSDT,2026-08-01,1
REUSDT,2026-08-01,1
SEIUSDT,2026-08-01,1
SHIB1000USDT,2026-08-01,1
SKHYNIXUSDT,2026-08-01,1
SLXUSDT,2026-08-01,1
SOLUSDT,2026-08-01,1
SPCXUSDT,2026-08-01,1
STRKUSDT,2026-08-01,1
SUIUSDT,2026-08-01,1
TAOUSDT,2026-08-01,1
TIAUSDT,2026-08-01,1
TLMUSDT,2026-08-01,1
TRUMPUSDT,2026-08-01,1
TRXUSDT,2026-08-01,1
UNIUSDT,2026-08-01,1
USUSDT,2026-08-01,1
VANRYUSDT,2026-08-01,1
VELVETUSDT,2026-08-01,1
VIRTUALUSDT,2026-08-01,1
VVVUSDT,2026-08-01,1
WIFUSDT,2026-08-01,1
WLDUSDT,2026-08-01,1
WLFIUSDT,2026-08-01,1
XAGUSDT,2026-08-01,1
XAUTUSDT,2026-08-01,1
XLMUSDT,2026-08-01,1
XMRUSDT,2026-08-01,1
XPLUSDT,2026-08-01,1
XRPUSDT,2026-08-01,1
ZAMAUSDT,2026-08-01,1
ZECUSDT,2026-08-01,1
ZROUSDT,2026-08-01,1
1000BONKUSDT,2026-08-02,1
1000PEPEUSDT,2026-08-02,1
AAVEUSDT,2026-08-02,1
ADAUSDT,2026-08-02,1
AEROUSDT,2026-08-02,1
AKEUSDT,2026-08-02,1
ALGOUSDT,2026-08-02,1
ALLOUSDT,2026-08-02,1
APTUSDT,2026-08-02,1
ARBUSDT,2026-08-02,1
ASTERUSDT,2026-08-02,1
ATOMUSDT,2026-08-02,1
AVAXUSDT,2026-08-02,1
BANKUSDT,2026-08-02,1
BCHUSDT,2026-08-02,1
BEATUSDT,2026-08-02,1
BNBUSDT,2026-08-02,1
CRVUSDT,2026-08-02,1
DASHUSDT,2026-08-02,1
DEXEUSDT,2026-08-02,1
DOGEUSDT,2026-08-02,1
DOTUSDT,2026-08-02,1
EIGENUSDT,2026-08-02,1
ENAUSDT,2026-08-02,1
ESPORTSUSDT,2026-08-02,1
ETHFIUSDT,2026-08-02,1
EULUSDT,2026-08-02,1
FARTCOINUSDT,2026-08-02,1
FILUSDT,2026-08-02,1
GRAMUSDT,2026-08-02,1
GWEIUSDT,2026-08-02,1
HBARUSDT,2026-08-02,1
HOMEUSDT,2026-08-02,1
HYPEUSDT,2026-08-02,1
ICPUSDT,2026-08-02,1
INJUSDT,2026-08-02,1
JTOUSDT,2026-08-02,1
JUPUSDT,2026-08-02,1
KAITOUSDT,2026-08-02,1
LABUSDT,2026-08-02,1
LAUSDT,2026-08-02,1
LDOUSDT,2026-08-02,1
LINKUSDT,2026-08-02,1
LITUSDT,2026-08-02,1
LTCUSDT,2026-08-02,1
MNTUSDT,2026-08-02,1
MRVLUSDT,2026-08-02,1
MSTRUSDT,2026-08-02,1
MUUSDT,2026-08-02,1
NEARUSDT,2026-08-02,1
ONDOUSDT,2026-08-02,1
OPUSDT,2026-08-02,1
ORDIUSDT,2026-08-02,1
PAXGUSDT,2026-08-02,1
PENGUUSDT,2026-08-02,1
POLUSDT,2026-08-02,1
PUMPFUNUSDT,2026-08-02,1
RENDERUSDT,2026-08-02,1
REUSDT,2026-08-02,1
SEIUSDT,2026-08-02,1
SHIB1000USDT,2026-08-02,1
SKHYNIXUSDT,2026-08-02,1
SLXUSDT,2026-08-02,1
SOLUSDT,2026-08-02,1
SOONUSDT,2026-08-02,1
SPCXUSDT,2026-08-02,1
STRKUSDT,2026-08-02,1
SUIUSDT,2026-08-02,1
TAOUSDT,2026-08-02,1
TIAUSDT,2026-08-02,1
TLMUSDT,2026-08-02,1
TRUMPUSDT,2026-08-02,1
TRXUSDT,2026-08-02,1
UNIUSDT,2026-08-02,1
USUSDT,2026-08-02,1
VANRYUSDT,2026-08-02,1
VELVETUSDT,2026-08-02,1
VIRTUALUSDT,2026-08-02,1
VVVUSDT,2026-08-02,1
WIFUSDT,2026-08-02,1
WLDUSDT,2026-08-02,1
WLFIUSDT,2026-08-02,1
XAGUSDT,2026-08-02,1
XAUTUSDT,2026-08-02,1
XLMUSDT,2026-08-02,1
XMRUSDT,2026-08-02,1
XPLUSDT,2026-08-02,1
XRPUSDT,2026-08-02,1
ZAMAUSDT,2026-08-02,1
ZECUSDT,2026-08-02,1
ZROUSDT,2026-08-02,1
1000BONKUSDT,2026-08-03,1
1000PEPEUSDT,2026-08-03,1
AAVEUSDT,2026-08-03,1
ADAUSDT,2026-08-03,1
AEROUSDT,2026-08-03,1
AKEUSDT,2026-08-03,1
ALGOUSDT,2026-08-03,1
ALLOUSDT,2026-08-03,1
APTUSDT,2026-08-03,1
ARBUSDT,2026-08-03,1
ASTERUSDT,2026-08-03,1
ATOMUSDT,2026-08-03,1
AVAXUSDT,2026-08-03,1
BANKUSDT,2026-08-03,1
BCHUSDT,2026-08-03,1
BEATUSDT,2026-08-03,1
BNBUSDT,2026-08-03,1
COTIUSDT,2026-08-03,1
CRVUSDT,2026-08-03,1
DASHUSDT,2026-08-03,1
DEXEUSDT,2026-08-03,1
DOGEUSDT,2026-08-03,1
DOTUSDT,2026-08-03,1
DRAMUSDT,2026-08-03,1
EIGENUSDT,2026-08-03,1
ENAUSDT,2026-08-03,1
ESPORTSUSDT,2026-08-03,1
EULUSDT,2026-08-03,1
FARTCOINUSDT,2026-08-03,1
FILUSDT,2026-08-03,1
GRAMUSDT,2026-08-03,1
GWEIUSDT,2026-08-03,1
HBARUSDT,2026-08-03,1
HOMEUSDT,2026-08-03,1
HYPEUSDT,2026-08-03,1
ICPUSDT,2026-08-03,1
INJUSDT,2026-08-03,1
JTOUSDT,2026-08-03,1
JUPUSDT,2026-08-03,1
KAITOUSDT,2026-08-03,1
LABUSDT,2026-08-03,1
LAUSDT,2026-08-03,1
LDOUSDT,2026-08-03,1
LINKUSDT,2026-08-03,1
LITUSDT,2026-08-03,1
LTCUSDT,2026-08-03,1
MNTUSDT,2026-08-03,1
MRVLUSDT,2026-08-03,1
MSTRUSDT,2026-08-03,1
MUUSDT,2026-08-03,1
NEARUSDT,2026-08-03,1
ONDOUSDT,2026-08-03,1
OPUSDT,2026-08-03,1
ORDIUSDT,2026-08-03,1
PAXGUSDT,2026-08-03,1
PENGUUSDT,2026-08-03,1
POLUSDT,2026-08-03,1
PUMPFUNUSDT,2026-08-03,1
RENDERUSDT,2026-08-03,1
REUSDT,2026-08-03,1
SEIUSDT,2026-08-03,1
SHIB1000USDT,2026-08-03,1
SKHYNIXUSDT,2026-08-03,1
SLXUSDT,2026-08-03,1
SOLUSDT,2026-08-03,1
SOONUSDT,2026-08-03,1
SPCXUSDT,2026-08-03,1
STRKUSDT,2026-08-03,1
SUIUSDT,2026-08-03,1
TAOUSDT,2026-08-03,1
TIAUSDT,2026-08-03,1
TLMUSDT,2026-08-03,1
TRUMPUSDT,2026-08-03,1
TRXUSDT,2026-08-03,1
UNIUSDT,2026-08-03,1
USUSDT,2026-08-03,1
VANRYUSDT,2026-08-03,1
VIRTUALUSDT,2026-08-03,1
VVVUSDT,2026-08-03,1
WIFUSDT,2026-08-03,1
WLDUSDT,2026-08-03,1
WLFIUSDT,2026-08-03,1
XAGUSDT,2026-08-03,1
XAUTUSDT,2026-08-03,1
XLMUSDT,2026-08-03,1
XMRUSDT,2026-08-03,1
XPLUSDT,2026-08-03,1
XRPUSDT,2026-08-03,1
ZAMAUSDT,2026-08-03,1
ZECUSDT,2026-08-03,1
ZROUSDT,2026-08-03,1
1000BONKUSDT,2026-08-04,1
1000PEPEUSDT,2026-08-04,1
AAVEUSDT,2026-08-04,1
ADAUSDT,2026-08-04,1
AEROUSDT,2026-08-04,1
AKEUSDT,2026-08-04,1
ALGOUSDT,2026-08-04,1
ALLOUSDT,2026-08-04,1
APTUSDT,2026-08-04,1
ARBUSDT,2026-08-04,1
ASTERUSDT,2026-08-04,1
ATOMUSDT,2026-08-04,1
AVAXUSDT,2026-08-04,1
BANKUSDT,2026-08-04,1
BCHUSDT,2026-08-04,1
BEATUSDT,2026-08-04,1
BNBUSDT,2026-08-04,1
COTIUSDT,2026-08-04,1
CRVUSDT,2026-08-04,1
DASHUSDT,2026-08-04,1
DEXEUSDT,2026-08-04,1
DOGEUSDT,2026-08-04,1
DOTUSDT,2026-08-04,1
DRAMUSDT,2026-08-04,1
EIGENUSDT,2026-08-04,1
ENAUSDT,2026-08-04,1
ESPORTSUSDT,2026-08-04,1
EULUSDT,2026-08-04,1
FARTCOINUSDT,2026-08-04,1
FILUSDT,2026-08-04,1
GRAMUSDT,2026-08-04,1
GWEIUSDT,2026-08-04,1
HBARUSDT,2026-08-04,1
HOMEUSDT,2026-08-04,1
HYPEUSDT,2026-08-04,1
ICPUSDT,2026-08-04,1
INJUSDT,2026-08-04,1
JTOUSDT,2026-08-04,1
JUPUSDT,2026-08-04,1
KAITOUSDT,2026-08-04,1
LABUSDT,2026-08-04,1
LAUSDT,2026-08-04,1
LDOUSDT,2026-08-04,1
LINKUSDT,2026-08-04,1
LITUSDT,2026-08-04,1
LTCUSDT,2026-08-04,1
MNTUSDT,2026-08-04,1
MRVLUSDT,2026-08-04,1
MSTRUSDT,2026-08-04,1
MUUSDT,2026-08-04,1
NEARUSDT,2026-08-04,1
ONDOUSDT,2026-08-04,1
OPUSDT,2026-08-04,1
ORDIUSDT,2026-08-04,1
PAXGUSDT,2026-08-04,1
PENGUUSDT,2026-08-04,1
PUMPFUNUSDT,2026-08-04,1
RENDERUSDT,2026-08-04,1
REUSDT,2026-08-04,1
SEIUSDT,2026-08-04,1
SHIB1000USDT,2026-08-04,1
SKHYNIXUSDT,2026-08-04,1
SLXUSDT,2026-08-04,1
SOLUSDT,2026-08-04,1
SOONUSDT,2026-08-04,1
SPCXUSDT,2026-08-04,1
STRKUSDT,2026-08-04,1
SUIUSDT,2026-08-04,1
TAOUSDT,2026-08-04,1
TIAUSDT,2026-08-04,1
TLMUSDT,2026-08-04,1
TRUMPUSDT,2026-08-04,1
TRXUSDT,2026-08-04,1
UNIUSDT,2026-08-04,1
USUSDT,2026-08-04,1
VANRYUSDT,2026-08-04,1
VIRTUALUSDT,2026-08-04,1
VVVUSDT,2026-08-04,1
WIFUSDT,2026-08-04,1
WLDUSDT,2026-08-04,1
WLFIUSDT,2026-08-04,1
XAGUSDT,2026-08-04,1
XAUTUSDT,2026-08-04,1
XLMUSDT,2026-08-04,1
XMRUSDT,2026-08-04,1
XPLUSDT,2026-08-04,1
XRPUSDT,2026-08-04,1
ZAMAUSDT,2026-08-04,1
ZECUSDT,2026-08-04,1
ZROUSDT,2026-08-04,1
1000BONKUSDT,2026-08-05,1
1000PEPEUSDT,2026-08-05,1
AAVEUSDT,2026-08-05,1
ADAUSDT,2026-08-05,1
AEROUSDT,2026-08-05,1
AKEUSDT,2026-08-05,1
ALGOUSDT,2026-08-05,1
ALLOUSDT,2026-08-05,1
APTUSDT,2026-08-05,1
ARBUSDT,2026-08-05,1
ASTERUSDT,2026-08-05,1
ATOMUSDT,2026-08-05,1
AVAXUSDT,2026-08-05,1
BANKUSDT,2026-08-05,1
BCHUSDT,2026-08-05,1
BEATUSDT,2026-08-05,1
BNBUSDT,2026-08-05,1
COTIUSDT,2026-08-05,1
CRVUSDT,2026-08-05,1
DASHUSDT,2026-08-05,1
DEXEUSDT,2026-08-05,1
DOGEUSDT,2026-08-05,1
DOTUSDT,2026-08-05,1
DRAMUSDT,2026-08-05,1
EIGENUSDT,2026-08-05,1
ENAUSDT,2026-08-05,1
ESPORTSUSDT,2026-08-05,1
EULUSDT,2026-08-05,1
FARTCOINUSDT,2026-08-05,1
FILUSDT,2026-08-05,1
GRAMUSDT,2026-08-05,1
GWEIUSDT,2026-08-05,1
HBARUSDT,2026-08-05,1
HOMEUSDT,2026-08-05,1
HYPEUSDT,2026-08-05,1
ICPUSDT,2026-08-05,1
INJUSDT,2026-08-05,1
JTOUSDT,2026-08-05,1
JUPUSDT,2026-08-05,1
KAITOUSDT,2026-08-05,1
LABUSDT,2026-08-05,1
LAUSDT,2026-08-05,1
LDOUSDT,2026-08-05,1
LINKUSDT,2026-08-05,1
LITUSDT,2026-08-05,1
LTCUSDT,2026-08-05,1
MNTUSDT,2026-08-05,1
MRVLUSDT,2026-08-05,1
MSTRUSDT,2026-08-05,1
MUUSDT,2026-08-05,1
NEARUSDT,2026-08-05,1
ONDOUSDT,2026-08-05,1
OPUSDT,2026-08-05,1
ORDIUSDT,2026-08-05,1
PAXGUSDT,2026-08-05,1
PENGUUSDT,2026-08-05,1
PUMPFUNUSDT,2026-08-05,1
RENDERUSDT,2026-08-05,1
REUSDT,2026-08-05,1
SEIUSDT,2026-08-05,1
SHIB1000USDT,2026-08-05,1
SKHYNIXUSDT,2026-08-05,1
SLXUSDT,2026-08-05,1
SOLUSDT,2026-08-05,1
SOONUSDT,2026-08-05,1
SPCXUSDT,2026-08-05,1
STRKUSDT,2026-08-05,1
SUIUSDT,2026-08-05,1
TAOUSDT,2026-08-05,1
TIAUSDT,2026-08-05,1
TLMUSDT,2026-08-05,1
TRUMPUSDT,2026-08-05,1
TRXUSDT,2026-08-05,1
UAIUSDT,2026-08-05,1
UNIUSDT,2026-08-05,1
USUSDT,2026-08-05,1
VANRYUSDT,2026-08-05,1
VIRTUALUSDT,2026-08-05,1
VVVUSDT,2026-08-05,1
WIFUSDT,2026-08-05,1
WLDUSDT,2026-08-05,1
WLFIUSDT,2026-08-05,1
XAGUSDT,2026-08-05,1
XAUTUSDT,2026-08-05,1
XLMUSDT,2026-08-05,1
XMRUSDT,2026-08-05,1
XPLUSDT,2026-08-05,1
XRPUSDT,2026-08-05,1
ZAMAUSDT,2026-08-05,1
ZECUSDT,2026-08-05,1
ZROUSDT,2026-08-05,1
1000BONKUSDT,2026-08-06,1
1000PEPEUSDT,2026-08-06,1
AAVEUSDT,2026-08-06,1
ADAUSDT,2026-08-06,1
AEROUSDT,2026-08-06,1
AKEUSDT,2026-08-06,1
ALGOUSDT,2026-08-06,1
ALLOUSDT,2026-08-06,1
APTUSDT,2026-08-06,1
ARBUSDT,2026-08-06,1
ASTERUSDT,2026-08-06,1
ATOMUSDT,2026-08-06,1
AVAXUSDT,2026-08-06,1
BANKUSDT,2026-08-06,1
BCHUSDT,2026-08-06,1
BEATUSDT,2026-08-06,1
BNBUSDT,2026-08-06,1
COTIUSDT,2026-08-06,1
CRVUSDT,2026-08-06,1
DASHUSDT,2026-08-06,1
DEXEUSDT,2026-08-06,1
DOGEUSDT,2026-08-06,1
DOTUSDT,2026-08-06,1
DRAMUSDT,2026-08-06,1
EIGENUSDT,2026-08-06,1
ENAUSDT,2026-08-06,1
ESPORTSUSDT,2026-08-06,1
EULUSDT,2026-08-06,1
FARTCOINUSDT,2026-08-06,1
FILUSDT,2026-08-06,1
GIGGLEUSDT,2026-08-06,1
GRAMUSDT,2026-08-06,1
GWEIUSDT,2026-08-06,1
HBARUSDT,2026-08-06,1
HOMEUSDT,2026-08-06,1
HYPEUSDT,2026-08-06,1
ICPUSDT,2026-08-06,1
INJUSDT,2026-08-06,1
JTOUSDT,2026-08-06,1
JUPUSDT,2026-08-06,1
KAITOUSDT,2026-08-06,1
LABUSDT,2026-08-06,1
LAUSDT,2026-08-06,1
LDOUSDT,2026-08-06,1
LINKUSDT,2026-08-06,1
LITUSDT,2026-08-06,1
LTCUSDT,2026-08-06,1
MMTUSDT,2026-08-06,1
MNTUSDT,2026-08-06,1
MRVLUSDT,2026-08-06,1
MSTRUSDT,2026-08-06,1
MUUSDT,2026-08-06,1
NEARUSDT,2026-08-06,1
ONDOUSDT,2026-08-06,1
OPUSDT,2026-08-06,1
ORDIUSDT,2026-08-06,1
PAXGUSDT,2026-08-06,1
PENGUUSDT,2026-08-06,1
PUMPFUNUSDT,2026-08-06,1
RENDERUSDT,2026-08-06,1
REUSDT,2026-08-06,1
SEIUSDT,2026-08-06,1
SHIB1000USDT,2026-08-06,1
SKHYNIXUSDT,2026-08-06,1
SLXUSDT,2026-08-06,1
SOLUSDT,2026-08-06,1
SOONUSDT,2026-08-06,1
SPCXUSDT,2026-08-06,1
STRKUSDT,2026-08-06,1
SUIUSDT,2026-08-06,1
TAOUSDT,2026-08-06,1
TIAUSDT,2026-08-06,1
TLMUSDT,2026-08-06,1
TRUMPUSDT,2026-08-06,1
TRXUSDT,2026-08-06,1
UAIUSDT,2026-08-06,1
UNIUSDT,2026-08-06,1
USUSDT,2026-08-06,1
VANRYUSDT,2026-08-06,1
VIRTUALUSDT,2026-08-06,1
VVVUSDT,2026-08-06,1
WIFUSDT,2026-08-06,1
WLDUSDT,2026-08-06,1
WLFIUSDT,2026-08-06,1
XAGUSDT,2026-08-06,1
XAUTUSDT,2026-08-06,1
XLMUSDT,2026-08-06,1
XMRUSDT,2026-08-06,1
XPLUSDT,2026-08-06,1
XRPUSDT,2026-08-06,1
ZAMAUSDT,2026-08-06,1
ZECUSDT,2026-08-06,1
ZROUSDT,2026-08-06,1
1000BONKUSDT,2026-08-07,1
1000PEPEUSDT,2026-08-07,1
1000RATSUSDT,2026-08-07,1
AAVEUSDT,2026-08-07,1
ADAUSDT,2026-08-07,1
AEROUSDT,2026-08-07,1
AKEUSDT,2026-08-07,1
ALGOUSDT,2026-08-07,1
ALLOUSDT,2026-08-07,1
APTUSDT,2026-08-07,1
ARBUSDT,2026-08-07,1
ATOMUSDT,2026-08-07,1
AVAXUSDT,2026-08-07,1
BANKUSDT,2026-08-07,1
BCHUSDT,2026-08-07,1
BEATUSDT,2026-08-07,1
BNBUSDT,2026-08-07,1
BZUSDT,2026-08-07,1
COTIUSDT,2026-08-07,1
CRVUSDT,2026-08-07,1
DASHUSDT,2026-08-07,1
DEXEUSDT,2026-08-07,1
DOGEUSDT,2026-08-07,1
DOTUSDT,2026-08-07,1
DRAMUSDT,2026-08-07,1
EIGENUSDT,2026-08-07,1
ENAUSDT,2026-08-07,1
ESPORTSUSDT,2026-08-07,1
EULUSDT,2026-08-07,1
FARTCOINUSDT,2026-08-07,1
FILUSDT,2026-08-07,1
GIGGLEUSDT,2026-08-07,1
GRAMUSDT,2026-08-07,1
GWEIUSDT,2026-08-07,1
HBARUSDT,2026-08-07,1
HOMEUSDT,2026-08-07,1
HYPEUSDT,2026-08-07,1
ICPUSDT,2026-08-07,1
INJUSDT,2026-08-07,1
JTOUSDT,2026-08-07,1
JUPUSDT,2026-08-07,1
KAITOUSDT,2026-08-07,1
LABUSDT,2026-08-07,1
LAUSDT,2026-08-07,1
LDOUSDT,2026-08-07,1
LINKUSDT,2026-08-07,1
LITUSDT,2026-08-07,1
LTCUSDT,2026-08-07,1
MMTUSDT,2026-08-07,1
MNTUSDT,2026-08-07,1
MRVLUSDT,2026-08-07,1
MSTRUSDT,2026-08-07,1
MUUSDT,2026-08-07,1
NEARUSDT,2026-08-07,1
ONDOUSDT,2026-08-07,1
OPUSDT,2026-08-07,1
ORDIUSDT,2026-08-07,1
PAXGUSDT,2026-08-07,1
PENGUUSDT,2026-08-07,1
PUMPFUNUSDT,2026-08-07,1
RENDERUSDT,2026-08-07,1
REUSDT,2026-08-07,1
SEIUSDT,2026-08-07,1
SHIB1000USDT,2026-08-07,1
SKHYNIXUSDT,2026-08-07,1
SOLUSDT,2026-08-07,1
SOONUSDT,2026-08-07,1
SPCXUSDT,2026-08-07,1
STRKUSDT,2026-08-07,1
SUIUSDT,2026-08-07,1
TAOUSDT,2026-08-07,1
TIAUSDT,2026-08-07,1
TLMUSDT,2026-08-07,1
TRUMPUSDT,2026-08-07,1
TRXUSDT,2026-08-07,1
UAIUSDT,2026-08-07,1
UNIUSDT,2026-08-07,1
USUSDT,2026-08-07,1
VANRYUSDT,2026-08-07,1
VIRTUALUSDT,2026-08-07,1
VVVUSDT,2026-08-07,1
WIFUSDT,2026-08-07,1
WLDUSDT,2026-08-07,1
WLFIUSDT,2026-08-07,1
XAGUSDT,2026-08-07,1
XAUTUSDT,2026-08-07,1
XLMUSDT,2026-08-07,1
XMRUSDT,2026-08-07,1
XPLUSDT,2026-08-07,1
XRPUSDT,2026-08-07,1
ZAMAUSDT,2026-08-07,1
ZECUSDT,2026-08-07,1
ZROUSDT,2026-08-07,1
1000BONKUSDT,2026-08-08,1
1000PEPEUSDT,2026-08-08,1
1000RATSUSDT,2026-08-08,1
AAVEUSDT,2026-08-08,1
ADAUSDT,2026-08-08,1
AEROUSDT,2026-08-08,1
AKEUSDT,2026-08-08,1
ALGOUSDT,2026-08-08,1
ALLOUSDT,2026-08-08,1
APTUSDT,2026-08-08,1
ARBUSDT,2026-08-08,1
ATOMUSDT,2026-08-08,1
AVAXUSDT,2026-08-08,1
BANKUSDT,2026-08-08,1
BCHUSDT,2026-08-08,1
BEATUSDT,2026-08-08,1
BLESSUSDT,2026-08-08,1
BNBUSDT,2026-08-08,1
BTWUSDT,2026-08-08,1
BZUSDT,2026-08-08,1
COTIUSDT,2026-08-08,1
CRVUSDT,2026-08-08,1
DASHUSDT,2026-08-08,1
DEXEUSDT,2026-08-08,1
DOGEUSDT,2026-08-08,1
DOTUSDT,2026-08-08,1
DRAMUSDT,2026-08-08,1
EIGENUSDT,2026-08-08,1
ENAUSDT,2026-08-08,1
ESPORTSUSDT,2026-08-08,1
EULUSDT,2026-08-08,1
FARTCOINUSDT,2026-08-08,1
FILUSDT,2026-08-08,1
GIGGLEUSDT,2026-08-08,1
GRAMUSDT,2026-08-08,1
GWEIUSDT,2026-08-08,1
HBARUSDT,2026-08-08,1
HOMEUSDT,2026-08-08,1
HYPEUSDT,2026-08-08,1
ICPUSDT,2026-08-08,1
INJUSDT,2026-08-08,1
JTOUSDT,2026-08-08,1
JUPUSDT,2026-08-08,1
KAITOUSDT,2026-08-08,1
LABUSDT,2026-08-08,1
LAUSDT,2026-08-08,1
LDOUSDT,2026-08-08,1
LINKUSDT,2026-08-08,1
LITUSDT,2026-08-08,1
LTCUSDT,2026-08-08,1
MMTUSDT,2026-08-08,1
MNTUSDT,2026-08-08,1
MRVLUSDT,2026-08-08,1
MSTRUSDT,2026-08-08,1
MUUSDT,2026-08-08,1
NEARUSDT,2026-08-08,1
ONDOUSDT,2026-08-08,1
OPUSDT,2026-08-08,1
ORDIUSDT,2026-08-08,1
PAXGUSDT,2026-08-08,1
PENGUUSDT,2026-08-08,1
PUMPFUNUSDT,2026-08-08,1
RENDERUSDT,2026-08-08,1
SEIUSDT,2026-08-08,1
SHIB1000USDT,2026-08-08,1
SKHYNIXUSDT,2026-08-08,1
SOLUSDT,2026-08-08,1
SOONUSDT,2026-08-08,1
SPCXUSDT,2026-08-08,1
STRKUSDT,2026-08-08,1
SUIUSDT,2026-08-08,1
TAOUSDT,2026-08-08,1
TIAUSDT,2026-08-08,1
TLMUSDT,2026-08-08,1
TRUMPUSDT,2026-08-08,1
TRXUSDT,2026-08-08,1
UAIUSDT,2026-08-08,1
UNIUSDT,2026-08-08,1
USUSDT,2026-08-08,1
VANRYUSDT,2026-08-08,1
VIRTUALUSDT,2026-08-08,1
VVVUSDT,2026-08-08,1
WIFUSDT,2026-08-08,1
WLDUSDT,2026-08-08,1
WLFIUSDT,2026-08-08,1
XAGUSDT,2026-08-08,1
XAUTUSDT,2026-08-08,1
XLMUSDT,2026-08-08,1
XMRUSDT,2026-08-08,1
XPLUSDT,2026-08-08,1
XRPUSDT,2026-08-08,1
ZAMAUSDT,2026-08-08,1
ZECUSDT,2026-08-08,1
ZROUSDT,2026-08-08,1
1000BONKUSDT,2026-08-09,1
1000PEPEUSDT,2026-08-09,1
1000RATSUSDT,2026-08-09,1
AAVEUSDT,2026-08-09,1
ADAUSDT,2026-08-09,1
AEROUSDT,2026-08-09,1
AKEUSDT,2026-08-09,1
ALGOUSDT,2026-08-09,1
ALLOUSDT,2026-08-09,1
APTUSDT,2026-08-09,1
ARBUSDT,2026-08-09,1
ATOMUSDT,2026-08-09,1
AVAXUSDT,2026-08-09,1
BANKUSDT,2026-08-09,1
BCHUSDT,2026-08-09,1
BEATUSDT,2026-08-09,1
BLESSUSDT,2026-08-09,1
BNBUSDT,2026-08-09,1
BTWUSDT,2026-08-09,1
BZUSDT,2026-08-09,1
COTIUSDT,2026-08-09,1
CRVUSDT,2026-08-09,1
DASHUSDT,2026-08-09,1
DEXEUSDT,2026-08-09,1
DOGEUSDT,2026-08-09,1
DOTUSDT,2026-08-09,1
DRAMUSDT,2026-08-09,1
EIGENUSDT,2026-08-09,1
ENAUSDT,2026-08-09,1
ESPORTSUSDT,2026-08-09,1
EULUSDT,2026-08-09,1
FARTCOINUSDT,2026-08-09,1
FILUSDT,2026-08-09,1
GIGGLEUSDT,2026-08-09,1
GRAMUSDT,2026-08-09,1
GWEIUSDT,2026-08-09,1
HBARUSDT,2026-08-09,1
HOMEUSDT,2026-08-09,1
HYPEUSDT,2026-08-09,1
ICPUSDT,2026-08-09,1
INJUSDT,2026-08-09,1
JTOUSDT,2026-08-09,1
JUPUSDT,2026-08-09,1
KAITOUSDT,2026-08-09,1
LABUSDT,2026-08-09,1
LAUSDT,2026-08-09,1
LDOUSDT,2026-08-09,1
LINKUSDT,2026-08-09,1
LITUSDT,2026-08-09,1
LTCUSDT,2026-08-09,1
MMTUSDT,2026-08-09,1
MNTUSDT,2026-08-09,1
MRVLUSDT,2026-08-09,1
MSTRUSDT,2026-08-09,1
MUUSDT,2026-08-09,1
NEARUSDT,2026-08-09,1
ONDOUSDT,2026-08-09,1
OPUSDT,2026-08-09,1
ORDIUSDT,2026-08-09,1
PAXGUSDT,2026-08-09,1
PENGUUSDT,2026-08-09,1
PUMPFUNUSDT,2026-08-09,1
RENDERUSDT,2026-08-09,1
SEIUSDT,2026-08-09,1
SHIB1000USDT,2026-08-09,1
SKHYNIXUSDT,2026-08-09,1
SKYAI1USDT,2026-08-09,1
SOLUSDT,2026-08-09,1
SOONUSDT,2026-08-09,1
SPCXUSDT,2026-08-09,1
STRKUSDT,2026-08-09,1
SUIUSDT,2026-08-09,1
TAOUSDT,2026-08-09,1
TIAUSDT,2026-08-09,1
TRUMPUSDT,2026-08-09,1
TRXUSDT,2026-08-09,1
UAIUSDT,2026-08-09,1
UBUSDT,2026-08-09,1
UNIUSDT,2026-08-09,1
USUSDT,2026-08-09,1
VANRYUSDT,2026-08-09,1
VIRTUALUSDT,2026-08-09,1
VVVUSDT,2026-08-09,1
WIFUSDT,2026-08-09,1
WLDUSDT,2026-08-09,1
WLFIUSDT,2026-08-09,1
XAGUSDT,2026-08-09,1
XAUTUSDT,2026-08-09,1
XLMUSDT,2026-08-09,1
XMRUSDT,2026-08-09,1
XPLUSDT,2026-08-09,1
XRPUSDT,2026-08-09,1
ZAMAUSDT,2026-08-09,1
ZECUSDT,2026-08-09,1
ZROUSDT,2026-08-09,1
1000BONKUSDT,2026-08-10,1
1000PEPEUSDT,2026-08-10,1
1000RATSUSDT,2026-08-10,1
AAVEUSDT,2026-08-10,1
ADAUSDT,2026-08-10,1
AEROUSDT,2026-08-10,1
AKEUSDT,2026-08-10,1
ALGOUSDT,2026-08-10,1
ALLOUSDT,2026-08-10,1
APTUSDT,2026-08-10,1
ARBUSDT,2026-08-10,1
ATOMUSDT,2026-08-10,1
AVAXUSDT,2026-08-10,1
BANKUSDT,2026-08-10,1
BCHUSDT,2026-08-10,1
BEATUSDT,2026-08-10,1
BICOUSDT,2026-08-10,1
BLESSUSDT,2026-08-10,1
BNBUSDT,2026-08-10,1
BTWUSDT,2026-08-10,1
BZUSDT,2026-08-10,1
COTIUSDT,2026-08-10,1
CRVUSDT,2026-08-10,1
DASHUSDT,2026-08-10,1
DEXEUSDT,2026-08-10,1
DOGEUSDT,2026-08-10,1
DOTUSDT,2026-08-10,1
DRAMUSDT,2026-08-10,1
ENAUSDT,2026-08-10,1
ESPORTSUSDT,2026-08-10,1
EULUSDT,2026-08-10,1
FARTCOINUSDT,2026-08-10,1
FILUSDT,2026-08-10,1
GIGGLEUSDT,2026-08-10,1
GRAMUSDT,2026-08-10,1
GWEIUSDT,2026-08-10,1
HBARUSDT,2026-08-10,1
HFTUSDT,2026-08-10,1
HOMEUSDT,2026-08-10,1
HYPEUSDT,2026-08-10,1
ICPUSDT,2026-08-10,1
INJUSDT,2026-08-10,1
JTOUSDT,2026-08-10,1
JUPUSDT,2026-08-10,1
KAITOUSDT,2026-08-10,1
LABUSDT,2026-08-10,1
LAUSDT,2026-08-10,1
LDOUSDT,2026-08-10,1
LINKUSDT,2026-08-10,1
LITUSDT,2026-08-10,1
LTCUSDT,2026-08-10,1
MMTUSDT,2026-08-10,1
MNTUSDT,2026-08-10,1
MRVLUSDT,2026-08-10,1
MSTRUSDT,2026-08-10,1
MUUSDT,2026-08-10,1
NEARUSDT,2026-08-10,1
ONDOUSDT,2026-08-10,1
OPUSDT,2026-08-10,1
ORDIUSDT,2026-08-10,1
PAXGUSDT,2026-08-10,1
PENGUUSDT,2026-08-10,1
PUMPFUNUSDT,2026-08-10,1
RENDERUSDT,2026-08-10,1
SEIUSDT,2026-08-10,1
SHIB1000USDT,2026-08-10,1
SKHYNIXUSDT,2026-08-10,1
SKYAI1USDT,2026-08-10,1
SOLUSDT,2026-08-10,1
SPCXUSDT,2026-08-10,1
STRKUSDT,2026-08-10,1
SUIUSDT,2026-08-10,1
TAOUSDT,2026-08-10,1
TIAUSDT,2026-08-10,1
TRUMPUSDT,2026-08-10,1
TRXUSDT,2026-08-10,1
UAIUSDT,2026-08-10,1
UBUSDT,2026-08-10,1
UNIUSDT,2026-08-10,1
USUSDT,2026-08-10,1
VANRYUSDT,2026-08-10,1
VIRTUALUSDT,2026-08-10,1
VVVUSDT,2026-08-10,1
WIFUSDT,2026-08-10,1
WLDUSDT,2026-08-10,1
WLFIUSDT,2026-08-10,1
XAGUSDT,2026-08-10,1
XAUTUSDT,2026-08-10,1
XLMUSDT,2026-08-10,1
XMRUSDT,2026-08-10,1
XPLUSDT,2026-08-10,1
XRPUSDT,2026-08-10,1
ZAMAUSDT,2026-08-10,1
ZECUSDT,2026-08-10,1
ZROUSDT,2026-08-10,1
1000BONKUSDT,2026-08-11,1
1000PEPEUSDT,2026-08-11,1
1000RATSUSDT,2026-08-11,1
AAVEUSDT,2026-08-11,1
ADAUSDT,2026-08-11,1
AEROUSDT,2026-08-11,1
AKEUSDT,2026-08-11,1
ALGOUSDT,2026-08-11,1
ALLOUSDT,2026-08-11,1
APTUSDT,2026-08-11,1
ARBUSDT,2026-08-11,1
ATOMUSDT,2026-08-11,1
AVAXUSDT,2026-08-11,1
BANKUSDT,2026-08-11,1
BCHUSDT,2026-08-11,1
BEATUSDT,2026-08-11,1
BICOUSDT,2026-08-11,1
BLESSUSDT,2026-08-11,1
BNBUSDT,2026-08-11,1
BTWUSDT,2026-08-11,1
BZUSDT,2026-08-11,1
COTIUSDT,2026-08-11,1
CRVUSDT,2026-08-11,1
CYSUSDT,2026-08-11,1
DASHUSDT,2026-08-11,1
DEXEUSDT,2026-08-11,1
DOGEUSDT,2026-08-11,1
DOTUSDT,2026-08-11,1
DRAMUSDT,2026-08-11,1
ENAUSDT,2026-08-11,1
EPICUSDT,2026-08-11,1
ESPORTSUSDT,2026-08-11,1
EULUSDT,2026-08-11,1
FARTCOINUSDT,2026-08-11,1
FILUSDT,2026-08-11,1
GIGGLEUSDT,2026-08-11,1
GRAMUSDT,2026-08-11,1
GWEIUSDT,2026-08-11,1
HBARUSDT,2026-08-11,1
HFTUSDT,2026-08-11,1
HOMEUSDT,2026-08-11,1
HYPEUSDT,2026-08-11,1
ICPUSDT,2026-08-11,1
INJUSDT,2026-08-11,1
JTOUSDT,2026-08-11,1
JUPUSDT,2026-08-11,1
KAITOUSDT,2026-08-11,1
LABUSDT,2026-08-11,1
LAUSDT,2026-08-11,1
LDOUSDT,2026-08-11,1
LINKUSDT,2026-08-11,1
LITUSDT,2026-08-11,1
LTCUSDT,2026-08-11,1
MMTUSDT,2026-08-11,1
MNTUSDT,2026-08-11,1
MRVLUSDT,2026-08-11,1
MSTRUSDT,2026-08-11,1
MUUSDT,2026-08-11,1
NEARUSDT,2026-08-11,1
ONDOUSDT,2026-08-11,1
OPUSDT,2026-08-11,1
ORDIUSDT,2026-08-11,1
PAXGUSDT,2026-08-11,1
PENGUUSDT,2026-08-11,1
PUMPFUNUSDT,2026-08-11,1
RENDERUSDT,2026-08-11,1
SEIUSDT,2026-08-11,1
SHIB1000USDT,2026-08-11,1
SKHYNIXUSDT,2026-08-11,1
SKYAI1USDT,2026-08-11,1
SOLUSDT,2026-08-11,1
SPCXUSDT,2026-08-11,1
STRKUSDT,2026-08-11,1
SUIUSDT,2026-08-11,1
TAOUSDT,2026-08-11,1
TIAUSDT,2026-08-11,1
TRUMPUSDT,2026-08-11,1
TRXUSDT,2026-08-11,1
UAIUSDT,2026-08-11,1
UBUSDT,2026-08-11,1
UNIUSDT,2026-08-11,1
USUSDT,2026-08-11,1
VANRYUSDT,2026-08-11,1
VIRTUALUSDT,2026-08-11,1
VVVUSDT,2026-08-11,1
WIFUSDT,2026-08-11,1
WLDUSDT,2026-08-11,1
WLFIUSDT,2026-08-11,1
XAGUSDT,2026-08-11,1
XAUTUSDT,2026-08-11,1
XLMUSDT,2026-08-11,1
XMRUSDT,2026-08-11,1
XPLUSDT,2026-08-11,1
XRPUSDT,2026-08-11,1
ZAMAUSDT,2026-08-11,1
ZECUSDT,2026-08-11,1
ZROUSDT,2026-08-11,1
1000BONKUSDT,2026-08-12,1
1000PEPEUSDT,2026-08-12,1
1000RATSUSDT,2026-08-12,1
AAVEUSDT,2026-08-12,1
ADAUSDT,2026-08-12,1
AEROUSDT,2026-08-12,1
AKEUSDT,2026-08-12,1
ALGOUSDT,2026-08-12,1
ALLOUSDT,2026-08-12,1
APTUSDT,2026-08-12,1
ARBUSDT,2026-08-12,1
ATOMUSDT,2026-08-12,1
AVAXUSDT,2026-08-12,1
BANKUSDT,2026-08-12,1
BCHUSDT,2026-08-12,1
BEATUSDT,2026-08-12,1
BICOUSDT,2026-08-12,1
BLESSUSDT,2026-08-12,1
BNBUSDT,2026-08-12,1
BTWUSDT,2026-08-12,1
BZUSDT,2026-08-12,1
COTIUSDT,2026-08-12,1
CRVUSDT,2026-08-12,1
CYSUSDT,2026-08-12,1
DASHUSDT,2026-08-12,1
DEXEUSDT,2026-08-12,1
DOGEUSDT,2026-08-12,1
DOTUSDT,2026-08-12,1
DRAMUSDT,2026-08-12,1
ENAUSDT,2026-08-12,1
EPICUSDT,2026-08-12,1
ESPORTSUSDT,2026-08-12,1
EULUSDT,2026-08-12,1
FARTCOINUSDT,2026-08-12,1
FILUSDT,2026-08-12,1
GIGGLEUSDT,2026-08-12,1
GRAMUSDT,2026-08-12,1
GWEIUSDT,2026-08-12,1
HBARUSDT,2026-08-12,1
HFTUSDT,2026-08-12,1
HOMEUSDT,2026-08-12,1
HYPEUSDT,2026-08-12,1
ICPUSDT,2026-08-12,1
INJUSDT,2026-08-12,1
JTOUSDT,2026-08-12,1
JUPUSDT,2026-08-12,1
KAITOUSDT,2026-08-12,1
LABUSDT,2026-08-12,1
LAUSDT,2026-08-12,1
LDOUSDT,2026-08-12,1
LINKUSDT,2026-08-12,1
LITUSDT,2026-08-12,1
LTCUSDT,2026-08-12,1
MMTUSDT,2026-08-12,1
MNTUSDT,2026-08-12,1
MRVLUSDT,2026-08-12,1
MSTRUSDT,2026-08-12,1
MUUSDT,2026-08-12,1
NEARUSDT,2026-08-12,1
ONDOUSDT,2026-08-12,1
OPUSDT,2026-08-12,1
ORDIUSDT,2026-08-12,1
PAXGUSDT,2026-08-12,1
PENGUUSDT,2026-08-12,1
PUMPFUNUSDT,2026-08-12,1
RENDERUSDT,2026-08-12,1
SEIUSDT,2026-08-12,1
SHIB1000USDT,2026-08-12,1
SKHYNIXUSDT,2026-08-12,1
SKYAI1USDT,2026-08-12,1
SOLUSDT,2026-08-12,1
SPCXUSDT,2026-08-12,1
STRKUSDT,2026-08-12,1
SUIUSDT,2026-08-12,1
TAOUSDT,2026-08-12,1
TIAUSDT,2026-08-12,1
TRUMPUSDT,2026-08-12,1
TRXUSDT,2026-08-12,1
UAIUSDT,2026-08-12,1
UBUSDT,2026-08-12,1
UNIUSDT,2026-08-12,1
USUSDT,2026-08-12,1
VANRYUSDT,2026-08-12,1
VIRTUALUSDT,2026-08-12,1
VVVUSDT,2026-08-12,1
WIFUSDT,2026-08-12,1
WLDUSDT,2026-08-12,1
WLFIUSDT,2026-08-12,1
XAGUSDT,2026-08-12,1
XAUTUSDT,2026-08-12,1
XLMUSDT,2026-08-12,1
XMRUSDT,2026-08-12,1
XPLUSDT,2026-08-12,1
XRPUSDT,2026-08-12,1
ZAMAUSDT,2026-08-12,1
ZECUSDT,2026-08-12,1
ZROUSDT,2026-08-12,1
1000BONKUSDT,2026-08-13,1
1000PEPEUSDT,2026-08-13,1
1000RATSUSDT,2026-08-13,1
AAVEUSDT,2026-08-13,1
ACEUSDT,2026-08-13,1
ADAUSDT,2026-08-13,1
AEROUSDT,2026-08-13,1
AKEUSDT,2026-08-13,1
ALGOUSDT,2026-08-13,1
ALLOUSDT,2026-08-13,1
APTUSDT,2026-08-13,1
ARBUSDT,2026-08-13,1
ATOMUSDT,2026-08-13,1
AVAXUSDT,2026-08-13,1
BANKUSDT,2026-08-13,1
BCHUSDT,2026-08-13,1
BEATUSDT,2026-08-13,1
BICOUSDT,2026-08-13,1
BLESSUSDT,2026-08-13,1
BNBUSDT,2026-08-13,1
BTWUSDT,2026-08-13,1
BZUSDT,2026-08-13,1
CAPUSDT,2026-08-13,1
COTIUSDT,2026-08-13,1
CRVUSDT,2026-08-13,1
CYSUSDT,2026-08-13,1
DASHUSDT,2026-08-13,1
DEXEUSDT,2026-08-13,1
DOGEUSDT,2026-08-13,1
DOTUSDT,2026-08-13,1
DRAMUSDT,2026-08-13,1
ENAUSDT,2026-08-13,1
EPICUSDT,2026-08-13,1
ESPORTSUSDT,2026-08-13,1
FARTCOINUSDT,2026-08-13,1
FILUSDT,2026-08-13,1
GIGGLEUSDT,2026-08-13,1
GRAMUSDT,2026-08-13,1
GWEIUSDT,2026-08-13,1
HBARUSDT,2026-08-13,1
HFTUSDT,2026-08-13,1
HOMEUSDT,2026-08-13,1
HYPEUSDT,2026-08-13,1
ICPUSDT,2026-08-13,1
INJUSDT,2026-08-13,1
JTOUSDT,2026-08-13,1
JUPUSDT,2026-08-13,1
KAITOUSDT,2026-08-13,1
LABUSDT,2026-08-13,1
LAUSDT,2026-08-13,1
LDOUSDT,2026-08-13,1
LINKUSDT,2026-08-13,1
LITUSDT,2026-08-13,1
LTCUSDT,2026-08-13,1
MMTUSDT,2026-08-13,1
MNTUSDT,2026-08-13,1
MRVLUSDT,2026-08-13,1
MSTRUSDT,2026-08-13,1
MUUSDT,2026-08-13,1
NEARUSDT,2026-08-13,1
ONDOUSDT,2026-08-13,1
OPUSDT,2026-08-13,1
ORDIUSDT,2026-08-13,1
PAXGUSDT,2026-08-13,1
PENGUUSDT,2026-08-13,1
PUMPFUNUSDT,2026-08-13,1
RENDERUSDT,2026-08-13,1
SEIUSDT,2026-08-13,1
SHIB1000USDT,2026-08-13,1
SKHYNIXUSDT,2026-08-13,1
SKYAI1USDT,2026-08-13,1
SOLUSDT,2026-08-13,1
SPCXUSDT,2026-08-13,1
STRKUSDT,2026-08-13,1
SUIUSDT,2026-08-13,1
TAOUSDT,2026-08-13,1
TIAUSDT,2026-08-13,1
TRUMPUSDT,2026-08-13,1
TRXUSDT,2026-08-13,1
UAIUSDT,2026-08-13,1
UBUSDT,2026-08-13,1
UNIUSDT,2026-08-13,1
USUSDT,2026-08-13,1
VIRTUALUSDT,2026-08-13,1
VVVUSDT,2026-08-13,1
WIFUSDT,2026-08-13,1
WLDUSDT,2026-08-13,1
WLFIUSDT,2026-08-13,1
XAGUSDT,2026-08-13,1
XAUTUSDT,2026-08-13,1
XLMUSDT,2026-08-13,1
XMRUSDT,2026-08-13,1
XPLUSDT,2026-08-13,1
XRPUSDT,2026-08-13,1
ZAMAUSDT,2026-08-13,1
ZECUSDT,2026-08-13,1
ZROUSDT,2026-08-13,1
1000BONKUSDT,2026-08-14,1
1000PEPEUSDT,2026-08-14,1
1000RATSUSDT,2026-08-14,1
AAVEUSDT,2026-08-14,1
ACEUSDT,2026-08-14,1
ADAUSDT,2026-08-14,1
AEROUSDT,2026-08-14,1
AKEUSDT,2026-08-14,1
ALGOUSDT,2026-08-14,1
ALLOUSDT,2026-08-14,1
APTUSDT,2026-08-14,1
ARBUSDT,2026-08-14,1
ATOMUSDT,2026-08-14,1
AVAXUSDT,2026-08-14,1
BANKUSDT,2026-08-14,1
BCHUSDT,2026-08-14,1
BEATUSDT,2026-08-14,1
BICOUSDT,2026-08-14,1
BLESSUSDT,2026-08-14,1
BNBUSDT,2026-08-14,1
BTWUSDT,2026-08-14,1
BZUSDT,2026-08-14,1
CAPUSDT,2026-08-14,1
COTIUSDT,2026-08-14,1
CRVUSDT,2026-08-14,1
CYSUSDT,2026-08-14,1
DASHUSDT,2026-08-14,1
DEXEUSDT,2026-08-14,1
DOGEUSDT,2026-08-14,1
DOTUSDT,2026-08-14,1
DRAMUSDT,2026-08-14,1
ENAUSDT,2026-08-14,1
EPICUSDT,2026-08-14,1
ESPORTSUSDT,2026-08-14,1
FARTCOINUSDT,2026-08-14,1
FILUSDT,2026-08-14,1
GIGGLEUSDT,2026-08-14,1
GRAMUSDT,2026-08-14,1
GWEIUSDT,2026-08-14,1
HBARUSDT,2026-08-14,1
HFTUSDT,2026-08-14,1
HOMEUSDT,2026-08-14,1
HYPEUSDT,2026-08-14,1
ICPUSDT,2026-08-14,1
INJUSDT,2026-08-14,1
JTOUSDT,2026-08-14,1
JUPUSDT,2026-08-14,1
KAITOUSDT,2026-08-14,1
LABUSDT,2026-08-14,1
LAUSDT,2026-08-14,1
LDOUSDT,2026-08-14,1
LINKUSDT,2026-08-14,1
LITUSDT,2026-08-14,1
LTCUSDT,2026-08-14,1
MMTUSDT,2026-08-14,1
MNTUSDT,2026-08-14,1
MRVLUSDT,2026-08-14,1
MSTRUSDT,2026-08-14,1
MUUSDT,2026-08-14,1
NEARUSDT,2026-08-14,1
ONDOUSDT,2026-08-14,1
OPUSDT,2026-08-14,1
ORDIUSDT,2026-08-14,1
PAXGUSDT,2026-08-14,1
PENGUUSDT,2026-08-14,1
PUMPFUNUSDT,2026-08-14,1
RENDERUSDT,2026-08-14,1
SEIUSDT,2026-08-14,1
SHIB1000USDT,2026-08-14,1
SKHYNIXUSDT,2026-08-14,1
SKYAI1USDT,2026-08-14,1
SOLUSDT,2026-08-14,1
SPCXUSDT,2026-08-14,1
STRKUSDT,2026-08-14,1
SUIUSDT,2026-08-14,1
TAOUSDT,2026-08-14,1
TIAUSDT,2026-08-14,1
TRUMPUSDT,2026-08-14,1
TRXUSDT,2026-08-14,1
TUTUSDT,2026-08-14,1
UBUSDT,2026-08-14,1
UNIUSDT,2026-08-14,1
USUSDT,2026-08-14,1
VIRTUALUSDT,2026-08-14,1
VVVUSDT,2026-08-14,1
WIFUSDT,2026-08-14,1
WLDUSDT,2026-08-14,1
WLFIUSDT,2026-08-14,1
XAGUSDT,2026-08-14,1
XAUTUSDT,2026-08-14,1
XLMUSDT,2026-08-14,1
XMRUSDT,2026-08-14,1
XPLUSDT,2026-08-14,1
XRPUSDT,2026-08-14,1
ZECUSDT,2026-08-14,1
ZROUSDT,2026-08-14,1
1000BONKUSDT,2026-08-15,1
1000PEPEUSDT,2026-08-15,1
1000RATSUSDT,2026-08-15,1
AAVEUSDT,2026-08-15,1
ACEUSDT,2026-08-15,1
ADAUSDT,2026-08-15,1
AKEUSDT,2026-08-15,1
ALGOUSDT,2026-08-15,1
ALLOUSDT,2026-08-15,1
APTUSDT,2026-08-15,1
ARBUSDT,2026-08-15,1
ATOMUSDT,2026-08-15,1
AVAXUSDT,2026-08-15,1
BANKUSDT,2026-08-15,1
BCHUSDT,2026-08-15,1
BEATUSDT,2026-08-15,1
BICOUSDT,2026-08-15,1
BLESSUSDT,2026-08-15,1
BNBUSDT,2026-08-15,1
BTWUSDT,2026-08-15,1
BZUSDT,2026-08-15,1
CAPUSDT,2026-08-15,1
COTIUSDT,2026-08-15,1
CRVUSDT,2026-08-15,1
CYSUSDT,2026-08-15,1
DASHUSDT,2026-08-15,1
DEXEUSDT,2026-08-15,1
DOGEUSDT,2026-08-15,1
DOTUSDT,2026-08-15,1
DRAMUSDT,2026-08-15,1
ENAUSDT,2026-08-15,1
EPICUSDT,2026-08-15,1
ESPORTSUSDT,2026-08-15,1
FARTCOINUSDT,2026-08-15,1
FILUSDT,2026-08-15,1
GIGGLEUSDT,2026-08-15,1
GRAMUSDT,2026-08-15,1
GWEIUSDT,2026-08-15,1
HBARUSDT,2026-08-15,1
HFTUSDT,2026-08-15,1
HOMEUSDT,2026-08-15,1
HYPEUSDT,2026-08-15,1
ICPUSDT,2026-08-15,1
INJUSDT,2026-08-15,1
JTOUSDT,2026-08-15,1
KAITOUSDT,2026-08-15,1
LABUSDT,2026-08-15,1
LAUSDT,2026-08-15,1
LDOUSDT,2026-08-15,1
LINKUSDT,2026-08-15,1
LITUSDT,2026-08-15,1
LTCUSDT,2026-08-15,1
MMTUSDT,2026-08-15,1
MNTUSDT,2026-08-15,1
MRVLUSDT,2026-08-15,1
MSTRUSDT,2026-08-15,1
MUUSDT,2026-08-15,1
NEARUSDT,2026-08-15,1
ONDOUSDT,2026-08-15,1
OPUSDT,2026-08-15,1
ORDIUSDT,2026-08-15,1
PAXGUSDT,2026-08-15,1
PENGUUSDT,2026-08-15,1
PUMPFUNUSDT,2026-08-15,1
RENDERUSDT,2026-08-15,1
SEIUSDT,2026-08-15,1
SHIB1000USDT,2026-08-15,1
SKHYNIXUSDT,2026-08-15,1
SKYAI1USDT,2026-08-15,1
SOLUSDT,2026-08-15,1
SPCXUSDT,2026-08-15,1
STRKUSDT,2026-08-15,1
SUIUSDT,2026-08-15,1
TAOUSDT,2026-08-15,1
TIAUSDT,2026-08-15,1
TRUMPUSDT,2026-08-15,1
TRXUSDT,2026-08-15,1
TUTUSDT,2026-08-15,1
UBUSDT,2026-08-15,1
UNIUSDT,2026-08-15,1
USUSDT,2026-08-15,1
VIRTUALUSDT,2026-08-15,1
VVVUSDT,2026-08-15,1
WIFUSDT,2026-08-15,1
WLDUSDT,2026-08-15,1
WLFIUSDT,2026-08-15,1
XAGUSDT,2026-08-15,1
XAUTUSDT,2026-08-15,1
XLMUSDT,2026-08-15,1
XMRUSDT,2026-08-15,1
XPLUSDT,2026-08-15,1
XRPUSDT,2026-08-15,1
ZECUSDT,2026-08-15,1
ZROUSDT,2026-08-15,1
1000BONKUSDT,2026-08-16,1
1000PEPEUSDT,2026-08-16,1
1000RATSUSDT,2026-08-16,1
AAVEUSDT,2026-08-16,1
ACEUSDT,2026-08-16,1
ADAUSDT,2026-08-16,1
AKEUSDT,2026-08-16,1
ALGOUSDT,2026-08-16,1
ALLOUSDT,2026-08-16,1
APTUSDT,2026-08-16,1
ARBUSDT,2026-08-16,1
ATOMUSDT,2026-08-16,1
AVAXUSDT,2026-08-16,1
BANKUSDT,2026-08-16,1
BCHUSDT,2026-08-16,1
BEATUSDT,2026-08-16,1
BICOUSDT,2026-08-16,1
BLESSUSDT,2026-08-16,1
BMTUSDT,2026-08-16,1
BNBUSDT,2026-08-16,1
BTWUSDT,2026-08-16,1
BZUSDT,2026-08-16,1
CAPUSDT,2026-08-16,1
COTIUSDT,2026-08-16,1
CRVUSDT,2026-08-16,1
CYSUSDT,2026-08-16,1
DEXEUSDT,2026-08-16,1
DOGEUSDT,2026-08-16,1
DOTUSDT,2026-08-16,1
DRAMUSDT,2026-08-16,1
ENAUSDT,2026-08-16,1
EPICUSDT,2026-08-16,1
ESPORTSUSDT,2026-08-16,1
FARTCOINUSDT,2026-08-16,1
FILUSDT,2026-08-16,1
GIGGLEUSDT,2026-08-16,1
GRAMUSDT,2026-08-16,1
GWEIUSDT,2026-08-16,1
HBARUSDT,2026-08-16,1
HFTUSDT,2026-08-16,1
HOMEUSDT,2026-08-16,1
HYPEUSDT,2026-08-16,1
ICPUSDT,2026-08-16,1
INJUSDT,2026-08-16,1
JTOUSDT,2026-08-16,1
KAITOUSDT,2026-08-16,1
LABUSDT,2026-08-16,1
LAUSDT,2026-08-16,1
LDOUSDT,2026-08-16,1
LINKUSDT,2026-08-16,1
LITUSDT,2026-08-16,1
LTCUSDT,2026-08-16,1
MMTUSDT,2026-08-16,1
MNTUSDT,2026-08-16,1
MRVLUSDT,2026-08-16,1
MSTRUSDT,2026-08-16,1
MUUSDT,2026-08-16,1
NEARUSDT,2026-08-16,1
ONDOUSDT,2026-08-16,1
OPUSDT,2026-08-16,1
ORDIUSDT,2026-08-16,1
PAXGUSDT,2026-08-16,1
PENGUUSDT,2026-08-16,1
PUMPFUNUSDT,2026-08-16,1
RENDERUSDT,2026-08-16,1
SEIUSDT,2026-08-16,1
SHIB1000USDT,2026-08-16,1
SKHYNIXUSDT,2026-08-16,1
SKYAI1USDT,2026-08-16,1
SOLUSDT,2026-08-16,1
SPCXUSDT,2026-08-16,1
STRKUSDT,2026-08-16,1
SUIUSDT,2026-08-16,1
TAOUSDT,2026-08-16,1
TIAUSDT,2026-08-16,1
TRUMPUSDT,2026-08-16,1
TRXUSDT,2026-08-16,1
TUTUSDT,2026-08-16,1
UBUSDT,2026-08-16,1
UNIUSDT,2026-08-16,1
USUSDT,2026-08-16,1
VIRTUALUSDT,2026-08-16,1
VVVUSDT,2026-08-16,1
WIFUSDT,2026-08-16,1
WLDUSDT,2026-08-16,1
WLFIUSDT,2026-08-16,1
XAGUSDT,2026-08-16,1
XAUTUSDT,2026-08-16,1
XLMUSDT,2026-08-16,1
XMRUSDT,2026-08-16,1
XPLUSDT,2026-08-16,1
XRPUSDT,2026-08-16,1
ZECUSDT,2026-08-16,1
ZROUSDT,2026-08-16,1
1000BONKUSDT,2026-08-17,1
1000PEPEUSDT,2026-08-17,1
1000RATSUSDT,2026-08-17,1
AAVEUSDT,2026-08-17,1
ACEUSDT,2026-08-17,1
ADAUSDT,2026-08-17,1
AKEUSDT,2026-08-17,1
ALGOUSDT,2026-08-17,1
ALLOUSDT,2026-08-17,1
APTUSDT,2026-08-17,1
ARBUSDT,2026-08-17,1
ATOMUSDT,2026-08-17,1
AVAXUSDT,2026-08-17,1
BANKUSDT,2026-08-17,1
BCHUSDT,2026-08-17,1
BEATUSDT,2026-08-17,1
BICOUSDT,2026-08-17,1
BLESSUSDT,2026-08-17,1
BMTUSDT,2026-08-17,1
BNBUSDT,2026-08-17,1
BTWUSDT,2026-08-17,1
BZUSDT,2026-08-17,1
CAPUSDT,2026-08-17,1
COTIUSDT,2026-08-17,1
CRVUSDT,2026-08-17,1
CYSUSDT,2026-08-17,1
DEXEUSDT,2026-08-17,1
DOGEUSDT,2026-08-17,1
DOTUSDT,2026-08-17,1
DRAMUSDT,2026-08-17,1
ENAUSDT,2026-08-17,1
EPICUSDT,2026-08-17,1
ESPORTSUSDT,2026-08-17,1
FARTCOINUSDT,2026-08-17,1
FILUSDT,2026-08-17,1
GIGGLEUSDT,2026-08-17,1
GRAMUSDT,2026-08-17,1
GWEIUSDT,2026-08-17,1
HBARUSDT,2026-08-17,1
HFTUSDT,2026-08-17,1
HOMEUSDT,2026-08-17,1
HYPEUSDT,2026-08-17,1
ICPUSDT,2026-08-17,1
INJUSDT,2026-08-17,1
JTOUSDT,2026-08-17,1
KAITOUSDT,2026-08-17,1
LABUSDT,2026-08-17,1
LAUSDT,2026-08-17,1
LDOUSDT,2026-08-17,1
LINKUSDT,2026-08-17,1
LITUSDT,2026-08-17,1
LTCUSDT,2026-08-17,1
MMTUSDT,2026-08-17,1
MNTUSDT,2026-08-17,1
MRVLUSDT,2026-08-17,1
MSTRUSDT,2026-08-17,1
MUUSDT,2026-08-17,1
NEARUSDT,2026-08-17,1
ONDOUSDT,2026-08-17,1
OPUSDT,2026-08-17,1
ORDIUSDT,2026-08-17,1
PAXGUSDT,2026-08-17,1
PENGUUSDT,2026-08-17,1
PUMPFUNUSDT,2026-08-17,1
RENDERUSDT,2026-08-17,1
SEIUSDT,2026-08-17,1
SHIB1000USDT,2026-08-17,1
SKHYNIXUSDT,2026-08-17,1
SKYAI1USDT,2026-08-17,1
SOLUSDT,2026-08-17,1
SPCXUSDT,2026-08-17,1
STRKUSDT,2026-08-17,1
SUIUSDT,2026-08-17,1
TAOUSDT,2026-08-17,1
TIAUSDT,2026-08-17,1
TRUMPUSDT,2026-08-17,1
TRXUSDT,2026-08-17,1
TUTUSDT,2026-08-17,1
UBUSDT,2026-08-17,1
UNIUSDT,2026-08-17,1
USUSDT,2026-08-17,1
VIRTUALUSDT,2026-08-17,1
VVVUSDT,2026-08-17,1
WIFUSDT,2026-08-17,1
WLDUSDT,2026-08-17,1
WLFIUSDT,2026-08-17,1
XAGUSDT,2026-08-17,1
XAUTUSDT,2026-08-17,1
XLMUSDT,2026-08-17,1
XMRUSDT,2026-08-17,1
XPLUSDT,2026-08-17,1
XRPUSDT,2026-08-17,1
ZECUSDT,2026-08-17,1
ZROUSDT,2026-08-17,1
1000BONKUSDT,2026-08-18,1
1000PEPEUSDT,2026-08-18,1
1000RATSUSDT,2026-08-18,1
AAVEUSDT,2026-08-18,1
ACEUSDT,2026-08-18,1
ADAUSDT,2026-08-18,1
AKEUSDT,2026-08-18,1
ALGOUSDT,2026-08-18,1
ALLOUSDT,2026-08-18,1
APTUSDT,2026-08-18,1
ARBUSDT,2026-08-18,1
ATOMUSDT,2026-08-18,1
AVAXUSDT,2026-08-18,1
BANKUSDT,2026-08-18,1
BCHUSDT,2026-08-18,1
BEATUSDT,2026-08-18,1
BICOUSDT,2026-08-18,1
BLESSUSDT,2026-08-18,1
BMTUSDT,2026-08-18,1
BNBUSDT,2026-08-18,1
BTWUSDT,2026-08-18,1
BZUSDT,2026-08-18,1
CAPUSDT,2026-08-18,1
COTIUSDT,2026-08-18,1
CRVUSDT,2026-08-18,1
CYSUSDT,2026-08-18,1
DEXEUSDT,2026-08-18,1
DOGEUSDT,2026-08-18,1
DOTUSDT,2026-08-18,1
DRAMUSDT,2026-08-18,1
ENAUSDT,2026-08-18,1
EPICUSDT,2026-08-18,1
ESPORTSUSDT,2026-08-18,1
FARTCOINUSDT,2026-08-18,1
FILUSDT,2026-08-18,1
GIGGLEUSDT,2026-08-18,1
GRAMUSDT,2026-08-18,1
GWEIUSDT,2026-08-18,1
HBARUSDT,2026-08-18,1
HFTUSDT,2026-08-18,1
HOMEUSDT,2026-08-18,1
HYPEUSDT,2026-08-18,1
ICPUSDT,2026-08-18,1
INJUSDT,2026-08-18,1
JTOUSDT,2026-08-18,1
KAITOUSDT,2026-08-18,1
LABUSDT,2026-08-18,1
LDOUSDT,2026-08-18,1
LINKUSDT,2026-08-18,1
LITUSDT,2026-08-18,1
LTCUSDT,2026-08-18,1
MMTUSDT,2026-08-18,1
MNTUSDT,2026-08-18,1
MRVLUSDT,2026-08-18,1
MSTRUSDT,2026-08-18,1
MUUSDT,2026-08-18,1
NEARUSDT,2026-08-18,1
ONDOUSDT,2026-08-18,1
OPUSDT,2026-08-18,1
PAXGUSDT,2026-08-18,1
PENGUUSDT,2026-08-18,1
PUMPFUNUSDT,2026-08-18,1
RENDERUSDT,2026-08-18,1
SEIUSDT,2026-08-18,1
SHIB1000USDT,2026-08-18,1
SKHYNIXUSDT,2026-08-18,1
SKHYUSDT,2026-08-18,1
SKYAI1USDT,2026-08-18,1
SOLUSDT,2026-08-18,1
SPCXUSDT,2026-08-18,1
STRKUSDT,2026-08-18,1
SUIUSDT,2026-08-18,1
TAOUSDT,2026-08-18,1
TIAUSDT,2026-08-18,1
TRUMPUSDT,2026-08-18,1
TRXUSDT,2026-08-18,1
TUTUSDT,2026-08-18,1
UBUSDT,2026-08-18,1
UNIUSDT,2026-08-18,1
USUSDT,2026-08-18,1
VELVETUSDT,2026-08-18,1
VIRTUALUSDT,2026-08-18,1
VVVUSDT,2026-08-18,1
WIFUSDT,2026-08-18,1
WLDUSDT,2026-08-18,1
WLFIUSDT,2026-08-18,1
XAGUSDT,2026-08-18,1
XAUTUSDT,2026-08-18,1
XLMUSDT,2026-08-18,1
XMRUSDT,2026-08-18,1
XPLUSDT,2026-08-18,1
XRPUSDT,2026-08-18,1
ZECUSDT,2026-08-18,1
ZROUSDT,2026-08-18,1
1000BONKUSDT,2026-08-19,1
1000PEPEUSDT,2026-08-19,1
1000RATSUSDT,2026-08-19,1
AAVEUSDT,2026-08-19,1
ACEUSDT,2026-08-19,1
ADAUSDT,2026-08-19,1
AKEUSDT,2026-08-19,1
ALGOUSDT,2026-08-19,1
ALLOUSDT,2026-08-19,1
APRUSDT,2026-08-19,1
APTUSDT,2026-08-19,1
ARBUSDT,2026-08-19,1
ATOMUSDT,2026-08-19,1
AVAXUSDT,2026-08-19,1
BANKUSDT,2026-08-19,1
BCHUSDT,2026-08-19,1
BEATUSDT,2026-08-19,1
BICOUSDT,2026-08-19,1
BLESSUSDT,2026-08-19,1
BMTUSDT,2026-08-19,1
BNBUSDT,2026-08-19,1
BTWUSDT,2026-08-19,1
BZUSDT,2026-08-19,1
CAPUSDT,2026-08-19,1
COTIUSDT,2026-08-19,1
CRVUSDT,2026-08-19,1
CYSUSDT,2026-08-19,1
DEXEUSDT,2026-08-19,1
DOGEUSDT,2026-08-19,1
DOTUSDT,2026-08-19,1
DRAMUSDT,2026-08-19,1
ENAUSDT,2026-08-19,1
EPICUSDT,2026-08-19,1
ESPORTSUSDT,2026-08-19,1
FARTCOINUSDT,2026-08-19,1
FILUSDT,2026-08-19,1
GIGGLEUSDT,2026-08-19,1
GRAMUSDT,2026-08-19,1
GWEIUSDT,2026-08-19,1
HBARUSDT,2026-08-19,1
HFTUSDT,2026-08-19,1
HOMEUSDT,2026-08-19,1
HYPEUSDT,2026-08-19,1
ICPUSDT,2026-08-19,1
INJUSDT,2026-08-19,1
JTOUSDT,2026-08-19,1
KAITOUSDT,2026-08-19,1
LABUSDT,2026-08-19,1
LDOUSDT,2026-08-19,1
LINKUSDT,2026-08-19,1
LITUSDT,2026-08-19,1
LTCUSDT,2026-08-19,1
MMTUSDT,2026-08-19,1
MNTUSDT,2026-08-19,1
MRVLUSDT,2026-08-19,1
MSTRUSDT,2026-08-19,1
MUUSDT,2026-08-19,1
NEARUSDT,2026-08-19,1
NVDAUSDT,2026-08-19,1
ONDOUSDT,2026-08-19,1
OPUSDT,2026-08-19,1
PAXGUSDT,2026-08-19,1
PENGUUSDT,2026-08-19,1
PUMPFUNUSDT,2026-08-19,1
SEIUSDT,2026-08-19,1
SHIB1000USDT,2026-08-19,1
SKHYNIXUSDT,2026-08-19,1
SKHYUSDT,2026-08-19,1
SKYAI1USDT,2026-08-19,1
SOLUSDT,2026-08-19,1
SPCXUSDT,2026-08-19,1
STRKUSDT,2026-08-19,1
SUIUSDT,2026-08-19,1
TAOUSDT,2026-08-19,1
TIAUSDT,2026-08-19,1
TRUMPUSDT,2026-08-19,1
TRXUSDT,2026-08-19,1
TUTUSDT,2026-08-19,1
UNIUSDT,2026-08-19,1
USUSDT,2026-08-19,1
VELVETUSDT,2026-08-19,1
VIRTUALUSDT,2026-08-19,1
VVVUSDT,2026-08-19,1
WIFUSDT,2026-08-19,1
WLDUSDT,2026-08-19,1
WLFIUSDT,2026-08-19,1
XAGUSDT,2026-08-19,1
XAUTUSDT,2026-08-19,1
XLMUSDT,2026-08-19,1
XMRUSDT,2026-08-19,1
XPLUSDT,2026-08-19,1
XRPUSDT,2026-08-19,1
ZECUSDT,2026-08-19,1
ZROUSDT,2026-08-19,1
1000BONKUSDT,2026-08-20,1
1000PEPEUSDT,2026-08-20,1
1000RATSUSDT,2026-08-20,1
AAVEUSDT,2026-08-20,1
ACEUSDT,2026-08-20,1
ADAUSDT,2026-08-20,1
AKEUSDT,2026-08-20,1
ALGOUSDT,2026-08-20,1
ALLOUSDT,2026-08-20,1
APRUSDT,2026-08-20,1
APTUSDT,2026-08-20,1
ARBUSDT,2026-08-20,1
ATOMUSDT,2026-08-20,1
AVAXUSDT,2026-08-20,1
BANKUSDT,2026-08-20,1
BCHUSDT,2026-08-20,1
BEATUSDT,2026-08-20,1
BICOUSDT,2026-08-20,1
BLESSUSDT,2026-08-20,1
BMTUSDT,2026-08-20,1
BNBUSDT,2026-08-20,1
BTWUSDT,2026-08-20,1
BZUSDT,2026-08-20,1
CAPUSDT,2026-08-20,1
COTIUSDT,2026-08-20,1
CRVUSDT,2026-08-20,1
CYSUSDT,2026-08-20,1
DEXEUSDT,2026-08-20,1
DOGEUSDT,2026-08-20,1
DOTUSDT,2026-08-20,1
DRAMUSDT,2026-08-20,1
ENAUSDT,2026-08-20,1
EPICUSDT,2026-08-20,1
ESPORTSUSDT,2026-08-20,1
ETHFIUSDT,2026-08-20,1
FARTCOINUSDT,2026-08-20,1
FILUSDT,2026-08-20,1
GIGGLEUSDT,2026-08-20,1
GRAMUSDT,2026-08-20,1
GWEIUSDT,2026-08-20,1
HBARUSDT,2026-08-20,1
HFTUSDT,2026-08-20,1
HOMEUSDT,2026-08-20,1
HUSDT,2026-08-20,1
HYPEUSDT,2026-08-20,1
ICPUSDT,2026-08-20,1
INJUSDT,2026-08-20,1
JTOUSDT,2026-08-20,1
KAITOUSDT,2026-08-20,1
LABUSDT,2026-08-20,1
LDOUSDT,2026-08-20,1
LINKUSDT,2026-08-20,1
LITUSDT,2026-08-20,1
LTCUSDT,2026-08-20,1
MMTUSDT,2026-08-20,1
MNTUSDT,2026-08-20,1
MRVLUSDT,2026-08-20,1
MSTRUSDT,2026-08-20,1
MUUSDT,2026-08-20,1
NEARUSDT,2026-08-20,1
NVDAUSDT,2026-08-20,1
ONDOUSDT,2026-08-20,1
OPUSDT,2026-08-20,1
PAXGUSDT,2026-08-20,1
PENGUUSDT,2026-08-20,1
PUMPFUNUSDT,2026-08-20,1
SEIUSDT,2026-08-20,1
SHIB1000USDT,2026-08-20,1
SKHYNIXUSDT,2026-08-20,1
SKHYUSDT,2026-08-20,1
SKYAI1USDT,2026-08-20,1
SOLUSDT,2026-08-20,1
SPCXUSDT,2026-08-20,1
SUIUSDT,2026-08-20,1
TAOUSDT,2026-08-20,1
TIAUSDT,2026-08-20,1
TRUMPUSDT,2026-08-20,1
TRXUSDT,2026-08-20,1
TUTUSDT,2026-08-20,1
UNIUSDT,2026-08-20,1
USUSDT,2026-08-20,1
VELVETUSDT,2026-08-20,1
VIRTUALUSDT,2026-08-20,1
VVVUSDT,2026-08-20,1
WIFUSDT,2026-08-20,1
WLDUSDT,2026-08-20,1
WLFIUSDT,2026-08-20,1
XAGUSDT,2026-08-20,1
XAUTUSDT,2026-08-20,1
XLMUSDT,2026-08-20,1
XMRUSDT,2026-08-20,1
XPLUSDT,2026-08-20,1
XRPUSDT,2026-08-20,1
ZECUSDT,2026-08-20,1
ZROUSDT,2026-08-20,1
1000BONKUSDT,2026-08-21,1
1000PEPEUSDT,2026-08-21,1
1000RATSUSDT,2026-08-21,1
AAVEUSDT,2026-08-21,1
ACEUSDT,2026-08-21,1
ADAUSDT,2026-08-21,1
AKEUSDT,2026-08-21,1
ALGOUSDT,2026-08-21,1
ALLOUSDT,2026-08-21,1
APRUSDT,2026-08-21,1
APTUSDT,2026-08-21,1
ARBUSDT,2026-08-21,1
ATOMUSDT,2026-08-21,1
AVAXUSDT,2026-08-21,1
BANKUSDT,2026-08-21,1
BCHUSDT,2026-08-21,1
BEATUSDT,2026-08-21,1
BICOUSDT,2026-08-21,1
BLESSUSDT,2026-08-21,1
BMTUSDT,2026-08-21,1
BNBUSDT,2026-08-21,1
BTWUSDT,2026-08-21,1
BZUSDT,2026-08-21,1
CAPUSDT,2026-08-21,1
COTIUSDT,2026-08-21,1
CRVUSDT,2026-08-21,1
CYSUSDT,2026-08-21,1
DEXEUSDT,2026-08-21,1
DOGEUSDT,2026-08-21,1
DOTUSDT,2026-08-21,1
DRAMUSDT,2026-08-21,1
ENAUSDT,2026-08-21,1
EPICUSDT,2026-08-21,1
ETHFIUSDT,2026-08-21,1
FARTCOINUSDT,2026-08-21,1
FILUSDT,2026-08-21,1
GIGGLEUSDT,2026-08-21,1
GRAMUSDT,2026-08-21,1
GWEIUSDT,2026-08-21,1
HBARUSDT,2026-08-21,1
HFTUSDT,2026-08-21,1
HOMEUSDT,2026-08-21,1
HUSDT,2026-08-21,1
HYPEUSDT,2026-08-21,1
ICPUSDT,2026-08-21,1
INJUSDT,2026-08-21,1
JTOUSDT,2026-08-21,1
KAITOUSDT,2026-08-21,1
LABUSDT,2026-08-21,1
LDOUSDT,2026-08-21,1
LINKUSDT,2026-08-21,1
LITUSDT,2026-08-21,1
LTCUSDT,2026-08-21,1
MMTUSDT,2026-08-21,1
MNTUSDT,2026-08-21,1
MRVLUSDT,2026-08-21,1
MSTRUSDT,2026-08-21,1
MUUSDT,2026-08-21,1
NEARUSDT,2026-08-21,1
NVDAUSDT,2026-08-21,1
ONDOUSDT,2026-08-21,1
OPUSDT,2026-08-21,1
PAXGUSDT,2026-08-21,1
PENGUUSDT,2026-08-21,1
PUMPFUNUSDT,2026-08-21,1
SEIUSDT,2026-08-21,1
SHIB1000USDT,2026-08-21,1
SKHYNIXUSDT,2026-08-21,1
SKHYUSDT,2026-08-21,1
SKYAI1USDT,2026-08-21,1
SOLUSDT,2026-08-21,1
SPCXUSDT,2026-08-21,1
SUIUSDT,2026-08-21,1
TAOUSDT,2026-08-21,1
TIAUSDT,2026-08-21,1
TRUMPUSDT,2026-08-21,1
TRXUSDT,2026-08-21,1
TUTUSDT,2026-08-21,1
UNIUSDT,2026-08-21,1
USUSDT,2026-08-21,1
VELVETUSDT,2026-08-21,1
VIRTUALUSDT,2026-08-21,1
VVVUSDT,2026-08-21,1
WIFUSDT,2026-08-21,1
WLDUSDT,2026-08-21,1
WLFIUSDT,2026-08-21,1
XAGUSDT,2026-08-21,1
XAUTUSDT,2026-08-21,1
XLMUSDT,2026-08-21,1
XMRUSDT,2026-08-21,1
XPLUSDT,2026-08-21,1
XRPUSDT,2026-08-21,1
ZECUSDT,2026-08-21,1
ZROUSDT,2026-08-21,1
1000BONKUSDT,2026-08-22,1
1000PEPEUSDT,2026-08-22,1
1000RATSUSDT,2026-08-22,1
AAVEUSDT,2026-08-22,1
ACEUSDT,2026-08-22,1
ADAUSDT,2026-08-22,1
AKEUSDT,2026-08-22,1
ALGOUSDT,2026-08-22,1
ALLOUSDT,2026-08-22,1
APRUSDT,2026-08-22,1
APTUSDT,2026-08-22,1
ARBUSDT,2026-08-22,1
ATOMUSDT,2026-08-22,1
AVAXUSDT,2026-08-22,1
BANKUSDT,2026-08-22,1
BCHUSDT,2026-08-22,1
BEATUSDT,2026-08-22,1
BICOUSDT,2026-08-22,1
BLESSUSDT,2026-08-22,1
BMTUSDT,2026-08-22,1
BNBUSDT,2026-08-22,1
BTWUSDT,2026-08-22,1
BZUSDT,2026-08-22,1
CAPUSDT,2026-08-22,1
COTIUSDT,2026-08-22,1
CRVUSDT,2026-08-22,1
CYSUSDT,2026-08-22,1
DEXEUSDT,2026-08-22,1
DOGEUSDT,2026-08-22,1
DOTUSDT,2026-08-22,1
DRAMUSDT,2026-08-22,1
ENAUSDT,2026-08-22,1
EPICUSDT,2026-08-22,1
ETHFIUSDT,2026-08-22,1
FARTCOINUSDT,2026-08-22,1
FILUSDT,2026-08-22,1
GIGGLEUSDT,2026-08-22,1
GRAMUSDT,2026-08-22,1
GWEIUSDT,2026-08-22,1
HBARUSDT,2026-08-22,1
HEMIUSDT,2026-08-22,1
HOMEUSDT,2026-08-22,1
HUSDT,2026-08-22,1
HYPEUSDT,2026-08-22,1
ICPUSDT,2026-08-22,1
INJUSDT,2026-08-22,1
JTOUSDT,2026-08-22,1
KAITOUSDT,2026-08-22,1
LABUSDT,2026-08-22,1
LDOUSDT,2026-08-22,1
LINKUSDT,2026-08-22,1
LITUSDT,2026-08-22,1
LTCUSDT,2026-08-22,1
MMTUSDT,2026-08-22,1
MNTUSDT,2026-08-22,1
MRVLUSDT,2026-08-22,1
MSTRUSDT,2026-08-22,1
MUUSDT,2026-08-22,1
NEARUSDT,2026-08-22,1
NVDAUSDT,2026-08-22,1
ONDOUSDT,2026-08-22,1
OPUSDT,2026-08-22,1
PAXGUSDT,2026-08-22,1
PENGUUSDT,2026-08-22,1
PUMPFUNUSDT,2026-08-22,1
SEIUSDT,2026-08-22,1
SHIB1000USDT,2026-08-22,1
SKHYNIXUSDT,2026-08-22,1
SKHYUSDT,2026-08-22,1
SKYAI1USDT,2026-08-22,1
SOLUSDT,2026-08-22,1
SPCXUSDT,2026-08-22,1
SUIUSDT,2026-08-22,1
TAOUSDT,2026-08-22,1
TIAUSDT,2026-08-22,1
TRUMPUSDT,2026-08-22,1
TRXUSDT,2026-08-22,1
TUTUSDT,2026-08-22,1
UNIUSDT,2026-08-22,1
USUSDT,2026-08-22,1
VELVETUSDT,2026-08-22,1
VIRTUALUSDT,2026-08-22,1
VVVUSDT,2026-08-22,1
WIFUSDT,2026-08-22,1
WLDUSDT,2026-08-22,1
WLFIUSDT,2026-08-22,1
XAGUSDT,2026-08-22,1
XAUTUSDT,2026-08-22,1
XLMUSDT,2026-08-22,1
XMRUSDT,2026-08-22,1
XPLUSDT,2026-08-22,1
XRPUSDT,2026-08-22,1
ZECUSDT,2026-08-22,1
ZROUSDT,2026-08-22,1
1000BONKUSDT,2026-08-23,1
1000PEPEUSDT,2026-08-23,1
1000RATSUSDT,2026-08-23,1
AAVEUSDT,2026-08-23,1
ACEUSDT,2026-08-23,1
ADAUSDT,2026-08-23,1
AKEUSDT,2026-08-23,1
ALGOUSDT,2026-08-23,1
ALLOUSDT,2026-08-23,1
APRUSDT,2026-08-23,1
APTUSDT,2026-08-23,1
ARBUSDT,2026-08-23,1
ATOMUSDT,2026-08-23,1
AVAXUSDT,2026-08-23,1
BCHUSDT,2026-08-23,1
BEATUSDT,2026-08-23,1
BICOUSDT,2026-08-23,1
BLESSUSDT,2026-08-23,1
BMTUSDT,2026-08-23,1
BNBUSDT,2026-08-23,1
BTWUSDT,2026-08-23,1
BZUSDT,2026-08-23,1
CAPUSDT,2026-08-23,1
COTIUSDT,2026-08-23,1
CRVUSDT,2026-08-23,1
CYSUSDT,2026-08-23,1
DEXEUSDT,2026-08-23,1
DOGEUSDT,2026-08-23,1
DOTUSDT,2026-08-23,1
DRAMUSDT,2026-08-23,1
ENAUSDT,2026-08-23,1
ETHFIUSDT,2026-08-23,1
FARTCOINUSDT,2026-08-23,1
FILUSDT,2026-08-23,1
GIGGLEUSDT,2026-08-23,1
GPSUSDT,2026-08-23,1
GRAMUSDT,2026-08-23,1
HBARUSDT,2026-08-23,1
HEMIUSDT,2026-08-23,1
HOMEUSDT,2026-08-23,1
HUSDT,2026-08-23,1
HYPEUSDT,2026-08-23,1
ICPUSDT,2026-08-23,1
INJUSDT,2026-08-23,1
JTOUSDT,2026-08-23,1
KAITOUSDT,2026-08-23,1
LABUSDT,2026-08-23,1
LDOUSDT,2026-08-23,1
LINKUSDT,2026-08-23,1
LITUSDT,2026-08-23,1
LTCUSDT,2026-08-23,1
MMTUSDT,2026-08-23,1
MNTUSDT,2026-08-23,1
MRVLUSDT,2026-08-23,1
MSTRUSDT,2026-08-23,1
MUUSDT,2026-08-23,1
NEARUSDT,2026-08-23,1
NVDAUSDT,2026-08-23,1
ONDOUSDT,2026-08-23,1
OPUSDT,2026-08-23,1
PAXGUSDT,2026-08-23,1
PENGUUSDT,2026-08-23,1
PUMPFUNUSDT,2026-08-23,1
SEIUSDT,2026-08-23,1
SHIB1000USDT,2026-08-23,1
SKHYNIXUSDT,2026-08-23,1
SKHYUSDT,2026-08-23,1
SKYAI1USDT,2026-08-23,1
SOLUSDT,2026-08-23,1
SPCXUSDT,2026-08-23,1
SUIUSDT,2026-08-23,1
TAOUSDT,2026-08-23,1
TIAUSDT,2026-08-23,1
TRUMPUSDT,2026-08-23,1
TRXUSDT,2026-08-23,1
TUTUSDT,2026-08-23,1
UNIUSDT,2026-08-23,1
USUSDT,2026-08-23,1
VELVETUSDT,2026-08-23,1
VIRTUALUSDT,2026-08-23,1
VVVUSDT,2026-08-23,1
WIFUSDT,2026-08-23,1
WLDUSDT,2026-08-23,1
WLFIUSDT,2026-08-23,1
XAGUSDT,2026-08-23,1
XAUTUSDT,2026-08-23,1
XLMUSDT,2026-08-23,1
XMRUSDT,2026-08-23,1
XPLUSDT,2026-08-23,1
XRPUSDT,2026-08-23,1
ZECUSDT,2026-08-23,1
ZROUSDT,2026-08-23,1
1000BONKUSDT,2026-08-24,1
1000PEPEUSDT,2026-08-24,1
1000RATSUSDT,2026-08-24,1
AAVEUSDT,2026-08-24,1
ACEUSDT,2026-08-24,1
ADAUSDT,2026-08-24,1
AKEUSDT,2026-08-24,1
ALGOUSDT,2026-08-24,1
ALLOUSDT,2026-08-24,1
APRUSDT,2026-08-24,1
APTUSDT,2026-08-24,1
ARBUSDT,2026-08-24,1
ATOMUSDT,2026-08-24,1
AVAXUSDT,2026-08-24,1
BCHUSDT,2026-08-24,1
BEATUSDT,2026-08-24,1
BICOUSDT,2026-08-24,1
BLESSUSDT,2026-08-24,1
BMTUSDT,2026-08-24,1
BNBUSDT,2026-08-24,1
BTWUSDT,2026-08-24,1
BZUSDT,2026-08-24,1
CAPUSDT,2026-08-24,1
COTIUSDT,2026-08-24,1
CRCLUSDT,2026-08-24,1
CRVUSDT,2026-08-24,1
CYSUSDT,2026-08-24,1
DEXEUSDT,2026-08-24,1
DOGEUSDT,2026-08-24,1
DOTUSDT,2026-08-24,1
DRAMUSDT,2026-08-24,1
ENAUSDT,2026-08-24,1
ETHFIUSDT,2026-08-24,1
FARTCOINUSDT,2026-08-24,1
FILUSDT,2026-08-24,1
GPSUSDT,2026-08-24,1
GRAMUSDT,2026-08-24,1
HBARUSDT,2026-08-24,1
HEMIUSDT,2026-08-24,1
HOMEUSDT,2026-08-24,1
HUSDT,2026-08-24,1
HYPEUSDT,2026-08-24,1
ICPUSDT,2026-08-24,1
INJUSDT,2026-08-24,1
JTOUSDT,2026-08-24,1
KAITOUSDT,2026-08-24,1
LABUSDT,2026-08-24,1
LDOUSDT,2026-08-24,1
LINKUSDT,2026-08-24,1
LITUSDT,2026-08-24,1
LTCUSDT,2026-08-24,1
MMTUSDT,2026-08-24,1
MNTUSDT,2026-08-24,1
MRVLUSDT,2026-08-24,1
MSTRUSDT,2026-08-24,1
MUUSDT,2026-08-24,1
NEARUSDT,2026-08-24,1
NVDAUSDT,2026-08-24,1
ONDOUSDT,2026-08-24,1
OPUSDT,2026-08-24,1
PAXGUSDT,2026-08-24,1
PENGUUSDT,2026-08-24,1
PUMPFUNUSDT,2026-08-24,1
SEIUSDT,2026-08-24,1
SHIB1000USDT,2026-08-24,1
SKHYNIXUSDT,2026-08-24,1
SKHYUSDT,2026-08-24,1
SKYAI1USDT,2026-08-24,1
SOLUSDT,2026-08-24,1
SPCXUSDT,2026-08-24,1
SUIUSDT,2026-08-24,1
TAOUSDT,2026-08-24,1
TIAUSDT,2026-08-24,1
TRUMPUSDT,2026-08-24,1
TRXUSDT,2026-08-24,1
TUTUSDT,2026-08-24,1
UNIUSDT,2026-08-24,1
USUSDT,2026-08-24,1
VELVETUSDT,2026-08-24,1
VIRTUALUSDT,2026-08-24,1
VVVUSDT,2026-08-24,1
WIFUSDT,2026-08-24,1
WLDUSDT,2026-08-24,1
WLFIUSDT,2026-08-24,1
XAGUSDT,2026-08-24,1
XAUTUSDT,2026-08-24,1
XLMUSDT,2026-08-24,1
XMRUSDT,2026-08-24,1
XPLUSDT,2026-08-24,1
XRPUSDT,2026-08-24,1
ZECUSDT,2026-08-24,1
ZROUSDT,2026-08-24,1
1000BONKUSDT,2026-08-25,1
1000PEPEUSDT,2026-08-25,1
1000RATSUSDT,2026-08-25,1
AAVEUSDT,2026-08-25,1
ACEUSDT,2026-08-25,1
ADAUSDT,2026-08-25,1
AKEUSDT,2026-08-25,1
ALGOUSDT,2026-08-25,1
ALLOUSDT,2026-08-25,1
APRUSDT,2026-08-25,1
APTUSDT,2026-08-25,1
ARBUSDT,2026-08-25,1
ATOMUSDT,2026-08-25,1
AVAXUSDT,2026-08-25,1
BCHUSDT,2026-08-25,1
BEATUSDT,2026-08-25,1
BLESSUSDT,2026-08-25,1
BMTUSDT,2026-08-25,1
BNBUSDT,2026-08-25,1
BTWUSDT,2026-08-25,1
BZUSDT,2026-08-25,1
CAPUSDT,2026-08-25,1
COTIUSDT,2026-08-25,1
CRCLUSDT,2026-08-25,1
CRVUSDT,2026-08-25,1
CYSUSDT,2026-08-25,1
DOGEUSDT,2026-08-25,1
DOTUSDT,2026-08-25,1
DRAMUSDT,2026-08-25,1
ENAUSDT,2026-08-25,1
ETHFIUSDT,2026-08-25,1
FARTCOINUSDT,2026-08-25,1
FILUSDT,2026-08-25,1
GALAUSDT,2026-08-25,1
GPSUSDT,2026-08-25,1
GRAMUSDT,2026-08-25,1
HBARUSDT,2026-08-25,1
HEMIUSDT,2026-08-25,1
HOMEUSDT,2026-08-25,1
HUSDT,2026-08-25,1
HYPEUSDT,2026-08-25,1
ICPUSDT,2026-08-25,1
INJUSDT,2026-08-25,1
JTOUSDT,2026-08-25,1
KAITOUSDT,2026-08-25,1
LABUSDT,2026-08-25,1
LDOUSDT,2026-08-25,1
LINKUSDT,2026-08-25,1
LITUSDT,2026-08-25,1
LTCUSDT,2026-08-25,1
MMTUSDT,2026-08-25,1
MNTUSDT,2026-08-25,1
MRVLUSDT,2026-08-25,1
MSTRUSDT,2026-08-25,1
MUUSDT,2026-08-25,1
NEARUSDT,2026-08-25,1
NVDAUSDT,2026-08-25,1
ONDOUSDT,2026-08-25,1
OPUSDT,2026-08-25,1
PAXGUSDT,2026-08-25,1
PENGUUSDT,2026-08-25,1
PUMPFUNUSDT,2026-08-25,1
SEIUSDT,2026-08-25,1
SHIB1000USDT,2026-08-25,1
SKHYNIXUSDT,2026-08-25,1
SKHYUSDT,2026-08-25,1
SKYAI1USDT,2026-08-25,1
SOLUSDT,2026-08-25,1
SPCXUSDT,2026-08-25,1
SUIUSDT,2026-08-25,1
TAOUSDT,2026-08-25,1
TIAUSDT,2026-08-25,1
TRUMPUSDT,2026-08-25,1
TRXUSDT,2026-08-25,1
TUTUSDT,2026-08-25,1
UNIUSDT,2026-08-25,1
USUSDT,2026-08-25,1
VELVETUSDT,2026-08-25,1
VIRTUALUSDT,2026-08-25,1
VVVUSDT,2026-08-25,1
WIFUSDT,2026-08-25,1
WLDUSDT,2026-08-25,1
WLFIUSDT,2026-08-25,1
XAGUSDT,2026-08-25,1
XAUTUSDT,2026-08-25,1
XLMUSDT,2026-08-25,1
XMRUSDT,2026-08-25,1
XPLUSDT,2026-08-25,1
XRPUSDT,2026-08-25,1
ZECUSDT,2026-08-25,1
ZROUSDT,2026-08-25,1
1000BONKUSDT,2026-08-26,1
1000PEPEUSDT,2026-08-26,1
1000RATSUSDT,2026-08-26,1
AAVEUSDT,2026-08-26,1
ACEUSDT,2026-08-26,1
ADAUSDT,2026-08-26,1
AKEUSDT,2026-08-26,1
ALGOUSDT,2026-08-26,1
APRUSDT,2026-08-26,1
APTUSDT,2026-08-26,1
ARBUSDT,2026-08-26,1
ASTERUSDT,2026-08-26,1
ATOMUSDT,2026-08-26,1
AVAXUSDT,2026-08-26,1
BCHUSDT,2026-08-26,1
BEATUSDT,2026-08-26,1
BLESSUSDT,2026-08-26,1
BMTUSDT,2026-08-26,1
BNBUSDT,2026-08-26,1
BTWUSDT,2026-08-26,1
BZUSDT,2026-08-26,1
CAPUSDT,2026-08-26,1
COTIUSDT,2026-08-26,1
CRCLUSDT,2026-08-26,1
CRVUSDT,2026-08-26,1
CYSUSDT,2026-08-26,1
DOGEUSDT,2026-08-26,1
DOTUSDT,2026-08-26,1
DRAMUSDT,2026-08-26,1
ENAUSDT,2026-08-26,1
ETCUSDT,2026-08-26,1
ETHFIUSDT,2026-08-26,1
FARTCOINUSDT,2026-08-26,1
FILUSDT,2026-08-26,1
GALAUSDT,2026-08-26,1
GPSUSDT,2026-08-26,1
GRAMUSDT,2026-08-26,1
GRASSUSDT,2026-08-26,1
HBARUSDT,2026-08-26,1
HEMIUSDT,2026-08-26,1
HOMEUSDT,2026-08-26,1
HUSDT,2026-08-26,1
HYPEUSDT,2026-08-26,1
ICPUSDT,2026-08-26,1
INJUSDT,2026-08-26,1
JTOUSDT,2026-08-26,1
KAITOUSDT,2026-08-26,1
LABUSDT,2026-08-26,1
LDOUSDT,2026-08-26,1
LINKUSDT,2026-08-26,1
LITUSDT,2026-08-26,1
LTCUSDT,2026-08-26,1
MMTUSDT,2026-08-26,1
MNTUSDT,2026-08-26,1
MONUSDT,2026-08-26,1
MRVLUSDT,2026-08-26,1
MSTRUSDT,2026-08-26,1
MUUSDT,2026-08-26,1
NEARUSDT,2026-08-26,1
NVDAUSDT,2026-08-26,1
ONDOUSDT,2026-08-26,1
OPUSDT,2026-08-26,1
PAXGUSDT,2026-08-26,1
PENGUUSDT,2026-08-26,1
PUMPFUNUSDT,2026-08-26,1
SEIUSDT,2026-08-26,1
SHIB1000USDT,2026-08-26,1
SKHYNIXUSDT,2026-08-26,1
SKHYUSDT,2026-08-26,1
SKYAI1USDT,2026-08-26,1
SOLUSDT,2026-08-26,1
SPCXUSDT,2026-08-26,1
SUIUSDT,2026-08-26,1
TAOUSDT,2026-08-26,1
TIAUSDT,2026-08-26,1
TRUMPUSDT,2026-08-26,1
TRXUSDT,2026-08-26,1
TUTUSDT,2026-08-26,1
UNIUSDT,2026-08-26,1
USUSDT,2026-08-26,1
VELVETUSDT,2026-08-26,1
VIRTUALUSDT,2026-08-26,1
VVVUSDT,2026-08-26,1
WIFUSDT,2026-08-26,1
WLDUSDT,2026-08-26,1
WLFIUSDT,2026-08-26,1
XAGUSDT,2026-08-26,1
XAUTUSDT,2026-08-26,1
XLMUSDT,2026-08-26,1
XMRUSDT,2026-08-26,1
XPLUSDT,2026-08-26,1
XRPUSDT,2026-08-26,1
ZECUSDT,2026-08-26,1
ZROUSDT,2026-08-26,1
1000BONKUSDT,2026-08-27,1
1000PEPEUSDT,2026-08-27,1
1000RATSUSDT,2026-08-27,1
AAVEUSDT,2026-08-27,1
ACEUSDT,2026-08-27,1
ADAUSDT,2026-08-27,1
AKEUSDT,2026-08-27,1
ALGOUSDT,2026-08-27,1
APTUSDT,2026-08-27,1
ARBUSDT,2026-08-27,1
ASTERUSDT,2026-08-27,1
ATOMUSDT,2026-08-27,1
AVAXUSDT,2026-08-27,1
BCHUSDT,2026-08-27,1
BEATUSDT,2026-08-27,1
BLESSUSDT,2026-08-27,1
BMTUSDT,2026-08-27,1
BNBUSDT,2026-08-27,1
BTWUSDT,2026-08-27,1
BZUSDT,2026-08-27,1
CAPUSDT,2026-08-27,1
COTIUSDT,2026-08-27,1
CRCLUSDT,2026-08-27,1
CRVUSDT,2026-08-27,1
CYSUSDT,2026-08-27,1
DOGEUSDT,2026-08-27,1
DOTUSDT,2026-08-27,1
DRAMUSDT,2026-08-27,1
ENAUSDT,2026-08-27,1
ETCUSDT,2026-08-27,1
ETHFIUSDT,2026-08-27,1
FARTCOINUSDT,2026-08-27,1
FILUSDT,2026-08-27,1
GALAUSDT,2026-08-27,1
GPSUSDT,2026-08-27,1
GRAMUSDT,2026-08-27,1
GRASSUSDT,2026-08-27,1
HBARUSDT,2026-08-27,1
HEMIUSDT,2026-08-27,1
HUSDT,2026-08-27,1
HYPEUSDT,2026-08-27,1
ICPUSDT,2026-08-27,1
INJUSDT,2026-08-27,1
JTOUSDT,2026-08-27,1
KAITOUSDT,2026-08-27,1
LABUSDT,2026-08-27,1
LDOUSDT,2026-08-27,1
LINKUSDT,2026-08-27,1
LITUSDT,2026-08-27,1
LTCUSDT,2026-08-27,1
MMTUSDT,2026-08-27,1
MNTUSDT,2026-08-27,1
MONUSDT,2026-08-27,1
MRVLUSDT,2026-08-27,1
MSTRUSDT,2026-08-27,1
MUUSDT,2026-08-27,1
NEARUSDT,2026-08-27,1
NVDAUSDT,2026-08-27,1
ONDOUSDT,2026-08-27,1
ONGUSDT,2026-08-27,1
OPUSDT,2026-08-27,1
PAXGUSDT,2026-08-27,1
PENGUUSDT,2026-08-27,1
POLUSDT,2026-08-27,1
PUMPFUNUSDT,2026-08-27,1
SEIUSDT,2026-08-27,1
SHIB1000USDT,2026-08-27,1
SKHYNIXUSDT,2026-08-27,1
SKHYUSDT,2026-08-27,1
SKYAI1USDT,2026-08-27,1
SOLUSDT,2026-08-27,1
SPCXUSDT,2026-08-27,1
SUIUSDT,2026-08-27,1
TAOUSDT,2026-08-27,1
TIAUSDT,2026-08-27,1
TRUMPUSDT,2026-08-27,1
TRXUSDT,2026-08-27,1
TUTUSDT,2026-08-27,1
UNIUSDT,2026-08-27,1
USUSDT,2026-08-27,1
VELVETUSDT,2026-08-27,1
VIRTUALUSDT,2026-08-27,1
VVVUSDT,2026-08-27,1
WIFUSDT,2026-08-27,1
WLDUSDT,2026-08-27,1
WLFIUSDT,2026-08-27,1
XAGUSDT,2026-08-27,1
XAUTUSDT,2026-08-27,1
XLMUSDT,2026-08-27,1
XMRUSDT,2026-08-27,1
XPLUSDT,2026-08-27,1
XRPUSDT,2026-08-27,1
ZECUSDT,2026-08-27,1
ZROUSDT,2026-08-27,1
1000BONKUSDT,2026-08-28,1
1000PEPEUSDT,2026-08-28,1
1000RATSUSDT,2026-08-28,1
AAVEUSDT,2026-08-28,1
ACEUSDT,2026-08-28,1
ADAUSDT,2026-08-28,1
AKEUSDT,2026-08-28,1
ALGOUSDT,2026-08-28,1
APTUSDT,2026-08-28,1
ARBUSDT,2026-08-28,1
ASTERUSDT,2026-08-28,1
ATOMUSDT,2026-08-28,1
AVAXUSDT,2026-08-28,1
BCHUSDT,2026-08-28,1
BEATUSDT,2026-08-28,1
BLESSUSDT,2026-08-28,1
BMTUSDT,2026-08-28,1
BNBUSDT,2026-08-28,1
BTWUSDT,2026-08-28,1
BZUSDT,2026-08-28,1
COTIUSDT,2026-08-28,1
CRCLUSDT,2026-08-28,1
CRVUSDT,2026-08-28,1
CYSUSDT,2026-08-28,1
DOGEUSDT,2026-08-28,1
DOTUSDT,2026-08-28,1
DRAMUSDT,2026-08-28,1
ENAUSDT,2026-08-28,1
ETCUSDT,2026-08-28,1
ETHFIUSDT,2026-08-28,1
FARTCOINUSDT,2026-08-28,1
FILUSDT,2026-08-28,1
GALAUSDT,2026-08-28,1
GPSUSDT,2026-08-28,1
GRAMUSDT,2026-08-28,1
GRASSUSDT,2026-08-28,1
HBARUSDT,2026-08-28,1
HEMIUSDT,2026-08-28,1
HUSDT,2026-08-28,1
HYPEUSDT,2026-08-28,1
ICPUSDT,2026-08-28,1
INJUSDT,2026-08-28,1
JTOUSDT,2026-08-28,1
KAITOUSDT,2026-08-28,1
LABUSDT,2026-08-28,1
LDOUSDT,2026-08-28,1
LINKUSDT,2026-08-28,1
LITUSDT,2026-08-28,1
LTCUSDT,2026-08-28,1
MMTUSDT,2026-08-28,1
MNTUSDT,2026-08-28,1
MONUSDT,2026-08-28,1
MRVLUSDT,2026-08-28,1
MSTRUSDT,2026-08-28,1
MUUSDT,2026-08-28,1
NEARUSDT,2026-08-28,1
NVDAUSDT,2026-08-28,1
ONDOUSDT,2026-08-28,1
ONGUSDT,2026-08-28,1
OPUSDT,2026-08-28,1
PAXGUSDT,2026-08-28,1
PENGUUSDT,2026-08-28,1
POLUSDT,2026-08-28,1
PUMPFUNUSDT,2026-08-28,1
SEIUSDT,2026-08-28,1
SHIB1000USDT,2026-08-28,1
SKHYNIXUSDT,2026-08-28,1
SKHYUSDT,2026-08-28,1
SOLUSDT,2026-08-28,1
SPCXUSDT,2026-08-28,1
STXUSDT,2026-08-28,1
SUIUSDT,2026-08-28,1
TAOUSDT,2026-08-28,1
TIAUSDT,2026-08-28,1
TRUMPUSDT,2026-08-28,1
TRXUSDT,2026-08-28,1
TUTUSDT,2026-08-28,1
UNIUSDT,2026-08-28,1
USUSDT,2026-08-28,1
VELVETUSDT,2026-08-28,1
VIRTUALUSDT,2026-08-28,1
VVVUSDT,2026-08-28,1
WIFUSDT,2026-08-28,1
WLDUSDT,2026-08-28,1
WLFIUSDT,2026-08-28,1
XAGUSDT,2026-08-28,1
XAUTUSDT,2026-08-28,1
XLMUSDT,2026-08-28,1
XMRUSDT,2026-08-28,1
XPLUSDT,2026-08-28,1
XRPUSDT,2026-08-28,1
ZECUSDT,2026-08-28,1
ZROUSDT,2026-08-28,1
1000BONKUSDT,2026-08-29,1
1000PEPEUSDT,2026-08-29,1
1000RATSUSDT,2026-08-29,1
AAVEUSDT,2026-08-29,1
ACEUSDT,2026-08-29,1
ADAUSDT,2026-08-29,1
AKEUSDT,2026-08-29,1
ALGOUSDT,2026-08-29,1
APTUSDT,2026-08-29,1
ARBUSDT,2026-08-29,1
ASTERUSDT,2026-08-29,1
ATOMUSDT,2026-08-29,1
AVAXUSDT,2026-08-29,1
BCHUSDT,2026-08-29,1
BEATUSDT,2026-08-29,1
BLESSUSDT,2026-08-29,1
BMTUSDT,2026-08-29,1
BNBUSDT,2026-08-29,1
BTWUSDT,2026-08-29,1
BZUSDT,2026-08-29,1
COTIUSDT,2026-08-29,1
CRCLUSDT,2026-08-29,1
CRVUSDT,2026-08-29,1
CYSUSDT,2026-08-29,1
DOGEUSDT,2026-08-29,1
DOTUSDT,2026-08-29,1
DRAMUSDT,2026-08-29,1
ENAUSDT,2026-08-29,1
ETCUSDT,2026-08-29,1
ETHFIUSDT,2026-08-29,1
FARTCOINUSDT,2026-08-29,1
FILUSDT,2026-08-29,1
GALAUSDT,2026-08-29,1
GPSUSDT,2026-08-29,1
GRAMUSDT,2026-08-29,1
GRASSUSDT,2026-08-29,1
HBARUSDT,2026-08-29,1
HEMIUSDT,2026-08-29,1
HUSDT,2026-08-29,1
HYPEUSDT,2026-08-29,1
ICPUSDT,2026-08-29,1
INJUSDT,2026-08-29,1
JTOUSDT,2026-08-29,1
KAITOUSDT,2026-08-29,1
LABUSDT,2026-08-29,1
LDOUSDT,2026-08-29,1
LINKUSDT,2026-08-29,1
LITUSDT,2026-08-29,1
LTCUSDT,2026-08-29,1
MMTUSDT,2026-08-29,1
MNTUSDT,2026-08-29,1
MONUSDT,2026-08-29,1
MRVLUSDT,2026-08-29,1
MSTRUSDT,2026-08-29,1
MUUSDT,2026-08-29,1
NEARUSDT,2026-08-29,1
NVDAUSDT,2026-08-29,1
ONDOUSDT,2026-08-29,1
ONGUSDT,2026-08-29,1
OPUSDT,2026-08-29,1
PAXGUSDT,2026-08-29,1
PENGUUSDT,2026-08-29,1
POLUSDT,2026-08-29,1
PUMPFUNUSDT,2026-08-29,1
SEIUSDT,2026-08-29,1
SHIB1000USDT,2026-08-29,1
SKHYNIXUSDT,2026-08-29,1
SKHYUSDT,2026-08-29,1
SOLUSDT,2026-08-29,1
SPCXUSDT,2026-08-29,1
STXUSDT,2026-08-29,1
SUIUSDT,2026-08-29,1
TAOUSDT,2026-08-29,1
TIAUSDT,2026-08-29,1
TRUMPUSDT,2026-08-29,1
TRXUSDT,2026-08-29,1
TUTUSDT,2026-08-29,1
UNIUSDT,2026-08-29,1
USUSDT,2026-08-29,1
VELVETUSDT,2026-08-29,1
VIRTUALUSDT,2026-08-29,1
VVVUSDT,2026-08-29,1
WIFUSDT,2026-08-29,1
WLDUSDT,2026-08-29,1
WLFIUSDT,2026-08-29,1
XAGUSDT,2026-08-29,1
XAUTUSDT,2026-08-29,1
XLMUSDT,2026-08-29,1
XMRUSDT,2026-08-29,1
XPLUSDT,2026-08-29,1
XRPUSDT,2026-08-29,1
ZECUSDT,2026-08-29,1
ZROUSDT,2026-08-29,1
1000BONKUSDT,2026-08-30,1
1000PEPEUSDT,2026-08-30,1
1000RATSUSDT,2026-08-30,1
AAVEUSDT,2026-08-30,1
ACEUSDT,2026-08-30,1
ADAUSDT,2026-08-30,1
AKEUSDT,2026-08-30,1
APTUSDT,2026-08-30,1
ARBUSDT,2026-08-30,1
ASTERUSDT,2026-08-30,1
ATOMUSDT,2026-08-30,1
AVAXUSDT,2026-08-30,1
BCHUSDT,2026-08-30,1
BEATUSDT,2026-08-30,1
BLESSUSDT,2026-08-30,1
BMTUSDT,2026-08-30,1
BNBUSDT,2026-08-30,1
BTWUSDT,2026-08-30,1
BZUSDT,2026-08-30,1
COTIUSDT,2026-08-30,1
CRCLUSDT,2026-08-30,1
CRVUSDT,2026-08-30,1
CYSUSDT,2026-08-30,1
DOGEUSDT,2026-08-30,1
DOTUSDT,2026-08-30,1
DRAMUSDT,2026-08-30,1
ENAUSDT,2026-08-30,1
ETCUSDT,2026-08-30,1
ETHFIUSDT,2026-08-30,1
FARTCOINUSDT,2026-08-30,1
FILUSDT,2026-08-30,1
GALAUSDT,2026-08-30,1
GRAMUSDT,2026-08-30,1
GRASSUSDT,2026-08-30,1
HBARUSDT,2026-08-30,1
HEMIUSDT,2026-08-30,1
HUSDT,2026-08-30,1
HYPEUSDT,2026-08-30,1
ICPUSDT,2026-08-30,1
INJUSDT,2026-08-30,1
JTOUSDT,2026-08-30,1
KAITOUSDT,2026-08-30,1
LABUSDT,2026-08-30,1
LDOUSDT,2026-08-30,1
LINKUSDT,2026-08-30,1
LITUSDT,2026-08-30,1
LTCUSDT,2026-08-30,1
MNTUSDT,2026-08-30,1
MONUSDT,2026-08-30,1
MRVLUSDT,2026-08-30,1
MSTRUSDT,2026-08-30,1
MUUSDT,2026-08-30,1
NEARUSDT,2026-08-30,1
NVDAUSDT,2026-08-30,1
ONDOUSDT,2026-08-30,1
ONGUSDT,2026-08-30,1
OPUSDT,2026-08-30,1
PAXGUSDT,2026-08-30,1
PENGUUSDT,2026-08-30,1
POLUSDT,2026-08-30,1
PUMPFUNUSDT,2026-08-30,1
SEIUSDT,2026-08-30,1
SHIB1000USDT,2026-08-30,1
SKHYNIXUSDT,2026-08-30,1
SKHYUSDT,2026-08-30,1
SOLUSDT,2026-08-30,1
SPCXUSDT,2026-08-30,1
STXUSDT,2026-08-30,1
SUIUSDT,2026-08-30,1
TAOUSDT,2026-08-30,1
TIAUSDT,2026-08-30,1
TRUMPUSDT,2026-08-30,1
TRXUSDT,2026-08-30,1
TUTUSDT,2026-08-30,1
UNIUSDT,2026-08-30,1
USUSDT,2026-08-30,1
VELVETUSDT,2026-08-30,1
VIRTUALUSDT,2026-08-30,1
VVVUSDT,2026-08-30,1
WIFUSDT,2026-08-30,1
WLDUSDT,2026-08-30,1
WLFIUSDT,2026-08-30,1
XAGUSDT,2026-08-30,1
XAUTUSDT,2026-08-30,1
XLMUSDT,2026-08-30,1
XMRUSDT,2026-08-30,1
XPLUSDT,2026-08-30,1
XRPUSDT,2026-08-30,1
ZECUSDT,2026-08-30,1
ZROUSDT,2026-08-30,1
1000BONKUSDT,2026-08-31,1
1000PEPEUSDT,2026-08-31,1
1000RATSUSDT,2026-08-31,1
AAVEUSDT,2026-08-31,1
ACEUSDT,2026-08-31,1
ADAUSDT,2026-08-31,1
AKEUSDT,2026-08-31,1
APTUSDT,2026-08-31,1
ARBUSDT,2026-08-31,1
ASTERUSDT,2026-08-31,1
ATOMUSDT,2026-08-31,1
AVAXUSDT,2026-08-31,1
BCHUSDT,2026-08-31,1
BEATUSDT,2026-08-31,1
BLESSUSDT,2026-08-31,1
BMTUSDT,2026-08-31,1
BNBUSDT,2026-08-31,1
BTWUSDT,2026-08-31,1
BZUSDT,2026-08-31,1
COTIUSDT,2026-08-31,1
CRCLUSDT,2026-08-31,1
CRVUSDT,2026-08-31,1
CYSUSDT,2026-08-31,1
DOGEUSDT,2026-08-31,1
DOTUSDT,2026-08-31,1
DRAMUSDT,2026-08-31,1
ENAUSDT,2026-08-31,1
ETCUSDT,2026-08-31,1
ETHFIUSDT,2026-08-31,1
FARTCOINUSDT,2026-08-31,1
FILUSDT,2026-08-31,1
GALAUSDT,2026-08-31,1
GRAMUSDT,2026-08-31,1
GRASSUSDT,2026-08-31,1
HBARUSDT,2026-08-31,1
HEMIUSDT,2026-08-31,1
HUSDT,2026-08-31,1
HYPEUSDT,2026-08-31,1
ICPUSDT,2026-08-31,1
INJUSDT,2026-08-31,1
JTOUSDT,2026-08-31,1
KAITOUSDT,2026-08-31,1
LABUSDT,2026-08-31,1
LDOUSDT,2026-08-31,1
LINKUSDT,2026-08-31,1
LITUSDT,2026-08-31,1
LTCUSDT,2026-08-31,1
MNTUSDT,2026-08-31,1
MONUSDT,2026-08-31,1
MRVLUSDT,2026-08-31,1
MSTRUSDT,2026-08-31,1
MUUSDT,2026-08-31,1
NEARUSDT,2026-08-31,1
NVDAUSDT,2026-08-31,1
ONDOUSDT,2026-08-31,1
ONGUSDT,2026-08-31,1
OPUSDT,2026-08-31,1
PAXGUSDT,2026-08-31,1
PENGUUSDT,2026-08-31,1
POLUSDT,2026-08-31,1
PUMPFUNUSDT,2026-08-31,1
SEIUSDT,2026-08-31,1
SHIB1000USDT,2026-08-31,1
SKHYNIXUSDT,2026-08-31,1
SKHYUSDT,2026-08-31,1
SOLUSDT,2026-08-31,1
SPCXUSDT,2026-08-31,1
STXUSDT,2026-08-31,1
SUIUSDT,2026-08-31,1
TAOUSDT,2026-08-31,1
TIAUSDT,2026-08-31,1
TRUMPUSDT,2026-08-31,1
TRXUSDT,2026-08-31,1
TUTUSDT,2026-08-31,1
UNIUSDT,2026-08-31,1
USUSDT,2026-08-31,1
VELVETUSDT,2026-08-31,1
VIRTUALUSDT,2026-08-31,1
VVVUSDT,2026-08-31,1
WIFUSDT,2026-08-31,1
WLDUSDT,2026-08-31,1
WLFIUSDT,2026-08-31,1
XAGUSDT,2026-08-31,1
XAUTUSDT,2026-08-31,1
XLMUSDT,2026-08-31,1
XMRUSDT,2026-08-31,1
XPLUSDT,2026-08-31,1
XRPUSDT,2026-08-31,1
ZECUSDT,2026-08-31,1
ZROUSDT,2026-08-31,1
1000BONKUSDT,2026-09-01,1
1000PEPEUSDT,2026-09-01,1
AAVEUSDT,2026-09-01,1
ACEUSDT,2026-09-01,1
ADAUSDT,2026-09-01,1
AKEUSDT,2026-09-01,1
APTUSDT,2026-09-01,1
ARBUSDT,2026-09-01,1
ASTERUSDT,2026-09-01,1
ATOMUSDT,2026-09-01,1
AVAXUSDT,2026-09-01,1
BCHUSDT,2026-09-01,1
BEATUSDT,2026-09-01,1
BLESSUSDT,2026-09-01,1
BMTUSDT,2026-09-01,1
BNBUSDT,2026-09-01,1
BTWUSDT,2026-09-01,1
BZUSDT,2026-09-01,1
COTIUSDT,2026-09-01,1
CRCLUSDT,2026-09-01,1
CRVUSDT,2026-09-01,1
CYSUSDT,2026-09-01,1
DOGEUSDT,2026-09-01,1
DOTUSDT,2026-09-01,1
DRAMUSDT,2026-09-01,1
ENAUSDT,2026-09-01,1
ETCUSDT,2026-09-01,1
ETHFIUSDT,2026-09-01,1
FARTCOINUSDT,2026-09-01,1
FILUSDT,2026-09-01,1
GALAUSDT,2026-09-01,1
GRAMUSDT,2026-09-01,1
GRASSUSDT,2026-09-01,1
HBARUSDT,2026-09-01,1
HEMIUSDT,2026-09-01,1
HUSDT,2026-09-01,1
HYPEUSDT,2026-09-01,1
ICPUSDT,2026-09-01,1
INJUSDT,2026-09-01,1
JTOUSDT,2026-09-01,1
KAITOUSDT,2026-09-01,1
LABUSDT,2026-09-01,1
LDOUSDT,2026-09-01,1
LINKUSDT,2026-09-01,1
LITUSDT,2026-09-01,1
LTCUSDT,2026-09-01,1
MNTUSDT,2026-09-01,1
MONUSDT,2026-09-01,1
MRVLUSDT,2026-09-01,1
MSTRUSDT,2026-09-01,1
MUUSDT,2026-09-01,1
NEARUSDT,2026-09-01,1
NVDAUSDT,2026-09-01,1
ONDOUSDT,2026-09-01,1
ONGUSDT,2026-09-01,1
OPUSDT,2026-09-01,1
PAXGUSDT,2026-09-01,1
PENGUUSDT,2026-09-01,1
POLUSDT,2026-09-01,1
PUMPFUNUSDT,2026-09-01,1
SEIUSDT,2026-09-01,1
SHIB1000USDT,2026-09-01,1
SKHYNIXUSDT,2026-09-01,1
SKHYUSDT,2026-09-01,1
SOLUSDT,2026-09-01,1
SPCXUSDT,2026-09-01,1
SPXUSDT,2026-09-01,1
STXUSDT,2026-09-01,1
SUIUSDT,2026-09-01,1
TAOUSDT,2026-09-01,1
TIAUSDT,2026-09-01,1
TRUMPUSDT,2026-09-01,1
TRXUSDT,2026-09-01,1
TUTUSDT,2026-09-01,1
UNIUSDT,2026-09-01,1
USUSDT,2026-09-01,1
VELVETUSDT,2026-09-01,1
VIRTUALUSDT,2026-09-01,1
VVVUSDT,2026-09-01,1
WIFUSDT,2026-09-01,1
WLDUSDT,2026-09-01,1
WLFIUSDT,2026-09-01,1
XAGUSDT,2026-09-01,1
XAUTUSDT,2026-09-01,1
XLMUSDT,2026-09-01,1
XMRUSDT,2026-09-01,1
XPLUSDT,2026-09-01,1
XRPUSDT,2026-09-01,1
ZECUSDT,2026-09-01,1
ZROUSDT,2026-09-01,1
1000BONKUSDT,2026-09-02,1
1000PEPEUSDT,2026-09-02,1
AAVEUSDT,2026-09-02,1
ACEUSDT,2026-09-02,1
ADAUSDT,2026-09-02,1
AKEUSDT,2026-09-02,1
APTUSDT,2026-09-02,1
ARBUSDT,2026-09-02,1
ASTERUSDT,2026-09-02,1
ATOMUSDT,2026-09-02,1
AVAXUSDT,2026-09-02,1
BCHUSDT,2026-09-02,1
BEATUSDT,2026-09-02,1
BLESSUSDT,2026-09-02,1
BMTUSDT,2026-09-02,1
BNBUSDT,2026-09-02,1
BTRUSDT,2026-09-02,1
BTWUSDT,2026-09-02,1
BZUSDT,2026-09-02,1
COTIUSDT,2026-09-02,1
CRCLUSDT,2026-09-02,1
CRVUSDT,2026-09-02,1
CYSUSDT,2026-09-02,1
DOGEUSDT,2026-09-02,1
DOTUSDT,2026-09-02,1
DRAMUSDT,2026-09-02,1
ENAUSDT,2026-09-02,1
ETCUSDT,2026-09-02,1
ETHFIUSDT,2026-09-02,1
FARTCOINUSDT,2026-09-02,1
FILUSDT,2026-09-02,1
GALAUSDT,2026-09-02,1
GRAMUSDT,2026-09-02,1
GRASSUSDT,2026-09-02,1
HBARUSDT,2026-09-02,1
HEMIUSDT,2026-09-02,1
HUSDT,2026-09-02,1
HYPEUSDT,2026-09-02,1
ICPUSDT,2026-09-02,1
INJUSDT,2026-09-02,1
JTOUSDT,2026-09-02,1
LABUSDT,2026-09-02,1
LDOUSDT,2026-09-02,1
LINKUSDT,2026-09-02,1
LITUSDT,2026-09-02,1
LTCUSDT,2026-09-02,1
MNTUSDT,2026-09-02,1
MONUSDT,2026-09-02,1
MRVLUSDT,2026-09-02,1
MSTRUSDT,2026-09-02,1
MUUSDT,2026-09-02,1
NEARUSDT,2026-09-02,1
NVDAUSDT,2026-09-02,1
ONDOUSDT,2026-09-02,1
ONGUSDT,2026-09-02,1
OPUSDT,2026-09-02,1
PAXGUSDT,2026-09-02,1
PENGUUSDT,2026-09-02,1
POLUSDT,2026-09-02,1
PUMPFUNUSDT,2026-09-02,1
SEIUSDT,2026-09-02,1
SHIB1000USDT,2026-09-02,1
SKHYNIXUSDT,2026-09-02,1
SKHYUSDT,2026-09-02,1
SOLUSDT,2026-09-02,1
SPCXUSDT,2026-09-02,1
SPXUSDT,2026-09-02,1
STXUSDT,2026-09-02,1
SUIUSDT,2026-09-02,1
TAOUSDT,2026-09-02,1
TIAUSDT,2026-09-02,1
TRUMPUSDT,2026-09-02,1
TRXUSDT,2026-09-02,1
TUTUSDT,2026-09-02,1
UNIUSDT,2026-09-02,1
USUSDT,2026-09-02,1
VELVETUSDT,2026-09-02,1
VIRTUALUSDT,2026-09-02,1
VVVUSDT,2026-09-02,1
WIFUSDT,2026-09-02,1
WLDUSDT,2026-09-02,1
WLFIUSDT,2026-09-02,1
XAGUSDT,2026-09-02,1
XAUTUSDT,2026-09-02,1
XLMUSDT,2026-09-02,1
XMRUSDT,2026-09-02,1
XPLUSDT,2026-09-02,1
XRPUSDT,2026-09-02,1
ZECUSDT,2026-09-02,1
ZROUSDT,2026-09-02,1
1000BONKUSDT,2026-09-03,1
1000PEPEUSDT,2026-09-03,1
AAVEUSDT,2026-09-03,1
ACEUSDT,2026-09-03,1
ADAUSDT,2026-09-03,1
AKEUSDT,2026-09-03,1
APTUSDT,2026-09-03,1
ARBUSDT,2026-09-03,1
ASTERUSDT,2026-09-03,1
ATOMUSDT,2026-09-03,1
AVAXUSDT,2026-09-03,1
BCHUSDT,2026-09-03,1
BEATUSDT,2026-09-03,1
BLESSUSDT,2026-09-03,1
BMTUSDT,2026-09-03,1
BNBUSDT,2026-09-03,1
BTRUSDT,2026-09-03,1
BTWUSDT,2026-09-03,1
BZUSDT,2026-09-03,1
COTIUSDT,2026-09-03,1
CRCLUSDT,2026-09-03,1
CRVUSDT,2026-09-03,1
CYSUSDT,2026-09-03,1
DOGEUSDT,2026-09-03,1
DOTUSDT,2026-09-03,1
DRAMUSDT,2026-09-03,1
ENAUSDT,2026-09-03,1
ETCUSDT,2026-09-03,1
ETHFIUSDT,2026-09-03,1
FARTCOINUSDT,2026-09-03,1
FILUSDT,2026-09-03,1
GALAUSDT,2026-09-03,1
GRAMUSDT,2026-09-03,1
GRASSUSDT,2026-09-03,1
HBARUSDT,2026-09-03,1
HEMIUSDT,2026-09-03,1
HUSDT,2026-09-03,1
HYPEUSDT,2026-09-03,1
ICPUSDT,2026-09-03,1
INJUSDT,2026-09-03,1
JTOUSDT,2026-09-03,1
LABUSDT,2026-09-03,1
LDOUSDT,2026-09-03,1
LINKUSDT,2026-09-03,1
LITUSDT,2026-09-03,1
LTCUSDT,2026-09-03,1
MAGMAUSDT,2026-09-03,1
MNTUSDT,2026-09-03,1
MONUSDT,2026-09-03,1
MRVLUSDT,2026-09-03,1
MSTRUSDT,2026-09-03,1
MUUSDT,2026-09-03,1
NEARUSDT,2026-09-03,1
NVDAUSDT,2026-09-03,1
ONDOUSDT,2026-09-03,1
ONGUSDT,2026-09-03,1
OPUSDT,2026-09-03,1
PAXGUSDT,2026-09-03,1
PENGUUSDT,2026-09-03,1
POLUSDT,2026-09-03,1
PUMPFUNUSDT,2026-09-03,1
SEIUSDT,2026-09-03,1
SHIB1000USDT,2026-09-03,1
SKHYNIXUSDT,2026-09-03,1
SKHYUSDT,2026-09-03,1
SOLUSDT,2026-09-03,1
SPCXUSDT,2026-09-03,1
SPXUSDT,2026-09-03,1
STXUSDT,2026-09-03,1
SUIUSDT,2026-09-03,1
TAOUSDT,2026-09-03,1
TIAUSDT,2026-09-03,1
TRUMPUSDT,2026-09-03,1
TRXUSDT,2026-09-03,1
TUTUSDT,2026-09-03,1
UNIUSDT,2026-09-03,1
USUSDT,2026-09-03,1
VELVETUSDT,2026-09-03,1
VIRTUALUSDT,2026-09-03,1
VVVUSDT,2026-09-03,1
WIFUSDT,2026-09-03,1
WLDUSDT,2026-09-03,1
WLFIUSDT,2026-09-03,1
XAGUSDT,2026-09-03,1
XAUTUSDT,2026-09-03,1
XLMUSDT,2026-09-03,1
XMRUSDT,2026-09-03,1
XPLUSDT,2026-09-03,1
XRPUSDT,2026-09-03,1
ZECUSDT,2026-09-03,1
ZROUSDT,2026-09-03,1
1000BONKUSDT,2026-09-04,1
1000PEPEUSDT,2026-09-04,1
AAVEUSDT,2026-09-04,1
ACEUSDT,2026-09-04,1
ADAUSDT,2026-09-04,1
AKEUSDT,2026-09-04,1
APTUSDT,2026-09-04,1
ARBUSDT,2026-09-04,1
ASTERUSDT,2026-09-04,1
ATOMUSDT,2026-09-04,1
AVAXUSDT,2026-09-04,1
BCHUSDT,2026-09-04,1
BEATUSDT,2026-09-04,1
BLESSUSDT,2026-09-04,1
BMTUSDT,2026-09-04,1
BNBUSDT,2026-09-04,1
BTRUSDT,2026-09-04,1
BTWUSDT,2026-09-04,1
BZUSDT,2026-09-04,1
COTIUSDT,2026-09-04,1
CRCLUSDT,2026-09-04,1
CRVUSDT,2026-09-04,1
CYSUSDT,2026-09-04,1
DOGEUSDT,2026-09-04,1
DOTUSDT,2026-09-04,1
DRAMUSDT,2026-09-04,1
ENAUSDT,2026-09-04,1
ETCUSDT,2026-09-04,1
ETHFIUSDT,2026-09-04,1
FARTCOINUSDT,2026-09-04,1
FILUSDT,2026-09-04,1
GALAUSDT,2026-09-04,1
GRAMUSDT,2026-09-04,1
HBARUSDT,2026-09-04,1
HEMIUSDT,2026-09-04,1
HUSDT,2026-09-04,1
HYPEUSDT,2026-09-04,1
ICPUSDT,2026-09-04,1
INJUSDT,2026-09-04,1
JTOUSDT,2026-09-04,1
LABUSDT,2026-09-04,1
LDOUSDT,2026-09-04,1
LINKUSDT,2026-09-04,1
LITUSDT,2026-09-04,1
LTCUSDT,2026-09-04,1
MAGMAUSDT,2026-09-04,1
MNTUSDT,2026-09-04,1
MONUSDT,2026-09-04,1
MRVLUSDT,2026-09-04,1
MSTRUSDT,2026-09-04,1
MUUSDT,2026-09-04,1
NEARUSDT,2026-09-04,1
NVDAUSDT,2026-09-04,1
ONDOUSDT,2026-09-04,1
ONGUSDT,2026-09-04,1
OPUSDT,2026-09-04,1
PAXGUSDT,2026-09-04,1
PENGUUSDT,2026-09-04,1
POLUSDT,2026-09-04,1
PUMPFUNUSDT,2026-09-04,1
SEIUSDT,2026-09-04,1
SHIB1000USDT,2026-09-04,1
SKHYNIXUSDT,2026-09-04,1
SKHYUSDT,2026-09-04,1
SKRUSDT,2026-09-04,1
SOLUSDT,2026-09-04,1
SPCXUSDT,2026-09-04,1
SPXUSDT,2026-09-04,1
STXUSDT,2026-09-04,1
SUIUSDT,2026-09-04,1
TAOUSDT,2026-09-04,1
TIAUSDT,2026-09-04,1
TRUMPUSDT,2026-09-04,1
TRXUSDT,2026-09-04,1
TUTUSDT,2026-09-04,1
UNIUSDT,2026-09-04,1
USUSDT,2026-09-04,1
VELVETUSDT,2026-09-04,1
VIRTUALUSDT,2026-09-04,1
VVVUSDT,2026-09-04,1
WIFUSDT,2026-09-04,1
WLDUSDT,2026-09-04,1
WLFIUSDT,2026-09-04,1
XAGUSDT,2026-09-04,1
XAUTUSDT,2026-09-04,1
XLMUSDT,2026-09-04,1
XMRUSDT,2026-09-04,1
XPLUSDT,2026-09-04,1
XRPUSDT,2026-09-04,1
ZECUSDT,2026-09-04,1
ZROUSDT,2026-09-04,1
1000BONKUSDT,2026-09-05,1
1000PEPEUSDT,2026-09-05,1
AAVEUSDT,2026-09-05,1
ACEUSDT,2026-09-05,1
ADAUSDT,2026-09-05,1
AKEUSDT,2026-09-05,1
APTUSDT,2026-09-05,1
ARBUSDT,2026-09-05,1
ASTERUSDT,2026-09-05,1
ATOMUSDT,2026-09-05,1
AVAXUSDT,2026-09-05,1
BCHUSDT,2026-09-05,1
BEATUSDT,2026-09-05,1
BLESSUSDT,2026-09-05,1
BMTUSDT,2026-09-05,1
BNBUSDT,2026-09-05,1
BTRUSDT,2026-09-05,1
BTWUSDT,2026-09-05,1
BZUSDT,2026-09-05,1
COTIUSDT,2026-09-05,1
CRCLUSDT,2026-09-05,1
CRVUSDT,2026-09-05,1
CYSUSDT,2026-09-05,1
DASHUSDT,2026-09-05,1
DOGEUSDT,2026-09-05,1
DOTUSDT,2026-09-05,1
DRAMUSDT,2026-09-05,1
ENAUSDT,2026-09-05,1
ETCUSDT,2026-09-05,1
ETHFIUSDT,2026-09-05,1
FARTCOINUSDT,2026-09-05,1
FILUSDT,2026-09-05,1
GALAUSDT,2026-09-05,1
GRAMUSDT,2026-09-05,1
HBARUSDT,2026-09-05,1
HEMIUSDT,2026-09-05,1
HNTUSDT,2026-09-05,1
HUSDT,2026-09-05,1
HYPEUSDT,2026-09-05,1
ICPUSDT,2026-09-05,1
INJUSDT,2026-09-05,1
JTOUSDT,2026-09-05,1
LABUSDT,2026-09-05,1
LDOUSDT,2026-09-05,1
LINKUSDT,2026-09-05,1
LITUSDT,2026-09-05,1
LTCUSDT,2026-09-05,1
MAGMAUSDT,2026-09-05,1
MNTUSDT,2026-09-05,1
MONUSDT,2026-09-05,1
MSTRUSDT,2026-09-05,1
MUUSDT,2026-09-05,1
NEARUSDT,2026-09-05,1
NVDAUSDT,2026-09-05,1
ONDOUSDT,2026-09-05,1
ONGUSDT,2026-09-05,1
OPUSDT,2026-09-05,1
PAXGUSDT,2026-09-05,1
PENGUUSDT,2026-09-05,1
POLUSDT,2026-09-05,1
PUMPFUNUSDT,2026-09-05,1
SEIUSDT,2026-09-05,1
SHIB1000USDT,2026-09-05,1
SKHYNIXUSDT,2026-09-05,1
SKHYUSDT,2026-09-05,1
SKRUSDT,2026-09-05,1
SOLUSDT,2026-09-05,1
SPCXUSDT,2026-09-05,1
SPXUSDT,2026-09-05,1
STXUSDT,2026-09-05,1
SUIUSDT,2026-09-05,1
TAOUSDT,2026-09-05,1
TIAUSDT,2026-09-05,1
TRUMPUSDT,2026-09-05,1
TRXUSDT,2026-09-05,1
TUTUSDT,2026-09-05,1
UNIUSDT,2026-09-05,1
USELESSUSDT,2026-09-05,1
USUSDT,2026-09-05,1
VELVETUSDT,2026-09-05,1
VIRTUALUSDT,2026-09-05,1
VVVUSDT,2026-09-05,1
WIFUSDT,2026-09-05,1
WLDUSDT,2026-09-05,1
WLFIUSDT,2026-09-05,1
XAGUSDT,2026-09-05,1
XAUTUSDT,2026-09-05,1
XLMUSDT,2026-09-05,1
XMRUSDT,2026-09-05,1
XPLUSDT,2026-09-05,1
XRPUSDT,2026-09-05,1
ZECUSDT,2026-09-05,1
ZROUSDT,2026-09-05,1
1000BONKUSDT,2026-09-06,1
1000PEPEUSDT,2026-09-06,1
AAVEUSDT,2026-09-06,1
ACEUSDT,2026-09-06,1
ADAUSDT,2026-09-06,1
AKEUSDT,2026-09-06,1
APTUSDT,2026-09-06,1
ARBUSDT,2026-09-06,1
ASTERUSDT,2026-09-06,1
ATOMUSDT,2026-09-06,1
AVAXUSDT,2026-09-06,1
BCHUSDT,2026-09-06,1
BEATUSDT,2026-09-06,1
BLESSUSDT,2026-09-06,1
BNBUSDT,2026-09-06,1
BTRUSDT,2026-09-06,1
BTWUSDT,2026-09-06,1
BZUSDT,2026-09-06,1
COTIUSDT,2026-09-06,1
CRCLUSDT,2026-09-06,1
CRVUSDT,2026-09-06,1
CYSUSDT,2026-09-06,1
DASHUSDT,2026-09-06,1
DOGEUSDT,2026-09-06,1
DOTUSDT,2026-09-06,1
DRAMUSDT,2026-09-06,1
ENAUSDT,2026-09-06,1
ETCUSDT,2026-09-06,1
ETHFIUSDT,2026-09-06,1
FARTCOINUSDT,2026-09-06,1
FILUSDT,2026-09-06,1
GALAUSDT,2026-09-06,1
GRAMUSDT,2026-09-06,1
HBARUSDT,2026-09-06,1
HEMIUSDT,2026-09-06,1
HNTUSDT,2026-09-06,1
HYPEUSDT,2026-09-06,1
ICPUSDT,2026-09-06,1
INJUSDT,2026-09-06,1
JTOUSDT,2026-09-06,1
LABUSDT,2026-09-06,1
LDOUSDT,2026-09-06,1
LINKUSDT,2026-09-06,1
LITUSDT,2026-09-06,1
LTCUSDT,2026-09-06,1
MAGMAUSDT,2026-09-06,1
MNTUSDT,2026-09-06,1
MONUSDT,2026-09-06,1
MSTRUSDT,2026-09-06,1
MUUSDT,2026-09-06,1
NEARUSDT,2026-09-06,1
NVDAUSDT,2026-09-06,1
ONDOUSDT,2026-09-06,1
ONGUSDT,2026-09-06,1
OPUSDT,2026-09-06,1
PAXGUSDT,2026-09-06,1
PENGUUSDT,2026-09-06,1
POLUSDT,2026-09-06,1
PUMPFUNUSDT,2026-09-06,1
SEIUSDT,2026-09-06,1
SHIB1000USDT,2026-09-06,1
SKHYNIXUSDT,2026-09-06,1
SKHYUSDT,2026-09-06,1
SKRUSDT,2026-09-06,1
SNXXUSDT,2026-09-06,1
SOLUSDT,2026-09-06,1
SPCXUSDT,2026-09-06,1
SPXUSDT,2026-09-06,1
STXUSDT,2026-09-06,1
SUIUSDT,2026-09-06,1
TAOUSDT,2026-09-06,1
TIAUSDT,2026-09-06,1
TRUMPUSDT,2026-09-06,1
TRXUSDT,2026-09-06,1
TUTUSDT,2026-09-06,1
UAIUSDT,2026-09-06,1
UNIUSDT,2026-09-06,1
USELESSUSDT,2026-09-06,1
VELVETUSDT,2026-09-06,1
VIRTUALUSDT,2026-09-06,1
VVVUSDT,2026-09-06,1
WIFUSDT,2026-09-06,1
WLDUSDT,2026-09-06,1
WLFIUSDT,2026-09-06,1
XAGUSDT,2026-09-06,1
XAUTUSDT,2026-09-06,1
XLMUSDT,2026-09-06,1
XMRUSDT,2026-09-06,1
XPLUSDT,2026-09-06,1
XRPUSDT,2026-09-06,1
ZECUSDT,2026-09-06,1
ZROUSDT,2026-09-06,1
1000BONKUSDT,2026-09-07,1
1000PEPEUSDT,2026-09-07,1
AAVEUSDT,2026-09-07,1
ACEUSDT,2026-09-07,1
ADAUSDT,2026-09-07,1
AKEUSDT,2026-09-07,1
APTUSDT,2026-09-07,1
ARBUSDT,2026-09-07,1
ASTERUSDT,2026-09-07,1
ATOMUSDT,2026-09-07,1
AVAXUSDT,2026-09-07,1
BCHUSDT,2026-09-07,1
BEATUSDT,2026-09-07,1
BLESSUSDT,2026-09-07,1
BNBUSDT,2026-09-07,1
BTRUSDT,2026-09-07,1
BTWUSDT,2026-09-07,1
BZUSDT,2026-09-07,1
COTIUSDT,2026-09-07,1
CRCLUSDT,2026-09-07,1
CRVUSDT,2026-09-07,1
CYSUSDT,2026-09-07,1
DASHUSDT,2026-09-07,1
DOGEUSDT,2026-09-07,1
DOTUSDT,2026-09-07,1
DRAMUSDT,2026-09-07,1
ENAUSDT,2026-09-07,1
ETCUSDT,2026-09-07,1
ETHFIUSDT,2026-09-07,1
FARTCOINUSDT,2026-09-07,1
FILUSDT,2026-09-07,1
FLOCKUSDT,2026-09-07,1
GALAUSDT,2026-09-07,1
GRAMUSDT,2026-09-07,1
HBARUSDT,2026-09-07,1
HEMIUSDT,2026-09-07,1
HNTUSDT,2026-09-07,1
HYPEUSDT,2026-09-07,1
ICPUSDT,2026-09-07,1
INJUSDT,2026-09-07,1
JTOUSDT,2026-09-07,1
LDOUSDT,2026-09-07,1
LINKUSDT,2026-09-07,1
LITUSDT,2026-09-07,1
LTCUSDT,2026-09-07,1
MAGMAUSDT,2026-09-07,1
MNTUSDT,2026-09-07,1
MONUSDT,2026-09-07,1
MSTRUSDT,2026-09-07,1
MUUSDT,2026-09-07,1
NEARUSDT,2026-09-07,1
NVDAUSDT,2026-09-07,1
ONDOUSDT,2026-09-07,1
ONGUSDT,2026-09-07,1
OPUSDT,2026-09-07,1
PAXGUSDT,2026-09-07,1
PENGUUSDT,2026-09-07,1
POLUSDT,2026-09-07,1
PUMPFUNUSDT,2026-09-07,1
SEIUSDT,2026-09-07,1
SHIB1000USDT,2026-09-07,1
SKHYNIXUSDT,2026-09-07,1
SKHYUSDT,2026-09-07,1
SKRUSDT,2026-09-07,1
SNXXUSDT,2026-09-07,1
SOLUSDT,2026-09-07,1
SPCXUSDT,2026-09-07,1
SPXUSDT,2026-09-07,1
STXUSDT,2026-09-07,1
SUIUSDT,2026-09-07,1
TAOUSDT,2026-09-07,1
TIAUSDT,2026-09-07,1
TRUMPUSDT,2026-09-07,1
TRXUSDT,2026-09-07,1
TUTUSDT,2026-09-07,1
UAIUSDT,2026-09-07,1
UNIUSDT,2026-09-07,1
USELESSUSDT,2026-09-07,1
VELVETUSDT,2026-09-07,1
VIRTUALUSDT,2026-09-07,1
VVVUSDT,2026-09-07,1
WIFUSDT,2026-09-07,1
WLDUSDT,2026-09-07,1
WLFIUSDT,2026-09-07,1
XAGUSDT,2026-09-07,1
XAUTUSDT,2026-09-07,1
XLMUSDT,2026-09-07,1
XMRUSDT,2026-09-07,1
XPLUSDT,2026-09-07,1
XRPUSDT,2026-09-07,1
ZECUSDT,2026-09-07,1
ZROUSDT,2026-09-07,1
1000BONKUSDT,2026-09-08,1
1000PEPEUSDT,2026-09-08,1
AAVEUSDT,2026-09-08,1
ACEUSDT,2026-09-08,1
ADAUSDT,2026-09-08,1
AKEUSDT,2026-09-08,1
APTUSDT,2026-09-08,1
ARBUSDT,2026-09-08,1
ASTERUSDT,2026-09-08,1
ATOMUSDT,2026-09-08,1
AVAXUSDT,2026-09-08,1
BCHUSDT,2026-09-08,1
BEATUSDT,2026-09-08,1
BNBUSDT,2026-09-08,1
BTRUSDT,2026-09-08,1
BTWUSDT,2026-09-08,1
BZUSDT,2026-09-08,1
CHIPUSDT,2026-09-08,1
COTIUSDT,2026-09-08,1
CRCLUSDT,2026-09-08,1
CRVUSDT,2026-09-08,1
CYSUSDT,2026-09-08,1
DASHUSDT,2026-09-08,1
DOGEUSDT,2026-09-08,1
DOTUSDT,2026-09-08,1
DRAMUSDT,2026-09-08,1
ENAUSDT,2026-09-08,1
ETHFIUSDT,2026-09-08,1
FARTCOINUSDT,2026-09-08,1
FILUSDT,2026-09-08,1
FLOCKUSDT,2026-09-08,1
GALAUSDT,2026-09-08,1
GRAMUSDT,2026-09-08,1
HBARUSDT,2026-09-08,1
HEMIUSDT,2026-09-08,1
HNTUSDT,2026-09-08,1
HYPEUSDT,2026-09-08,1
ICPUSDT,2026-09-08,1
INJUSDT,2026-09-08,1
JTOUSDT,2026-09-08,1
JUPUSDT,2026-09-08,1
LDOUSDT,2026-09-08,1
LINKUSDT,2026-09-08,1
LITUSDT,2026-09-08,1
LTCUSDT,2026-09-08,1
MAGMAUSDT,2026-09-08,1
MNTUSDT,2026-09-08,1
MONUSDT,2026-09-08,1
MSTRUSDT,2026-09-08,1
MUUSDT,2026-09-08,1
NEARUSDT,2026-09-08,1
NVDAUSDT,2026-09-08,1
ONDOUSDT,2026-09-08,1
ONGUSDT,2026-09-08,1
OPUSDT,2026-09-08,1
PAXGUSDT,2026-09-08,1
PENGUUSDT,2026-09-08,1
POLUSDT,2026-09-08,1
PUMPFUNUSDT,2026-09-08,1
SEIUSDT,2026-09-08,1
SHIB1000USDT,2026-09-08,1
SKHYNIXUSDT,2026-09-08,1
SKHYUSDT,2026-09-08,1
SKRUSDT,2026-09-08,1
SNXXUSDT,2026-09-08,1
SOLUSDT,2026-09-08,1
SPCXUSDT,2026-09-08,1
SPXUSDT,2026-09-08,1
STXUSDT,2026-09-08,1
SUIUSDT,2026-09-08,1
TAOUSDT,2026-09-08,1
TIAUSDT,2026-09-08,1
TRUMPUSDT,2026-09-08,1
TRXUSDT,2026-09-08,1
TUTUSDT,2026-09-08,1
UAIUSDT,2026-09-08,1
UNIUSDT,2026-09-08,1
USELESSUSDT,2026-09-08,1
VELVETUSDT,2026-09-08,1
VIRTUALUSDT,2026-09-08,1
VVVUSDT,2026-09-08,1
WIFUSDT,2026-09-08,1
WLDUSDT,2026-09-08,1
WLFIUSDT,2026-09-08,1
XAGUSDT,2026-09-08,1
XAUTUSDT,2026-09-08,1
XLMUSDT,2026-09-08,1
XMRUSDT,2026-09-08,1
XPLUSDT,2026-09-08,1
XRPUSDT,2026-09-08,1
ZECUSDT,2026-09-08,1
ZROUSDT,2026-09-08,1
1000BONKUSDT,2026-09-09,1
1000PEPEUSDT,2026-09-09,1
AAVEUSDT,2026-09-09,1
ACEUSDT,2026-09-09,1
ADAUSDT,2026-09-09,1
AKEUSDT,2026-09-09,1
APTUSDT,2026-09-09,1
ARBUSDT,2026-09-09,1
ASTERUSDT,2026-09-09,1
ATOMUSDT,2026-09-09,1
AVAXUSDT,2026-09-09,1
BCHUSDT,2026-09-09,1
BEATUSDT,2026-09-09,1
BNBUSDT,2026-09-09,1
BTRUSDT,2026-09-09,1
BTWUSDT,2026-09-09,1
BZUSDT,2026-09-09,1
CHIPUSDT,2026-09-09,1
COTIUSDT,2026-09-09,1
CRCLUSDT,2026-09-09,1
CRVUSDT,2026-09-09,1
CYSUSDT,2026-09-09,1
DASHUSDT,2026-09-09,1
DOGEUSDT,2026-09-09,1
DOTUSDT,2026-09-09,1
DRAMUSDT,2026-09-09,1
ENAUSDT,2026-09-09,1
ETHFIUSDT,2026-09-09,1
FARTCOINUSDT,2026-09-09,1
FILUSDT,2026-09-09,1
FLOCKUSDT,2026-09-09,1
GALAUSDT,2026-09-09,1
GRAMUSDT,2026-09-09,1
HBARUSDT,2026-09-09,1
HEMIUSDT,2026-09-09,1
HNTUSDT,2026-09-09,1
HYPEUSDT,2026-09-09,1
ICPUSDT,2026-09-09,1
INJUSDT,2026-09-09,1
JTOUSDT,2026-09-09,1
JUPUSDT,2026-09-09,1
LDOUSDT,2026-09-09,1
LINKUSDT,2026-09-09,1
LITUSDT,2026-09-09,1
LTCUSDT,2026-09-09,1
MAGMAUSDT,2026-09-09,1
MNTUSDT,2026-09-09,1
MONUSDT,2026-09-09,1
MSTRUSDT,2026-09-09,1
MUUSDT,2026-09-09,1
NEARUSDT,2026-09-09,1
NVDAUSDT,2026-09-09,1
ONDOUSDT,2026-09-09,1
ONGUSDT,2026-09-09,1
OPUSDT,2026-09-09,1
PAXGUSDT,2026-09-09,1
PENGUUSDT,2026-09-09,1
POLUSDT,2026-09-09,1
PUMPFUNUSDT,2026-09-09,1
SEIUSDT,2026-09-09,1
SHIB1000USDT,2026-09-09,1
SKHYNIXUSDT,2026-09-09,1
SKHYUSDT,2026-09-09,1
SKRUSDT,2026-09-09,1
SNXXUSDT,2026-09-09,1
SOLUSDT,2026-09-09,1
SPCXUSDT,2026-09-09,1
SPXUSDT,2026-09-09,1
STXUSDT,2026-09-09,1
SUIUSDT,2026-09-09,1
TAOUSDT,2026-09-09,1
TIAUSDT,2026-09-09,1
TRUMPUSDT,2026-09-09,1
TRXUSDT,2026-09-09,1
TUTUSDT,2026-09-09,1
UAIUSDT,2026-09-09,1
UNIUSDT,2026-09-09,1
USELESSUSDT,2026-09-09,1
VELVETUSDT,2026-09-09,1
VIRTUALUSDT,2026-09-09,1
VVVUSDT,2026-09-09,1
WIFUSDT,2026-09-09,1
WLDUSDT,2026-09-09,1
WLFIUSDT,2026-09-09,1
XAGUSDT,2026-09-09,1
XAUTUSDT,2026-09-09,1
XLMUSDT,2026-09-09,1
XMRUSDT,2026-09-09,1
XPLUSDT,2026-09-09,1
XRPUSDT,2026-09-09,1
ZECUSDT,2026-09-09,1
ZROUSDT,2026-09-09,1
1000BONKUSDT,2026-09-10,1
1000PEPEUSDT,2026-09-10,1
AAVEUSDT,2026-09-10,1
ACEUSDT,2026-09-10,1
ADAUSDT,2026-09-10,1
AEROUSDT,2026-09-10,1
AKEUSDT,2026-09-10,1
APTUSDT,2026-09-10,1
ARBUSDT,2026-09-10,1
ASTERUSDT,2026-09-10,1
ATOMUSDT,2026-09-10,1
AVAXUSDT,2026-09-10,1
BCHUSDT,2026-09-10,1
BEATUSDT,2026-09-10,1
BNBUSDT,2026-09-10,1
BTRUSDT,2026-09-10,1
BTWUSDT,2026-09-10,1
BZUSDT,2026-09-10,1
CHIPUSDT,2026-09-10,1
COTIUSDT,2026-09-10,1
CRCLUSDT,2026-09-10,1
CRVUSDT,2026-09-10,1
CYSUSDT,2026-09-10,1
DASHUSDT,2026-09-10,1
DOGEUSDT,2026-09-10,1
DOTUSDT,2026-09-10,1
DRAMUSDT,2026-09-10,1
ENAUSDT,2026-09-10,1
ETHFIUSDT,2026-09-10,1
FARTCOINUSDT,2026-09-10,1
FILUSDT,2026-09-10,1
FLOCKUSDT,2026-09-10,1
GALAUSDT,2026-09-10,1
GRAMUSDT,2026-09-10,1
HBARUSDT,2026-09-10,1
HEMIUSDT,2026-09-10,1
HNTUSDT,2026-09-10,1
HYPEUSDT,2026-09-10,1
ICPUSDT,2026-09-10,1
INJUSDT,2026-09-10,1
JTOUSDT,2026-09-10,1
JUPUSDT,2026-09-10,1
LDOUSDT,2026-09-10,1
LINKUSDT,2026-09-10,1
LITUSDT,2026-09-10,1
LTCUSDT,2026-09-10,1
MAGMAUSDT,2026-09-10,1
MNTUSDT,2026-09-10,1
MONUSDT,2026-09-10,1
MSTRUSDT,2026-09-10,1
MUUSDT,2026-09-10,1
NEARUSDT,2026-09-10,1
NVDAUSDT,2026-09-10,1
ONDOUSDT,2026-09-10,1
ONGUSDT,2026-09-10,1
OPUSDT,2026-09-10,1
PAXGUSDT,2026-09-10,1
PENGUUSDT,2026-09-10,1
POLUSDT,2026-09-10,1
PUMPFUNUSDT,2026-09-10,1
SEIUSDT,2026-09-10,1
SHIB1000USDT,2026-09-10,1
SKHYNIXUSDT,2026-09-10,1
SKHYUSDT,2026-09-10,1
SKRUSDT,2026-09-10,1
SNXXUSDT,2026-09-10,1
SOLUSDT,2026-09-10,1
SPCXUSDT,2026-09-10,1
SPXUSDT,2026-09-10,1
STXUSDT,2026-09-10,1
SUIUSDT,2026-09-10,1
TAOUSDT,2026-09-10,1
TIAUSDT,2026-09-10,1
TRUMPUSDT,2026-09-10,1
TRXUSDT,2026-09-10,1
TUTUSDT,2026-09-10,1
UAIUSDT,2026-09-10,1
UNIUSDT,2026-09-10,1
USELESSUSDT,2026-09-10,1
VELVETUSDT,2026-09-10,1
VIRTUALUSDT,2026-09-10,1
VVVUSDT,2026-09-10,1
WIFUSDT,2026-09-10,1
WLDUSDT,2026-09-10,1
WLFIUSDT,2026-09-10,1
XAGUSDT,2026-09-10,1
XAUTUSDT,2026-09-10,1
XLMUSDT,2026-09-10,1
XMRUSDT,2026-09-10,1
XPLUSDT,2026-09-10,1
XRPUSDT,2026-09-10,1
ZECUSDT,2026-09-10,1
ZROUSDT,2026-09-10,1
1000BONKUSDT,2026-09-11,1
1000PEPEUSDT,2026-09-11,1
AAVEUSDT,2026-09-11,1
ACEUSDT,2026-09-11,1
ADAUSDT,2026-09-11,1
AEROUSDT,2026-09-11,1
AKEUSDT,2026-09-11,1
APTUSDT,2026-09-11,1
ARBUSDT,2026-09-11,1
ASTERUSDT,2026-09-11,1
ATOMUSDT,2026-09-11,1
AVAXUSDT,2026-09-11,1
BCHUSDT,2026-09-11,1
BEATUSDT,2026-09-11,1
BNBUSDT,2026-09-11,1
BTRUSDT,2026-09-11,1
BTWUSDT,2026-09-11,1
BZUSDT,2026-09-11,1
CHIPUSDT,2026-09-11,1
COTIUSDT,2026-09-11,1
CRCLUSDT,2026-09-11,1
CRVUSDT,2026-09-11,1
CYSUSDT,2026-09-11,1
DASHUSDT,2026-09-11,1
DOGEUSDT,2026-09-11,1
DOTUSDT,2026-09-11,1
DRAMUSDT,2026-09-11,1
ENAUSDT,2026-09-11,1
ETHFIUSDT,2026-09-11,1
FARTCOINUSDT,2026-09-11,1
FILUSDT,2026-09-11,1
FLOCKUSDT,2026-09-11,1
GALAUSDT,2026-09-11,1
GRAMUSDT,2026-09-11,1
HBARUSDT,2026-09-11,1
HEMIUSDT,2026-09-11,1
HNTUSDT,2026-09-11,1
HYPEUSDT,2026-09-11,1
ICPUSDT,2026-09-11,1
INJUSDT,2026-09-11,1
JTOUSDT,2026-09-11,1
JUPUSDT,2026-09-11,1
LDOUSDT,2026-09-11,1
LINKUSDT,2026-09-11,1
LITUSDT,2026-09-11,1
LTCUSDT,2026-09-11,1
MAGMAUSDT,2026-09-11,1
MNTUSDT,2026-09-11,1
MONUSDT,2026-09-11,1
MSTRUSDT,2026-09-11,1
MUUSDT,2026-09-11,1
NEARUSDT,2026-09-11,1
NVDAUSDT,2026-09-11,1
ONDOUSDT,2026-09-11,1
ONGUSDT,2026-09-11,1
OPUSDT,2026-09-11,1
PENGUUSDT,2026-09-11,1
POLUSDT,2026-09-11,1
PUMPFUNUSDT,2026-09-11,1
SEIUSDT,2026-09-11,1
SHIB1000USDT,2026-09-11,1
SKHYNIXUSDT,2026-09-11,1
SKHYUSDT,2026-09-11,1
SKRUSDT,2026-09-11,1
SNXXUSDT,2026-09-11,1
SOLUSDT,2026-09-11,1
SPCXUSDT,2026-09-11,1
SPXUSDT,2026-09-11,1
STXUSDT,2026-09-11,1
SUIUSDT,2026-09-11,1
TAOUSDT,2026-09-11,1
TIAUSDT,2026-09-11,1
TRUMPUSDT,2026-09-11,1
TRXUSDT,2026-09-11,1
TUTUSDT,2026-09-11,1
UAIUSDT,2026-09-11,1
UNIUSDT,2026-09-11,1
USELESSUSDT,2026-09-11,1
VELVETUSDT,2026-09-11,1
VIRTUALUSDT,2026-09-11,1
VVVUSDT,2026-09-11,1
WIFUSDT,2026-09-11,1
WLDUSDT,2026-09-11,1
WLFIUSDT,2026-09-11,1
XAGUSDT,2026-09-11,1
XAUTUSDT,2026-09-11,1
XLMUSDT,2026-09-11,1
XMRUSDT,2026-09-11,1
XPLUSDT,2026-09-11,1
XRPUSDT,2026-09-11,1
ZECUSDT,2026-09-11,1
ZROUSDT,2026-09-11,1
1000BONKUSDT,2026-09-12,1
1000PEPEUSDT,2026-09-12,1
AAVEUSDT,2026-09-12,1
ACEUSDT,2026-09-12,1
ADAUSDT,2026-09-12,1
AEROUSDT,2026-09-12,1
AKEUSDT,2026-09-12,1
APTUSDT,2026-09-12,1
ARBUSDT,2026-09-12,1
ASTERUSDT,2026-09-12,1
ATOMUSDT,2026-09-12,1
AVAXUSDT,2026-09-12,1
BCHUSDT,2026-09-12,1
BEATUSDT,2026-09-12,1
BNBUSDT,2026-09-12,1
BTRUSDT,2026-09-12,1
BTWUSDT,2026-09-12,1
BZUSDT,2026-09-12,1
CASHCATUSDT,2026-09-12,1
CHIPUSDT,2026-09-12,1
COTIUSDT,2026-09-12,1
CRCLUSDT,2026-09-12,1
CRVUSDT,2026-09-12,1
CYSUSDT,2026-09-12,1
DASHUSDT,2026-09-12,1
DOGEUSDT,2026-09-12,1
DOTUSDT,2026-09-12,1
DRAMUSDT,2026-09-12,1
ENAUSDT,2026-09-12,1
ETHFIUSDT,2026-09-12,1
FARTCOINUSDT,2026-09-12,1
FILUSDT,2026-09-12,1
FLOCKUSDT,2026-09-12,1
GALAUSDT,2026-09-12,1
GRAMUSDT,2026-09-12,1
HBARUSDT,2026-09-12,1
HEMIUSDT,2026-09-12,1
HNTUSDT,2026-09-12,1
HYPEUSDT,2026-09-12,1
ICPUSDT,2026-09-12,1
INJUSDT,2026-09-12,1
JTOUSDT,2026-09-12,1
JUPUSDT,2026-09-12,1
LDOUSDT,2026-09-12,1
LINKUSDT,2026-09-12,1
LITUSDT,2026-09-12,1
LTCUSDT,2026-09-12,1
MAGMAUSDT,2026-09-12,1
MNTUSDT,2026-09-12,1
MONUSDT,2026-09-12,1
MSTRUSDT,2026-09-12,1
MUUSDT,2026-09-12,1
NEARUSDT,2026-09-12,1
NVDAUSDT,2026-09-12,1
ONDOUSDT,2026-09-12,1
ONGUSDT,2026-09-12,1
OPUSDT,2026-09-12,1
PENGUUSDT,2026-09-12,1
POLUSDT,2026-09-12,1
PUMPFUNUSDT,2026-09-12,1
SEIUSDT,2026-09-12,1
SHIB1000USDT,2026-09-12,1
SKHYNIXUSDT,2026-09-12,1
SKHYUSDT,2026-09-12,1
SKRUSDT,2026-09-12,1
SNXXUSDT,2026-09-12,1
SOLUSDT,2026-09-12,1
SPCXUSDT,2026-09-12,1
SPXUSDT,2026-09-12,1
STXUSDT,2026-09-12,1
SUIUSDT,2026-09-12,1
TAOUSDT,2026-09-12,1
TIAUSDT,2026-09-12,1
TRUMPUSDT,2026-09-12,1
TRXUSDT,2026-09-12,1
TUTUSDT,2026-09-12,1
UAIUSDT,2026-09-12,1
UNIUSDT,2026-09-12,1
USELESSUSDT,2026-09-12,1
VELVETUSDT,2026-09-12,1
VIRTUALUSDT,2026-09-12,1
VVVUSDT,2026-09-12,1
WIFUSDT,2026-09-12,1
WLDUSDT,2026-09-12,1
WLFIUSDT,2026-09-12,1
XAGUSDT,2026-09-12,1
XAUTUSDT,2026-09-12,1
XLMUSDT,2026-09-12,1
XMRUSDT,2026-09-12,1
XPLUSDT,2026-09-12,1
XRPUSDT,2026-09-12,1
ZECUSDT,2026-09-12,1
ZROUSDT,2026-09-12,1
1000BONKUSDT,2026-09-13,1
1000PEPEUSDT,2026-09-13,1
AAVEUSDT,2026-09-13,1
ACEUSDT,2026-09-13,1
ADAUSDT,2026-09-13,1
AEROUSDT,2026-09-13,1
AKEUSDT,2026-09-13,1
APTUSDT,2026-09-13,1
ARBUSDT,2026-09-13,1
ASTERUSDT,2026-09-13,1
ATOMUSDT,2026-09-13,1
AVAXUSDT,2026-09-13,1
BCHUSDT,2026-09-13,1
BEATUSDT,2026-09-13,1
BNBUSDT,2026-09-13,1
BTRUSDT,2026-09-13,1
BTWUSDT,2026-09-13,1
BZUSDT,2026-09-13,1
CASHCATUSDT,2026-09-13,1
CHIPUSDT,2026-09-13,1
COTIUSDT,2026-09-13,1
CRCLUSDT,2026-09-13,1
CRVUSDT,2026-09-13,1
CYSUSDT,2026-09-13,1
DASHUSDT,2026-09-13,1
DOGEUSDT,2026-09-13,1
DOTUSDT,2026-09-13,1
DRAMUSDT,2026-09-13,1
ENAUSDT,2026-09-13,1
ETHFIUSDT,2026-09-13,1
FARTCOINUSDT,2026-09-13,1
FILUSDT,2026-09-13,1
FLOCKUSDT,2026-09-13,1
GALAUSDT,2026-09-13,1
GRAMUSDT,2026-09-13,1
HBARUSDT,2026-09-13,1
HEMIUSDT,2026-09-13,1
HYPEUSDT,2026-09-13,1
ICPUSDT,2026-09-13,1
INJUSDT,2026-09-13,1
JTOUSDT,2026-09-13,1
JUPUSDT,2026-09-13,1
LDOUSDT,2026-09-13,1
LINKUSDT,2026-09-13,1
LITUSDT,2026-09-13,1
LTCUSDT,2026-09-13,1
MAGMAUSDT,2026-09-13,1
MNTUSDT,2026-09-13,1
MONUSDT,2026-09-13,1
MSTRUSDT,2026-09-13,1
MUUSDT,2026-09-13,1
NEARUSDT,2026-09-13,1
NVDAUSDT,2026-09-13,1
ONDOUSDT,2026-09-13,1
ONGUSDT,2026-09-13,1
OPUSDT,2026-09-13,1
PENGUUSDT,2026-09-13,1
POLUSDT,2026-09-13,1
PUMPFUNUSDT,2026-09-13,1
RAYDIUMUSDT,2026-09-13,1
SEIUSDT,2026-09-13,1
SHIB1000USDT,2026-09-13,1
SKHYNIXUSDT,2026-09-13,1
SKHYUSDT,2026-09-13,1
SKRUSDT,2026-09-13,1
SNXXUSDT,2026-09-13,1
SOLUSDT,2026-09-13,1
SPCXUSDT,2026-09-13,1
SPXUSDT,2026-09-13,1
STXUSDT,2026-09-13,1
SUIUSDT,2026-09-13,1
TAOUSDT,2026-09-13,1
TIAUSDT,2026-09-13,1
TRUMPUSDT,2026-09-13,1
TRXUSDT,2026-09-13,1
UAIUSDT,2026-09-13,1
UNIUSDT,2026-09-13,1
USELESSUSDT,2026-09-13,1
VELVETUSDT,2026-09-13,1
VIRTUALUSDT,2026-09-13,1
VVVUSDT,2026-09-13,1
WIFUSDT,2026-09-13,1
WLDUSDT,2026-09-13,1
WLFIUSDT,2026-09-13,1
XAGUSDT,2026-09-13,1
XAUTUSDT,2026-09-13,1
XLMUSDT,2026-09-13,1
XMRUSDT,2026-09-13,1
XPLUSDT,2026-09-13,1
XRPUSDT,2026-09-13,1
ZECUSDT,2026-09-13,1
ZROUSDT,2026-09-13,1
1000BONKUSDT,2026-09-14,1
1000PEPEUSDT,2026-09-14,1
AAVEUSDT,2026-09-14,1
ACEUSDT,2026-09-14,1
ADAUSDT,2026-09-14,1
AEROUSDT,2026-09-14,1
AKEUSDT,2026-09-14,1
APTUSDT,2026-09-14,1
ARBUSDT,2026-09-14,1
ASTERUSDT,2026-09-14,1
ATOMUSDT,2026-09-14,1
AVAXUSDT,2026-09-14,1
BCHUSDT,2026-09-14,1
BEATUSDT,2026-09-14,1
BNBUSDT,2026-09-14,1
BTRUSDT,2026-09-14,1
BTWUSDT,2026-09-14,1
BZUSDT,2026-09-14,1
CASHCATUSDT,2026-09-14,1
CHIPUSDT,2026-09-14,1
COTIUSDT,2026-09-14,1
CRCLUSDT,2026-09-14,1
CRVUSDT,2026-09-14,1
CYSUSDT,2026-09-14,1
DASHUSDT,2026-09-14,1
DOGEUSDT,2026-09-14,1
DOTUSDT,2026-09-14,1
DRAMUSDT,2026-09-14,1
ENAUSDT,2026-09-14,1
ETHFIUSDT,2026-09-14,1
FARTCOINUSDT,2026-09-14,1
FILUSDT,2026-09-14,1
FLOCKUSDT,2026-09-14,1
GALAUSDT,2026-09-14,1
GRAMUSDT,2026-09-14,1
HBARUSDT,2026-09-14,1
HEMIUSDT,2026-09-14,1
HYPEUSDT,2026-09-14,1
ICPUSDT,2026-09-14,1
INJUSDT,2026-09-14,1
IOSTUSDT,2026-09-14,1
JTOUSDT,2026-09-14,1
JUPUSDT,2026-09-14,1
LDOUSDT,2026-09-14,1
LINKUSDT,2026-09-14,1
LITUSDT,2026-09-14,1
LTCUSDT,2026-09-14,1
MAGMAUSDT,2026-09-14,1
MNTUSDT,2026-09-14,1
MONUSDT,2026-09-14,1
MSTRUSDT,2026-09-14,1
MUUSDT,2026-09-14,1
NEARUSDT,2026-09-14,1
NVDAUSDT,2026-09-14,1
ONDOUSDT,2026-09-14,1
ONGUSDT,2026-09-14,1
OPUSDT,2026-09-14,1
PENGUUSDT,2026-09-14,1
POLUSDT,2026-09-14,1
PUMPFUNUSDT,2026-09-14,1
RAYDIUMUSDT,2026-09-14,1
SEIUSDT,2026-09-14,1
SHIB1000USDT,2026-09-14,1
SKHYNIXUSDT,2026-09-14,1
SKHYUSDT,2026-09-14,1
SKRUSDT,2026-09-14,1
SNXXUSDT,2026-09-14,1
SOLUSDT,2026-09-14,1
SPCXUSDT,2026-09-14,1
SPXUSDT,2026-09-14,1
STXUSDT,2026-09-14,1
SUIUSDT,2026-09-14,1
TAOUSDT,2026-09-14,1
TIAUSDT,2026-09-14,1
TRUMPUSDT,2026-09-14,1
TRXUSDT,2026-09-14,1
UAIUSDT,2026-09-14,1
UNIUSDT,2026-09-14,1
USELESSUSDT,2026-09-14,1
VELVETUSDT,2026-09-14,1
VIRTUALUSDT,2026-09-14,1
VVVUSDT,2026-09-14,1
WIFUSDT,2026-09-14,1
WLDUSDT,2026-09-14,1
WLFIUSDT,2026-09-14,1
XAGUSDT,2026-09-14,1
XAUTUSDT,2026-09-14,1
XLMUSDT,2026-09-14,1
XMRUSDT,2026-09-14,1
XPLUSDT,2026-09-14,1
XRPUSDT,2026-09-14,1
ZECUSDT,2026-09-14,1
ZROUSDT,2026-09-14,1
1000BONKUSDT,2026-09-15,1
1000PEPEUSDT,2026-09-15,1
AAVEUSDT,2026-09-15,1
ACEUSDT,2026-09-15,1
ADAUSDT,2026-09-15,1
AEROUSDT,2026-09-15,1
AKEUSDT,2026-09-15,1
APTUSDT,2026-09-15,1
ARBUSDT,2026-09-15,1
ASTERUSDT,2026-09-15,1
ATOMUSDT,2026-09-15,1
AVAXUSDT,2026-09-15,1
BCHUSDT,2026-09-15,1
BEATUSDT,2026-09-15,1
BNBUSDT,2026-09-15,1
BTRUSDT,2026-09-15,1
BTWUSDT,2026-09-15,1
BZUSDT,2026-09-15,1
CASHCATUSDT,2026-09-15,1
CHIPUSDT,2026-09-15,1
COTIUSDT,2026-09-15,1
CRCLUSDT,2026-09-15,1
CRVUSDT,2026-09-15,1
CYSUSDT,2026-09-15,1
DASHUSDT,2026-09-15,1
DOGEUSDT,2026-09-15,1
DOTUSDT,2026-09-15,1
DRAMUSDT,2026-09-15,1
ENAUSDT,2026-09-15,1
ETHFIUSDT,2026-09-15,1
FARTCOINUSDT,2026-09-15,1
FFUSDT,2026-09-15,1
FILUSDT,2026-09-15,1
FLOCKUSDT,2026-09-15,1
GRAMUSDT,2026-09-15,1
HBARUSDT,2026-09-15,1
HEMIUSDT,2026-09-15,1
HYPEUSDT,2026-09-15,1
ICPUSDT,2026-09-15,1
INJUSDT,2026-09-15,1
IOSTUSDT,2026-09-15,1
JTOUSDT,2026-09-15,1
JUPUSDT,2026-09-15,1
LINKUSDT,2026-09-15,1
LITUSDT,2026-09-15,1
LTCUSDT,2026-09-15,1
MAGMAUSDT,2026-09-15,1
MNTUSDT,2026-09-15,1
MONUSDT,2026-09-15,1
MSTRUSDT,2026-09-15,1
MUUSDT,2026-09-15,1
NEARUSDT,2026-09-15,1
NVDAUSDT,2026-09-15,1
ONDOUSDT,2026-09-15,1
ONGUSDT,2026-09-15,1
OPUSDT,2026-09-15,1
PENGUUSDT,2026-09-15,1
POLUSDT,2026-09-15,1
PUMPFUNUSDT,2026-09-15,1
RAYDIUMUSDT,2026-09-15,1
SEIUSDT,2026-09-15,1
SHIB1000USDT,2026-09-15,1
SKHYNIXUSDT,2026-09-15,1
SKHYUSDT,2026-09-15,1
SKRUSDT,2026-09-15,1
SNXXUSDT,2026-09-15,1
SOLUSDT,2026-09-15,1
SPCXUSDT,2026-09-15,1
SPXUSDT,2026-09-15,1
SUIUSDT,2026-09-15,1
TAOUSDT,2026-09-15,1
TIAUSDT,2026-09-15,1
TRUMPUSDT,2026-09-15,1
TRXUSDT,2026-09-15,1
UAIUSDT,2026-09-15,1
UNIUSDT,2026-09-15,1
USELESSUSDT,2026-09-15,1
VELVETUSDT,2026-09-15,1
VIRTUALUSDT,2026-09-15,1
VVVUSDT,2026-09-15,1
WIFUSDT,2026-09-15,1
WLDUSDT,2026-09-15,1
WLFIUSDT,2026-09-15,1
XAGUSDT,2026-09-15,1
XAUTUSDT,2026-09-15,1
XLMUSDT,2026-09-15,1
XMRUSDT,2026-09-15,1
XPLUSDT,2026-09-15,1
XRPUSDT,2026-09-15,1
ZECUSDT,2026-09-15,1
ZROUSDT,2026-09-15,1
1000BONKUSDT,2026-09-16,1
1000PEPEUSDT,2026-09-16,1
AAVEUSDT,2026-09-16,1
ACEUSDT,2026-09-16,1
ADAUSDT,2026-09-16,1
AEROUSDT,2026-09-16,1
AKEUSDT,2026-09-16,1
APTUSDT,2026-09-16,1
ARBUSDT,2026-09-16,1
ASTERUSDT,2026-09-16,1
ATOMUSDT,2026-09-16,1
AVAXUSDT,2026-09-16,1
BCHUSDT,2026-09-16,1
BEATUSDT,2026-09-16,1
BNBUSDT,2026-09-16,1
BTRUSDT,2026-09-16,1
BTWUSDT,2026-09-16,1
BZUSDT,2026-09-16,1
CASHCATUSDT,2026-09-16,1
CHIPUSDT,2026-09-16,1
COTIUSDT,2026-09-16,1
CRCLUSDT,2026-09-16,1
CRVUSDT,2026-09-16,1
CYSUSDT,2026-09-16,1
DASHUSDT,2026-09-16,1
DOGEUSDT,2026-09-16,1
DOTUSDT,2026-09-16,1
DRAMUSDT,2026-09-16,1
ENAUSDT,2026-09-16,1
ETHFIUSDT,2026-09-16,1
FARTCOINUSDT,2026-09-16,1
FFUSDT,2026-09-16,1
FILUSDT,2026-09-16,1
FLOCKUSDT,2026-09-16,1
GRAMUSDT,2026-09-16,1
HBARUSDT,2026-09-16,1
HEMIUSDT,2026-09-16,1
HYPEUSDT,2026-09-16,1
ICPUSDT,2026-09-16,1
INJUSDT,2026-09-16,1
IOSTUSDT,2026-09-16,1
JTOUSDT,2026-09-16,1
JUPUSDT,2026-09-16,1
LINKUSDT,2026-09-16,1
LITUSDT,2026-09-16,1
LTCUSDT,2026-09-16,1
MAGMAUSDT,2026-09-16,1
MNTUSDT,2026-09-16,1
MONUSDT,2026-09-16,1
MSTRUSDT,2026-09-16,1
MUUSDT,2026-09-16,1
NEARUSDT,2026-09-16,1
NVDAUSDT,2026-09-16,1
ONDOUSDT,2026-09-16,1
OPUSDT,2026-09-16,1
PENGUUSDT,2026-09-16,1
POLUSDT,2026-09-16,1
PUMPFUNUSDT,2026-09-16,1
RAYDIUMUSDT,2026-09-16,1
SEIUSDT,2026-09-16,1
SHIB1000USDT,2026-09-16,1
SKHYNIXUSDT,2026-09-16,1
SKHYUSDT,2026-09-16,1
SKRUSDT,2026-09-16,1
SNXXUSDT,2026-09-16,1
SOLUSDT,2026-09-16,1
SPCXUSDT,2026-09-16,1
SPXUSDT,2026-09-16,1
SUIUSDT,2026-09-16,1
TAOUSDT,2026-09-16,1
TIAUSDT,2026-09-16,1
TRUMPUSDT,2026-09-16,1
TRXUSDT,2026-09-16,1
UAIUSDT,2026-09-16,1
UNIUSDT,2026-09-16,1
USELESSUSDT,2026-09-16,1
VELVETUSDT,2026-09-16,1
VIRTUALUSDT,2026-09-16,1
VVVUSDT,2026-09-16,1
WIFUSDT,2026-09-16,1
WLDUSDT,2026-09-16,1
WLFIUSDT,2026-09-16,1
XAGUSDT,2026-09-16,1
XAUTUSDT,2026-09-16,1
XLMUSDT,2026-09-16,1
XMRUSDT,2026-09-16,1
XPLUSDT,2026-09-16,1
XRPUSDT,2026-09-16,1
ZECUSDT,2026-09-16,1
ZROUSDT,2026-09-16,1
1000BONKUSDT,2026-09-17,1
1000PEPEUSDT,2026-09-17,1
AAVEUSDT,2026-09-17,1
ACEUSDT,2026-09-17,1
ADAUSDT,2026-09-17,1
AEROUSDT,2026-09-17,1
AKEUSDT,2026-09-17,1
APTUSDT,2026-09-17,1
ARBUSDT,2026-09-17,1
ASTERUSDT,2026-09-17,1
ATOMUSDT,2026-09-17,1
AVAXUSDT,2026-09-17,1
BCHUSDT,2026-09-17,1
BEATUSDT,2026-09-17,1
BNBUSDT,2026-09-17,1
BTRUSDT,2026-09-17,1
BTWUSDT,2026-09-17,1
BZUSDT,2026-09-17,1
CASHCATUSDT,2026-09-17,1
CHIPUSDT,2026-09-17,1
CRCLUSDT,2026-09-17,1
CRVUSDT,2026-09-17,1
CYSUSDT,2026-09-17,1
DASHUSDT,2026-09-17,1
DOGEUSDT,2026-09-17,1
DOTUSDT,2026-09-17,1
DRAMUSDT,2026-09-17,1
ENAUSDT,2026-09-17,1
ETHFIUSDT,2026-09-17,1
FARTCOINUSDT,2026-09-17,1
FFUSDT,2026-09-17,1
FILUSDT,2026-09-17,1
FLOCKUSDT,2026-09-17,1
GRAMUSDT,2026-09-17,1
HBARUSDT,2026-09-17,1
HEMIUSDT,2026-09-17,1
HYPEUSDT,2026-09-17,1
ICPUSDT,2026-09-17,1
INJUSDT,2026-09-17,1
IOSTUSDT,2026-09-17,1
JTOUSDT,2026-09-17,1
JUPUSDT,2026-09-17,1
LINKUSDT,2026-09-17,1
LITUSDT,2026-09-17,1
LTCUSDT,2026-09-17,1
MAGMAUSDT,2026-09-17,1
MNTUSDT,2026-09-17,1
MONUSDT,2026-09-17,1
MSTRUSDT,2026-09-17,1
MUUSDT,2026-09-17,1
NEARUSDT,2026-09-17,1
NVDAUSDT,2026-09-17,1
ONDOUSDT,2026-09-17,1
OPUSDT,2026-09-17,1
PENGUUSDT,2026-09-17,1
POLUSDT,2026-09-17,1
PUMPFUNUSDT,2026-09-17,1
RAYDIUMUSDT,2026-09-17,1
SEIUSDT,2026-09-17,1
SHIB1000USDT,2026-09-17,1
SKHYNIXUSDT,2026-09-17,1
SKHYUSDT,2026-09-17,1
SKRUSDT,2026-09-17,1
SNXXUSDT,2026-09-17,1
SOLUSDT,2026-09-17,1
SPCXUSDT,2026-09-17,1
SPXUSDT,2026-09-17,1
SUIUSDT,2026-09-17,1
TAOUSDT,2026-09-17,1
TIAUSDT,2026-09-17,1
TRUMPUSDT,2026-09-17,1
TRXUSDT,2026-09-17,1
UAIUSDT,2026-09-17,1
UNIUSDT,2026-09-17,1
USELESSUSDT,2026-09-17,1
VELVETUSDT,2026-09-17,1
VIRTUALUSDT,2026-09-17,1
VVVUSDT,2026-09-17,1
WIFUSDT,2026-09-17,1
WLDUSDT,2026-09-17,1
WLFIUSDT,2026-09-17,1
XAGUSDT,2026-09-17,1
XAUTUSDT,2026-09-17,1
XLMUSDT,2026-09-17,1
XMRUSDT,2026-09-17,1
XPLUSDT,2026-09-17,1
XRPUSDT,2026-09-17,1
ZECUSDT,2026-09-17,1
ZROUSDT,2026-09-17,1
1000BONKUSDT,2026-09-18,1
1000PEPEUSDT,2026-09-18,1
AAVEUSDT,2026-09-18,1
ACEUSDT,2026-09-18,1
ADAUSDT,2026-09-18,1
AEROUSDT,2026-09-18,1
AKEUSDT,2026-09-18,1
APTUSDT,2026-09-18,1
ARBUSDT,2026-09-18,1
ASTERUSDT,2026-09-18,1
ATOMUSDT,2026-09-18,1
AVAXUSDT,2026-09-18,1
BCHUSDT,2026-09-18,1
BEATUSDT,2026-09-18,1
BNBUSDT,2026-09-18,1
BTRUSDT,2026-09-18,1
BTWUSDT,2026-09-18,1
BZUSDT,2026-09-18,1
CASHCATUSDT,2026-09-18,1
CHIPUSDT,2026-09-18,1
CRCLUSDT,2026-09-18,1
CRVUSDT,2026-09-18,1
CYSUSDT,2026-09-18,1
DASHUSDT,2026-09-18,1
DOGEUSDT,2026-09-18,1
DOTUSDT,2026-09-18,1
DRAMUSDT,2026-09-18,1
ENAUSDT,2026-09-18,1
ETHFIUSDT,2026-09-18,1
FARTCOINUSDT,2026-09-18,1
FFUSDT,2026-09-18,1
FILUSDT,2026-09-18,1
FLOCKUSDT,2026-09-18,1
GRAMUSDT,2026-09-18,1
HBARUSDT,2026-09-18,1
HYPEUSDT,2026-09-18,1
ICPUSDT,2026-09-18,1
INJUSDT,2026-09-18,1
IOSTUSDT,2026-09-18,1
JTOUSDT,2026-09-18,1
JUPUSDT,2026-09-18,1
LINKUSDT,2026-09-18,1
LITUSDT,2026-09-18,1
LSKUSDT,2026-09-18,1
LTCUSDT,2026-09-18,1
MAGMAUSDT,2026-09-18,1
MNTUSDT,2026-09-18,1
MONUSDT,2026-09-18,1
MSTRUSDT,2026-09-18,1
MUUSDT,2026-09-18,1
NEARUSDT,2026-09-18,1
NVDAUSDT,2026-09-18,1
ONDOUSDT,2026-09-18,1
OPUSDT,2026-09-18,1
PENGUUSDT,2026-09-18,1
POLUSDT,2026-09-18,1
PUMPFUNUSDT,2026-09-18,1
RAYDIUMUSDT,2026-09-18,1
SEIUSDT,2026-09-18,1
SHIB1000USDT,2026-09-18,1
SKHYNIXUSDT,2026-09-18,1
SKHYUSDT,2026-09-18,1
SKRUSDT,2026-09-18,1
SNXXUSDT,2026-09-18,1
SOLUSDT,2026-09-18,1
SPCXUSDT,2026-09-18,1
SPXUSDT,2026-09-18,1
SUIUSDT,2026-09-18,1
TAOUSDT,2026-09-18,1
TIAUSDT,2026-09-18,1
TRUMPUSDT,2026-09-18,1
TRXUSDT,2026-09-18,1
UAIUSDT,2026-09-18,1
UNIUSDT,2026-09-18,1
USELESSUSDT,2026-09-18,1
VELVETUSDT,2026-09-18,1
VIRTUALUSDT,2026-09-18,1
VVVUSDT,2026-09-18,1
WIFUSDT,2026-09-18,1
WLDUSDT,2026-09-18,1
WLFIUSDT,2026-09-18,1
XAGUSDT,2026-09-18,1
XAUTUSDT,2026-09-18,1
XLMUSDT,2026-09-18,1
XMRUSDT,2026-09-18,1
XPLUSDT,2026-09-18,1
XRPUSDT,2026-09-18,1
ZECUSDT,2026-09-18,1
ZROUSDT,2026-09-18,1
1000BONKUSDT,2026-09-19,1
1000PEPEUSDT,2026-09-19,1
AAVEUSDT,2026-09-19,1
ACEUSDT,2026-09-19,1
ADAUSDT,2026-09-19,1
AEROUSDT,2026-09-19,1
AKEUSDT,2026-09-19,1
APTUSDT,2026-09-19,1
ARBUSDT,2026-09-19,1
ASTERUSDT,2026-09-19,1
ATOMUSDT,2026-09-19,1
AVAXUSDT,2026-09-19,1
BCHUSDT,2026-09-19,1
BEATUSDT,2026-09-19,1
BNBUSDT,2026-09-19,1
BTRUSDT,2026-09-19,1
BTWUSDT,2026-09-19,1
BZUSDT,2026-09-19,1
CASHCATUSDT,2026-09-19,1
CHIPUSDT,2026-09-19,1
CRCLUSDT,2026-09-19,1
CRVUSDT,2026-09-19,1
CYSUSDT,2026-09-19,1
DASHUSDT,2026-09-19,1
DOGEUSDT,2026-09-19,1
DOTUSDT,2026-09-19,1
DRAMUSDT,2026-09-19,1
ENAUSDT,2026-09-19,1
ETHFIUSDT,2026-09-19,1
FARTCOINUSDT,2026-09-19,1
FFUSDT,2026-09-19,1
FILUSDT,2026-09-19,1
FLOCKUSDT,2026-09-19,1
GRAMUSDT,2026-09-19,1
HBARUSDT,2026-09-19,1
HYPEUSDT,2026-09-19,1
ICPUSDT,2026-09-19,1
INJUSDT,2026-09-19,1
IOSTUSDT,2026-09-19,1
JTOUSDT,2026-09-19,1
JUPUSDT,2026-09-19,1
LINKUSDT,2026-09-19,1
LITUSDT,2026-09-19,1
LSKUSDT,2026-09-19,1
LTCUSDT,2026-09-19,1
MAGMAUSDT,2026-09-19,1
MNTUSDT,2026-09-19,1
MONUSDT,2026-09-19,1
MSTRUSDT,2026-09-19,1
MUUSDT,2026-09-19,1
NEARUSDT,2026-09-19,1
NVDAUSDT,2026-09-19,1
ONDOUSDT,2026-09-19,1
OPUSDT,2026-09-19,1
PENGUUSDT,2026-09-19,1
POLUSDT,2026-09-19,1
PUMPFUNUSDT,2026-09-19,1
RAYDIUMUSDT,2026-09-19,1
SEIUSDT,2026-09-19,1
SHIB1000USDT,2026-09-19,1
SKHYNIXUSDT,2026-09-19,1
SKHYUSDT,2026-09-19,1
SKRUSDT,2026-09-19,1
SNXXUSDT,2026-09-19,1
SOLUSDT,2026-09-19,1
SPCXUSDT,2026-09-19,1
SPXUSDT,2026-09-19,1
SUIUSDT,2026-09-19,1
TAOUSDT,2026-09-19,1
TIAUSDT,2026-09-19,1
TRUMPUSDT,2026-09-19,1
TRXUSDT,2026-09-19,1
UAIUSDT,2026-09-19,1
UNIUSDT,2026-09-19,1
USELESSUSDT,2026-09-19,1
VELVETUSDT,2026-09-19,1
VIRTUALUSDT,2026-09-19,1
VVVUSDT,2026-09-19,1
WIFUSDT,2026-09-19,1
WLDUSDT,2026-09-19,1
WLFIUSDT,2026-09-19,1
XAGUSDT,2026-09-19,1
XAUTUSDT,2026-09-19,1
XLMUSDT,2026-09-19,1
XMRUSDT,2026-09-19,1
XPLUSDT,2026-09-19,1
XRPUSDT,2026-09-19,1
ZECUSDT,2026-09-19,1
ZROUSDT,2026-09-19,1
1000BONKUSDT,2026-09-20,1
1000PEPEUSDT,2026-09-20,1
AAVEUSDT,2026-09-20,1
ACEUSDT,2026-09-20,1
ADAUSDT,2026-09-20,1
AEROUSDT,2026-09-20,1
AKEUSDT,2026-09-20,1
APTUSDT,2026-09-20,1
ARBUSDT,2026-09-20,1
ASTERUSDT,2026-09-20,1
ATOMUSDT,2026-09-20,1
AVAXUSDT,2026-09-20,1
BCHUSDT,2026-09-20,1
BEATUSDT,2026-09-20,1
BNBUSDT,2026-09-20,1
BTRUSDT,2026-09-20,1
BTWUSDT,2026-09-20,1
BZUSDT,2026-09-20,1
CASHCATUSDT,2026-09-20,1
CHIPUSDT,2026-09-20,1
CRCLUSDT,2026-09-20,1
CRVUSDT,2026-09-20,1
CYSUSDT,2026-09-20,1
DASHUSDT,2026-09-20,1
DOGEUSDT,2026-09-20,1
DOTUSDT,2026-09-20,1
DRAMUSDT,2026-09-20,1
ENAUSDT,2026-09-20,1
ETHFIUSDT,2026-09-20,1
FARTCOINUSDT,2026-09-20,1
FFUSDT,2026-09-20,1
FILUSDT,2026-09-20,1
FLOCKUSDT,2026-09-20,1
GRAMUSDT,2026-09-20,1
HBARUSDT,2026-09-20,1
HYPEUSDT,2026-09-20,1
ICPUSDT,2026-09-20,1
INJUSDT,2026-09-20,1
IOSTUSDT,2026-09-20,1
JTOUSDT,2026-09-20,1
JUPUSDT,2026-09-20,1
LINKUSDT,2026-09-20,1
LITUSDT,2026-09-20,1
LSKUSDT,2026-09-20,1
LTCUSDT,2026-09-20,1
MAGMAUSDT,2026-09-20,1
MNTUSDT,2026-09-20,1
MONUSDT,2026-09-20,1
MSTRUSDT,2026-09-20,1
MUUSDT,2026-09-20,1
NEARUSDT,2026-09-20,1
NVDAUSDT,2026-09-20,1
ONDOUSDT,2026-09-20,1
OPUSDT,2026-09-20,1
PENGUUSDT,2026-09-20,1
POLUSDT,2026-09-20,1
PUMPFUNUSDT,2026-09-20,1
RAYDIUMUSDT,2026-09-20,1
SEIUSDT,2026-09-20,1
SHIB1000USDT,2026-09-20,1
SKHYNIXUSDT,2026-09-20,1
SKHYUSDT,2026-09-20,1
SNXXUSDT,2026-09-20,1
SOLUSDT,2026-09-20,1
SPCXUSDT,2026-09-20,1
SPXUSDT,2026-09-20,1
SUIUSDT,2026-09-20,1
TAOUSDT,2026-09-20,1
TIAUSDT,2026-09-20,1
TRUMPUSDT,2026-09-20,1
TRXUSDT,2026-09-20,1
UAIUSDT,2026-09-20,1
UNIUSDT,2026-09-20,1
USELESSUSDT,2026-09-20,1
VIRTUALUSDT,2026-09-20,1
VVVUSDT,2026-09-20,1
WIFUSDT,2026-09-20,1
WLDUSDT,2026-09-20,1
WLFIUSDT,2026-09-20,1
XAGUSDT,2026-09-20,1
XAUTUSDT,2026-09-20,1
XLMUSDT,2026-09-20,1
XMRUSDT,2026-09-20,1
XPLUSDT,2026-09-20,1
XRPUSDT,2026-09-20,1
ZECUSDT,2026-09-20,1
ZROUSDT,2026-09-20,1
1000BONKUSDT,2026-09-21,1
1000PEPEUSDT,2026-09-21,1
AAVEUSDT,2026-09-21,1
ACEUSDT,2026-09-21,1
ADAUSDT,2026-09-21,1
AEROUSDT,2026-09-21,1
AKEUSDT,2026-09-21,1
APTUSDT,2026-09-21,1
ARBUSDT,2026-09-21,1
ASTERUSDT,2026-09-21,1
ATOMUSDT,2026-09-21,1
AVAXUSDT,2026-09-21,1
BCHUSDT,2026-09-21,1
BNBUSDT,2026-09-21,1
BRUSDT,2026-09-21,1
BTRUSDT,2026-09-21,1
BTWUSDT,2026-09-21,1
BZUSDT,2026-09-21,1
CASHCATUSDT,2026-09-21,1
CHIPUSDT,2026-09-21,1
CRCLUSDT,2026-09-21,1
CRVUSDT,2026-09-21,1
CYSUSDT,2026-09-21,1
DASHUSDT,2026-09-21,1
DOGEUSDT,2026-09-21,1
DOTUSDT,2026-09-21,1
DRAMUSDT,2026-09-21,1
ENAUSDT,2026-09-21,1
ETHFIUSDT,2026-09-21,1
FARTCOINUSDT,2026-09-21,1
FFUSDT,2026-09-21,1
FILUSDT,2026-09-21,1
FLOCKUSDT,2026-09-21,1
GRAMUSDT,2026-09-21,1
HBARUSDT,2026-09-21,1
HYPEUSDT,2026-09-21,1
ICPUSDT,2026-09-21,1
INJUSDT,2026-09-21,1
IOSTUSDT,2026-09-21,1
JTOUSDT,2026-09-21,1
JUPUSDT,2026-09-21,1
LINKUSDT,2026-09-21,1
LITUSDT,2026-09-21,1
LSKUSDT,2026-09-21,1
LTCUSDT,2026-09-21,1
MAGMAUSDT,2026-09-21,1
MNTUSDT,2026-09-21,1
MONUSDT,2026-09-21,1
MSTRUSDT,2026-09-21,1
MUUSDT,2026-09-21,1
NEARUSDT,2026-09-21,1
NVDAUSDT,2026-09-21,1
ONDOUSDT,2026-09-21,1
OPUSDT,2026-09-21,1
PENDLEUSDT,2026-09-21,1
PENGUUSDT,2026-09-21,1
POLUSDT,2026-09-21,1
PUMPFUNUSDT,2026-09-21,1
RAYDIUMUSDT,2026-09-21,1
SEIUSDT,2026-09-21,1
SHIB1000USDT,2026-09-21,1
SKHYNIXUSDT,2026-09-21,1
SKHYUSDT,2026-09-21,1
SNXXUSDT,2026-09-21,1
SOLUSDT,2026-09-21,1
SPCXUSDT,2026-09-21,1
SPXUSDT,2026-09-21,1
SUIUSDT,2026-09-21,1
TAOUSDT,2026-09-21,1
TIAUSDT,2026-09-21,1
TRUMPUSDT,2026-09-21,1
TRXUSDT,2026-09-21,1
UAIUSDT,2026-09-21,1
UNIUSDT,2026-09-21,1
USELESSUSDT,2026-09-21,1
VIRTUALUSDT,2026-09-21,1
VVVUSDT,2026-09-21,1
WIFUSDT,2026-09-21,1
WLDUSDT,2026-09-21,1
WLFIUSDT,2026-09-21,1
XAGUSDT,2026-09-21,1
XAUTUSDT,2026-09-21,1
XLMUSDT,2026-09-21,1
XMRUSDT,2026-09-21,1
XPLUSDT,2026-09-21,1
XRPUSDT,2026-09-21,1
ZECUSDT,2026-09-21,1
ZROUSDT,2026-09-21,1
1000BONKUSDT,2026-09-22,1
1000PEPEUSDT,2026-09-22,1
AAVEUSDT,2026-09-22,1
ACEUSDT,2026-09-22,1
ADAUSDT,2026-09-22,1
AEROUSDT,2026-09-22,1
AKEUSDT,2026-09-22,1
APTUSDT,2026-09-22,1
ARBUSDT,2026-09-22,1
ASTERUSDT,2026-09-22,1
ATOMUSDT,2026-09-22,1
AVAXUSDT,2026-09-22,1
BCHUSDT,2026-09-22,1
BNBUSDT,2026-09-22,1
BRUSDT,2026-09-22,1
BTRUSDT,2026-09-22,1
BTWUSDT,2026-09-22,1
BZUSDT,2026-09-22,1
CASHCATUSDT,2026-09-22,1
CHIPUSDT,2026-09-22,1
CRCLUSDT,2026-09-22,1
CRVUSDT,2026-09-22,1
DASHUSDT,2026-09-22,1
DOGEUSDT,2026-09-22,1
DOTUSDT,2026-09-22,1
DRAMUSDT,2026-09-22,1
ENAUSDT,2026-09-22,1
ETHFIUSDT,2026-09-22,1
FARTCOINUSDT,2026-09-22,1
FFUSDT,2026-09-22,1
FILUSDT,2026-09-22,1
FLOCKUSDT,2026-09-22,1
GRAMUSDT,2026-09-22,1
HBARUSDT,2026-09-22,1
HYPEUSDT,2026-09-22,1
ICPUSDT,2026-09-22,1
INJUSDT,2026-09-22,1
IOSTUSDT,2026-09-22,1
JTOUSDT,2026-09-22,1
JUPUSDT,2026-09-22,1
LINKUSDT,2026-09-22,1
LITUSDT,2026-09-22,1
LSKUSDT,2026-09-22,1
LTCUSDT,2026-09-22,1
MAGMAUSDT,2026-09-22,1
MNTUSDT,2026-09-22,1
MONUSDT,2026-09-22,1
MSTRUSDT,2026-09-22,1
MUUSDT,2026-09-22,1
NEARUSDT,2026-09-22,1
NVDAUSDT,2026-09-22,1
ONDOUSDT,2026-09-22,1
OPUSDT,2026-09-22,1
PENDLEUSDT,2026-09-22,1
PENGUUSDT,2026-09-22,1
POLUSDT,2026-09-22,1
PUMPFUNUSDT,2026-09-22,1
RAYDIUMUSDT,2026-09-22,1
SAGAUSDT,2026-09-22,1
SEIUSDT,2026-09-22,1
SHIB1000USDT,2026-09-22,1
SKHYNIXUSDT,2026-09-22,1
SKHYUSDT,2026-09-22,1
SNXXUSDT,2026-09-22,1
SOLUSDT,2026-09-22,1
SPCXUSDT,2026-09-22,1
SPXUSDT,2026-09-22,1
SUIUSDT,2026-09-22,1
TAOUSDT,2026-09-22,1
TIAUSDT,2026-09-22,1
TRUMPUSDT,2026-09-22,1
TRXUSDT,2026-09-22,1
UAIUSDT,2026-09-22,1
UNIUSDT,2026-09-22,1
USELESSUSDT,2026-09-22,1
VIRTUALUSDT,2026-09-22,1
VVVUSDT,2026-09-22,1
WIFUSDT,2026-09-22,1
WLDUSDT,2026-09-22,1
WLFIUSDT,2026-09-22,1
XAGUSDT,2026-09-22,1
XAUTUSDT,2026-09-22,1
XLMUSDT,2026-09-22,1
XMRUSDT,2026-09-22,1
XPLUSDT,2026-09-22,1
XRPUSDT,2026-09-22,1
ZECUSDT,2026-09-22,1
ZROUSDT,2026-09-22,1
1000BONKUSDT,2026-09-23,1
1000PEPEUSDT,2026-09-23,1
AAVEUSDT,2026-09-23,1
ADAUSDT,2026-09-23,1
AEROUSDT,2026-09-23,1
AKEUSDT,2026-09-23,1
APTUSDT,2026-09-23,1
ARBUSDT,2026-09-23,1
ASTERUSDT,2026-09-23,1
ATOMUSDT,2026-09-23,1
AVAXUSDT,2026-09-23,1
BCHUSDT,2026-09-23,1
BNBUSDT,2026-09-23,1
BRUSDT,2026-09-23,1
BTRUSDT,2026-09-23,1
BTWUSDT,2026-09-23,1
BZUSDT,2026-09-23,1
CASHCATUSDT,2026-09-23,1
CHIPUSDT,2026-09-23,1
CRCLUSDT,2026-09-23,1
CRVUSDT,2026-09-23,1
DASHUSDT,2026-09-23,1
DOGEUSDT,2026-09-23,1
DOTUSDT,2026-09-23,1
DRAMUSDT,2026-09-23,1
ENAUSDT,2026-09-23,1
ETHFIUSDT,2026-09-23,1
FARTCOINUSDT,2026-09-23,1
FFUSDT,2026-09-23,1
FILUSDT,2026-09-23,1
FLOCKUSDT,2026-09-23,1
GRAMUSDT,2026-09-23,1
HBARUSDT,2026-09-23,1
HYPEUSDT,2026-09-23,1
ICPUSDT,2026-09-23,1
INJUSDT,2026-09-23,1
IOSTUSDT,2026-09-23,1
JTOUSDT,2026-09-23,1
JUPUSDT,2026-09-23,1
LINKUSDT,2026-09-23,1
LITUSDT,2026-09-23,1
LSKUSDT,2026-09-23,1
LTCUSDT,2026-09-23,1
MAGMAUSDT,2026-09-23,1
MNTUSDT,2026-09-23,1
MONUSDT,2026-09-23,1
MSTRUSDT,2026-09-23,1
MUUSDT,2026-09-23,1
NEARUSDT,2026-09-23,1
NVDAUSDT,2026-09-23,1
ONDOUSDT,2026-09-23,1
OPUSDT,2026-09-23,1
PENDLEUSDT,2026-09-23,1
PENGUUSDT,2026-09-23,1
POLUSDT,2026-09-23,1
PUMPFUNUSDT,2026-09-23,1
RAYDIUMUSDT,2026-09-23,1
SAGAUSDT,2026-09-23,1
SEIUSDT,2026-09-23,1
SHIB1000USDT,2026-09-23,1
SKHYNIXUSDT,2026-09-23,1
SKHYUSDT,2026-09-23,1
SNXXUSDT,2026-09-23,1
SOLUSDT,2026-09-23,1
SPCXUSDT,2026-09-23,1
SPXUSDT,2026-09-23,1
SUIUSDT,2026-09-23,1
TAOUSDT,2026-09-23,1
TIAUSDT,2026-09-23,1
TRUMPUSDT,2026-09-23,1
TRXUSDT,2026-09-23,1
UAIUSDT,2026-09-23,1
UNIUSDT,2026-09-23,1
USELESSUSDT,2026-09-23,1
VIRTUALUSDT,2026-09-23,1
VVVUSDT,2026-09-23,1
WIFUSDT,2026-09-23,1
WLDUSDT,2026-09-23,1
WLFIUSDT,2026-09-23,1
XAGUSDT,2026-09-23,1
XAUTUSDT,2026-09-23,1
XLMUSDT,2026-09-23,1
XMRUSDT,2026-09-23,1
XPLUSDT,2026-09-23,1
XRPUSDT,2026-09-23,1
ZECUSDT,2026-09-23,1
ZROUSDT,2026-09-23,1
1000BONKUSDT,2026-09-24,1
1000PEPEUSDT,2026-09-24,1
AAVEUSDT,2026-09-24,1
ADAUSDT,2026-09-24,1
AEROUSDT,2026-09-24,1
AKEUSDT,2026-09-24,1
APTUSDT,2026-09-24,1
ARBUSDT,2026-09-24,1
ASTERUSDT,2026-09-24,1
ATOMUSDT,2026-09-24,1
AVAXUSDT,2026-09-24,1
BCHUSDT,2026-09-24,1
BNBUSDT,2026-09-24,1
BRUSDT,2026-09-24,1
BTWUSDT,2026-09-24,1
BZUSDT,2026-09-24,1
CASHCATUSDT,2026-09-24,1
CHIPUSDT,2026-09-24,1
CRCLUSDT,2026-09-24,1
CRVUSDT,2026-09-24,1
DASHUSDT,2026-09-24,1
DOGEUSDT,2026-09-24,1
DOTUSDT,2026-09-24,1
DRAMUSDT,2026-09-24,1
ENAUSDT,2026-09-24,1
ETHFIUSDT,2026-09-24,1
FARTCOINUSDT,2026-09-24,1
FFUSDT,2026-09-24,1
FILUSDT,2026-09-24,1
FLOCKUSDT,2026-09-24,1
GRAMUSDT,2026-09-24,1
HBARUSDT,2026-09-24,1
HYPEUSDT,2026-09-24,1
ICPUSDT,2026-09-24,1
INJUSDT,2026-09-24,1
IOSTUSDT,2026-09-24,1
JTOUSDT,2026-09-24,1
JUPUSDT,2026-09-24,1
LINKUSDT,2026-09-24,1
LITUSDT,2026-09-24,1
LSKUSDT,2026-09-24,1
LTCUSDT,2026-09-24,1
MAGMAUSDT,2026-09-24,1
MNTUSDT,2026-09-24,1
MONUSDT,2026-09-24,1
MSTRUSDT,2026-09-24,1
MUUSDT,2026-09-24,1
NEARUSDT,2026-09-24,1
NVDAUSDT,2026-09-24,1
ONDOUSDT,2026-09-24,1
OPUSDT,2026-09-24,1
PENDLEUSDT,2026-09-24,1
PENGUUSDT,2026-09-24,1
POLUSDT,2026-09-24,1
PUMPFUNUSDT,2026-09-24,1
RAYDIUMUSDT,2026-09-24,1
SAGAUSDT,2026-09-24,1
SEIUSDT,2026-09-24,1
SHIB1000USDT,2026-09-24,1
SKHYNIXUSDT,2026-09-24,1
SKHYUSDT,2026-09-24,1
SNXXUSDT,2026-09-24,1
SOLUSDT,2026-09-24,1
SPCXUSDT,2026-09-24,1
SPXUSDT,2026-09-24,1
SUIUSDT,2026-09-24,1
TAOUSDT,2026-09-24,1
TIAUSDT,2026-09-24,1
TRUMPUSDT,2026-09-24,1
TRXUSDT,2026-09-24,1
UAIUSDT,2026-09-24,1
UNIUSDT,2026-09-24,1
USELESSUSDT,2026-09-24,1
VIRTUALUSDT,2026-09-24,1
VVVUSDT,2026-09-24,1
WIFUSDT,2026-09-24,1
WLDUSDT,2026-09-24,1
WLFIUSDT,2026-09-24,1
XAGUSDT,2026-09-24,1
XAUTUSDT,2026-09-24,1
XLMUSDT,2026-09-24,1
XMRUSDT,2026-09-24,1
XPLUSDT,2026-09-24,1
XRPUSDT,2026-09-24,1
ZECUSDT,2026-09-24,1
ZROUSDT,2026-09-24,1
1000BONKUSDT,2026-09-25,1
1000PEPEUSDT,2026-09-25,1
AAVEUSDT,2026-09-25,1
ADAUSDT,2026-09-25,1
AEROUSDT,2026-09-25,1
AKEUSDT,2026-09-25,1
APTUSDT,2026-09-25,1
ARBUSDT,2026-09-25,1
ASTERUSDT,2026-09-25,1
ATOMUSDT,2026-09-25,1
AVAXUSDT,2026-09-25,1
BCHUSDT,2026-09-25,1
BNBUSDT,2026-09-25,1
BRUSDT,2026-09-25,1
BTWUSDT,2026-09-25,1
BZUSDT,2026-09-25,1
CASHCATUSDT,2026-09-25,1
CHIPUSDT,2026-09-25,1
CRCLUSDT,2026-09-25,1
CRVUSDT,2026-09-25,1
DASHUSDT,2026-09-25,1
DOGEUSDT,2026-09-25,1
DOTUSDT,2026-09-25,1
DRAMUSDT,2026-09-25,1
ENAUSDT,2026-09-25,1
ETHFIUSDT,2026-09-25,1
FARTCOINUSDT,2026-09-25,1
FFUSDT,2026-09-25,1
FILUSDT,2026-09-25,1
FLOCKUSDT,2026-09-25,1
GRAMUSDT,2026-09-25,1
HBARUSDT,2026-09-25,1
HYPEUSDT,2026-09-25,1
ICPUSDT,2026-09-25,1
INJUSDT,2026-09-25,1
JTOUSDT,2026-09-25,1
JUPUSDT,2026-09-25,1
LINKUSDT,2026-09-25,1
LITUSDT,2026-09-25,1
LSKUSDT,2026-09-25,1
LTCUSDT,2026-09-25,1
MAGMAUSDT,2026-09-25,1
MNTUSDT,2026-09-25,1
MONUSDT,2026-09-25,1
MSTRUSDT,2026-09-25,1
MUUSDT,2026-09-25,1
NEARUSDT,2026-09-25,1
NVDAUSDT,2026-09-25,1
ONDOUSDT,2026-09-25,1
OPUSDT,2026-09-25,1
PENDLEUSDT,2026-09-25,1
PENGUUSDT,2026-09-25,1
POLUSDT,2026-09-25,1
PUMPFUNUSDT,2026-09-25,1
RAYDIUMUSDT,2026-09-25,1
SAGAUSDT,2026-09-25,1
SEIUSDT,2026-09-25,1
SHIB1000USDT,2026-09-25,1
SKHYNIXUSDT,2026-09-25,1
SKHYUSDT,2026-09-25,1
SNXXUSDT,2026-09-25,1
SOLUSDT,2026-09-25,1
SPCXUSDT,2026-09-25,1
SPXUSDT,2026-09-25,1
STRKUSDT,2026-09-25,1
SUIUSDT,2026-09-25,1
TAOUSDT,2026-09-25,1
TIAUSDT,2026-09-25,1
TRUMPUSDT,2026-09-25,1
TRXUSDT,2026-09-25,1
UAIUSDT,2026-09-25,1
UNIUSDT,2026-09-25,1
USELESSUSDT,2026-09-25,1
VIRTUALUSDT,2026-09-25,1
VVVUSDT,2026-09-25,1
WIFUSDT,2026-09-25,1
WLDUSDT,2026-09-25,1
WLFIUSDT,2026-09-25,1
XAGUSDT,2026-09-25,1
XAUTUSDT,2026-09-25,1
XLMUSDT,2026-09-25,1
XMRUSDT,2026-09-25,1
XPLUSDT,2026-09-25,1
XRPUSDT,2026-09-25,1
ZECUSDT,2026-09-25,1
ZROUSDT,2026-09-25,1
1000BONKUSDT,2026-09-26,1
1000PEPEUSDT,2026-09-26,1
AAVEUSDT,2026-09-26,1
ADAUSDT,2026-09-26,1
AEROUSDT,2026-09-26,1
AKEUSDT,2026-09-26,1
APTUSDT,2026-09-26,1
ARBUSDT,2026-09-26,1
ASTERUSDT,2026-09-26,1
ATOMUSDT,2026-09-26,1
AVAXUSDT,2026-09-26,1
BCHUSDT,2026-09-26,1
BNBUSDT,2026-09-26,1
BRUSDT,2026-09-26,1
BTWUSDT,2026-09-26,1
BZUSDT,2026-09-26,1
CASHCATUSDT,2026-09-26,1
CHIPUSDT,2026-09-26,1
CRCLUSDT,2026-09-26,1
CRVUSDT,2026-09-26,1
DASHUSDT,2026-09-26,1
DOGEUSDT,2026-09-26,1
DOTUSDT,2026-09-26,1
DRAMUSDT,2026-09-26,1
ENAUSDT,2026-09-26,1
ETHFIUSDT,2026-09-26,1
FARTCOINUSDT,2026-09-26,1
FFUSDT,2026-09-26,1
FILUSDT,2026-09-26,1
FLOCKUSDT,2026-09-26,1
GRAMUSDT,2026-09-26,1
HBARUSDT,2026-09-26,1
HYPEUSDT,2026-09-26,1
ICPUSDT,2026-09-26,1
INJUSDT,2026-09-26,1
JTOUSDT,2026-09-26,1
JUPUSDT,2026-09-26,1
LDOUSDT,2026-09-26,1
LINKUSDT,2026-09-26,1
LITUSDT,2026-09-26,1
LSKUSDT,2026-09-26,1
LTCUSDT,2026-09-26,1
MNTUSDT,2026-09-26,1
MONUSDT,2026-09-26,1
MSTRUSDT,2026-09-26,1
MUUSDT,2026-09-26,1
NEARUSDT,2026-09-26,1
NVDAUSDT,2026-09-26,1
ONDOUSDT,2026-09-26,1
OPUSDT,2026-09-26,1
PENDLEUSDT,2026-09-26,1
PENGUUSDT,2026-09-26,1
POLUSDT,2026-09-26,1
PUMPFUNUSDT,2026-09-26,1
RAYDIUMUSDT,2026-09-26,1
SAGAUSDT,2026-09-26,1
SEIUSDT,2026-09-26,1
SHIB1000USDT,2026-09-26,1
SKHYNIXUSDT,2026-09-26,1
SKHYUSDT,2026-09-26,1
SNXXUSDT,2026-09-26,1
SOLUSDT,2026-09-26,1
SPCXUSDT,2026-09-26,1
SPXUSDT,2026-09-26,1
STRKUSDT,2026-09-26,1
SUIUSDT,2026-09-26,1
TAOUSDT,2026-09-26,1
TIAUSDT,2026-09-26,1
TRUMPUSDT,2026-09-26,1
TRXUSDT,2026-09-26,1
UAIUSDT,2026-09-26,1
UNIUSDT,2026-09-26,1
USELESSUSDT,2026-09-26,1
VIRTUALUSDT,2026-09-26,1
VVVUSDT,2026-09-26,1
WIFUSDT,2026-09-26,1
WLDUSDT,2026-09-26,1
WLFIUSDT,2026-09-26,1
XAGUSDT,2026-09-26,1
XAUTUSDT,2026-09-26,1
XLMUSDT,2026-09-26,1
XMRUSDT,2026-09-26,1
XPLUSDT,2026-09-26,1
XRPUSDT,2026-09-26,1
ZECUSDT,2026-09-26,1
ZROUSDT,2026-09-26,1
1000BONKUSDT,2026-09-27,1
1000PEPEUSDT,2026-09-27,1
AAVEUSDT,2026-09-27,1
ADAUSDT,2026-09-27,1
AEROUSDT,2026-09-27,1
AKEUSDT,2026-09-27,1
APTUSDT,2026-09-27,1
ARBUSDT,2026-09-27,1
ASTERUSDT,2026-09-27,1
ATOMUSDT,2026-09-27,1
AVAXUSDT,2026-09-27,1
BCHUSDT,2026-09-27,1
BNBUSDT,2026-09-27,1
BRUSDT,2026-09-27,1
BTWUSDT,2026-09-27,1
BZUSDT,2026-09-27,1
CASHCATUSDT,2026-09-27,1
CHIPUSDT,2026-09-27,1
CRCLUSDT,2026-09-27,1
CRVUSDT,2026-09-27,1
DASHUSDT,2026-09-27,1
DOGEUSDT,2026-09-27,1
DOTUSDT,2026-09-27,1
DRAMUSDT,2026-09-27,1
ENAUSDT,2026-09-27,1
ETHFIUSDT,2026-09-27,1
FARTCOINUSDT,2026-09-27,1
FFUSDT,2026-09-27,1
FILUSDT,2026-09-27,1
FLOCKUSDT,2026-09-27,1
GRAMUSDT,2026-09-27,1
HBARUSDT,2026-09-27,1
HYPEUSDT,2026-09-27,1
ICPUSDT,2026-09-27,1
INJUSDT,2026-09-27,1
JTOUSDT,2026-09-27,1
JUPUSDT,2026-09-27,1
LDOUSDT,2026-09-27,1
LINKUSDT,2026-09-27,1
LITUSDT,2026-09-27,1
LSKUSDT,2026-09-27,1
LTCUSDT,2026-09-27,1
MNTUSDT,2026-09-27,1
MONUSDT,2026-09-27,1
MSTRUSDT,2026-09-27,1
MUUSDT,2026-09-27,1
NEARUSDT,2026-09-27,1
NVDAUSDT,2026-09-27,1
ONDOUSDT,2026-09-27,1
OPUSDT,2026-09-27,1
PENDLEUSDT,2026-09-27,1
PENGUUSDT,2026-09-27,1
POLUSDT,2026-09-27,1
PUMPFUNUSDT,2026-09-27,1
RAYDIUMUSDT,2026-09-27,1
SAGAUSDT,2026-09-27,1
SEIUSDT,2026-09-27,1
SHIB1000USDT,2026-09-27,1
SKHYNIXUSDT,2026-09-27,1
SKHYUSDT,2026-09-27,1
SNXXUSDT,2026-09-27,1
SOLUSDT,2026-09-27,1
SPCXUSDT,2026-09-27,1
SPXUSDT,2026-09-27,1
STRKUSDT,2026-09-27,1
SUIUSDT,2026-09-27,1
TAOUSDT,2026-09-27,1
TIAUSDT,2026-09-27,1
TRUMPUSDT,2026-09-27,1
TRXUSDT,2026-09-27,1
UAIUSDT,2026-09-27,1
UNIUSDT,2026-09-27,1
USELESSUSDT,2026-09-27,1
VIRTUALUSDT,2026-09-27,1
VVVUSDT,2026-09-27,1
WIFUSDT,2026-09-27,1
WLDUSDT,2026-09-27,1
WLFIUSDT,2026-09-27,1
XAGUSDT,2026-09-27,1
XAUTUSDT,2026-09-27,1
XLMUSDT,2026-09-27,1
XMRUSDT,2026-09-27,1
XPLUSDT,2026-09-27,1
XRPUSDT,2026-09-27,1
ZECUSDT,2026-09-27,1
ZROUSDT,2026-09-27,1
1000BONKUSDT,2026-09-28,1
1000PEPEUSDT,2026-09-28,1
AAVEUSDT,2026-09-28,1
ADAUSDT,2026-09-28,1
AEROUSDT,2026-09-28,1
AKEUSDT,2026-09-28,1
APTUSDT,2026-09-28,1
ARBUSDT,2026-09-28,1
ASTERUSDT,2026-09-28,1
ATOMUSDT,2026-09-28,1
AVAXUSDT,2026-09-28,1
BCHUSDT,2026-09-28,1
BNBUSDT,2026-09-28,1
BRUSDT,2026-09-28,1
BTWUSDT,2026-09-28,1
BZUSDT,2026-09-28,1
CASHCATUSDT,2026-09-28,1
CHIPUSDT,2026-09-28,1
CRCLUSDT,2026-09-28,1
CRVUSDT,2026-09-28,1
DASHUSDT,2026-09-28,1
DOGEUSDT,2026-09-28,1
DOTUSDT,2026-09-28,1
DRAMUSDT,2026-09-28,1
ENAUSDT,2026-09-28,1
ETHFIUSDT,2026-09-28,1
FARTCOINUSDT,2026-09-28,1
FFUSDT,2026-09-28,1
FILUSDT,2026-09-28,1
FLOCKUSDT,2026-09-28,1
GRAMUSDT,2026-09-28,1
GRASSUSDT,2026-09-28,1
HBARUSDT,2026-09-28,1
HYPEUSDT,2026-09-28,1
ICPUSDT,2026-09-28,1
INJUSDT,2026-09-28,1
JTOUSDT,2026-09-28,1
JUPUSDT,2026-09-28,1
LDOUSDT,2026-09-28,1
LINKUSDT,2026-09-28,1
LITUSDT,2026-09-28,1
LSKUSDT,2026-09-28,1
LTCUSDT,2026-09-28,1
MNTUSDT,2026-09-28,1
MONUSDT,2026-09-28,1
MSTRUSDT,2026-09-28,1
MUBARAKUSDT,2026-09-28,1
MUUSDT,2026-09-28,1
NEARUSDT,2026-09-28,1
NILUSDT,2026-09-28,1
NVDAUSDT,2026-09-28,1
ONDOUSDT,2026-09-28,1
OPUSDT,2026-09-28,1
PENDLEUSDT,2026-09-28,1
PENGUUSDT,2026-09-28,1
POLUSDT,2026-09-28,1
PUMPFUNUSDT,2026-09-28,1
RAYDIUMUSDT,2026-09-28,1
SAGAUSDT,2026-09-28,1
SEIUSDT,2026-09-28,1
SHIB1000USDT,2026-09-28,1
SKHYNIXUSDT,2026-09-28,1
SKHYUSDT,2026-09-28,1
SNXXUSDT,2026-09-28,1
SOLUSDT,2026-09-28,1
SPCXUSDT,2026-09-28,1
SPXUSDT,2026-09-28,1
STRKUSDT,2026-09-28,1
SUIUSDT,2026-09-28,1
TAOUSDT,2026-09-28,1
TIAUSDT,2026-09-28,1
TRUMPUSDT,2026-09-28,1
TRXUSDT,2026-09-28,1
UAIUSDT,2026-09-28,1
UNIUSDT,2026-09-28,1
USELESSUSDT,2026-09-28,1
VIRTUALUSDT,2026-09-28,1
VVVUSDT,2026-09-28,1
WIFUSDT,2026-09-28,1
WLDUSDT,2026-09-28,1
WLFIUSDT,2026-09-28,1
XAGUSDT,2026-09-28,1
XAUTUSDT,2026-09-28,1
XLMUSDT,2026-09-28,1
XMRUSDT,2026-09-28,1
XPLUSDT,2026-09-28,1
XRPUSDT,2026-09-28,1
ZECUSDT,2026-09-28,1
ZROUSDT,2026-09-28,1
1000BONKUSDT,2026-09-29,1
1000PEPEUSDT,2026-09-29,1
AAVEUSDT,2026-09-29,1
ADAUSDT,2026-09-29,1
AEROUSDT,2026-09-29,1
AKEUSDT,2026-09-29,1
APTUSDT,2026-09-29,1
ARBUSDT,2026-09-29,1
ASTERUSDT,2026-09-29,1
ATOMUSDT,2026-09-29,1
AVAXUSDT,2026-09-29,1
BCHUSDT,2026-09-29,1
BNBUSDT,2026-09-29,1
BRUSDT,2026-09-29,1
BTWUSDT,2026-09-29,1
BZUSDT,2026-09-29,1
CASHCATUSDT,2026-09-29,1
CHIPUSDT,2026-09-29,1
CRCLUSDT,2026-09-29,1
CRVUSDT,2026-09-29,1
DASHUSDT,2026-09-29,1
DOGEUSDT,2026-09-29,1
DOTUSDT,2026-09-29,1
DRAMUSDT,2026-09-29,1
ENAUSDT,2026-09-29,1
ETCUSDT,2026-09-29,1
ETHFIUSDT,2026-09-29,1
FARTCOINUSDT,2026-09-29,1
FFUSDT,2026-09-29,1
FILUSDT,2026-09-29,1
FLOCKUSDT,2026-09-29,1
GRAMUSDT,2026-09-29,1
GRASSUSDT,2026-09-29,1
HBARUSDT,2026-09-29,1
HYPEUSDT,2026-09-29,1
ICPUSDT,2026-09-29,1
INJUSDT,2026-09-29,1
JTOUSDT,2026-09-29,1
JUPUSDT,2026-09-29,1
LDOUSDT,2026-09-29,1
LINKUSDT,2026-09-29,1
LITUSDT,2026-09-29,1
LSKUSDT,2026-09-29,1
LTCUSDT,2026-09-29,1
MNTUSDT,2026-09-29,1
MONUSDT,2026-09-29,1
MSTRUSDT,2026-09-29,1
MUBARAKUSDT,2026-09-29,1
MUUSDT,2026-09-29,1
NEARUSDT,2026-09-29,1
NILUSDT,2026-09-29,1
NVDAUSDT,2026-09-29,1
ONDOUSDT,2026-09-29,1
OPUSDT,2026-09-29,1
PENDLEUSDT,2026-09-29,1
PENGUUSDT,2026-09-29,1
POLUSDT,2026-09-29,1
PUMPFUNUSDT,2026-09-29,1
RAYDIUMUSDT,2026-09-29,1
SAGAUSDT,2026-09-29,1
SEIUSDT,2026-09-29,1
SHIB1000USDT,2026-09-29,1
SKHYNIXUSDT,2026-09-29,1
SKHYUSDT,2026-09-29,1
SNXXUSDT,2026-09-29,1
SOLUSDT,2026-09-29,1
SPCXUSDT,2026-09-29,1
SPXUSDT,2026-09-29,1
STRKUSDT,2026-09-29,1
SUIUSDT,2026-09-29,1
TAOUSDT,2026-09-29,1
TIAUSDT,2026-09-29,1
TRUMPUSDT,2026-09-29,1
TRXUSDT,2026-09-29,1
UAIUSDT,2026-09-29,1
UNIUSDT,2026-09-29,1
USELESSUSDT,2026-09-29,1
VIRTUALUSDT,2026-09-29,1
VVVUSDT,2026-09-29,1
WIFUSDT,2026-09-29,1
WLDUSDT,2026-09-29,1
WLFIUSDT,2026-09-29,1
XAGUSDT,2026-09-29,1
XAUTUSDT,2026-09-29,1
XLMUSDT,2026-09-29,1
XMRUSDT,2026-09-29,1
XPLUSDT,2026-09-29,1
XRPUSDT,2026-09-29,1
ZECUSDT,2026-09-29,1
ZROUSDT,2026-09-29,1
1000BONKUSDT,2026-09-30,1
1000PEPEUSDT,2026-09-30,1
AAVEUSDT,2026-09-30,1
ADAUSDT,2026-09-30,1
AEROUSDT,2026-09-30,1
AKEUSDT,2026-09-30,1
APTUSDT,2026-09-30,1
ARBUSDT,2026-09-30,1
ASTERUSDT,2026-09-30,1
ATOMUSDT,2026-09-30,1
AVAXUSDT,2026-09-30,1
BCHUSDT,2026-09-30,1
BNBUSDT,2026-09-30,1
BRUSDT,2026-09-30,1
BTWUSDT,2026-09-30,1
BZUSDT,2026-09-30,1
CASHCATUSDT,2026-09-30,1
CHIPUSDT,2026-09-30,1
CRCLUSDT,2026-09-30,1
CRVUSDT,2026-09-30,1
DASHUSDT,2026-09-30,1
DOGEUSDT,2026-09-30,1
DOTUSDT,2026-09-30,1
DRAMUSDT,2026-09-30,1
ENAUSDT,2026-09-30,1
ETCUSDT,2026-09-30,1
ETHFIUSDT,2026-09-30,1
FARTCOINUSDT,2026-09-30,1
FFUSDT,2026-09-30,1
FILUSDT,2026-09-30,1
FLOCKUSDT,2026-09-30,1
GRAMUSDT,2026-09-30,1
GRASSUSDT,2026-09-30,1
HBARUSDT,2026-09-30,1
HYPEUSDT,2026-09-30,1
ICPUSDT,2026-09-30,1
INJUSDT,2026-09-30,1
JTOUSDT,2026-09-30,1
JUPUSDT,2026-09-30,1
LDOUSDT,2026-09-30,1
LINKUSDT,2026-09-30,1
LITUSDT,2026-09-30,1
LSKUSDT,2026-09-30,1
LTCUSDT,2026-09-30,1
MNTUSDT,2026-09-30,1
MONUSDT,2026-09-30,1
MSTRUSDT,2026-09-30,1
MUBARAKUSDT,2026-09-30,1
MUUSDT,2026-09-30,1
NEARUSDT,2026-09-30,1
NILUSDT,2026-09-30,1
NVDAUSDT,2026-09-30,1
ONDOUSDT,2026-09-30,1
OPUSDT,2026-09-30,1
PENDLEUSDT,2026-09-30,1
PENGUUSDT,2026-09-30,1
POLUSDT,2026-09-30,1
PUMPFUNUSDT,2026-09-30,1
RAYDIUMUSDT,2026-09-30,1
SAGAUSDT,2026-09-30,1
SEIUSDT,2026-09-30,1
SHIB1000USDT,2026-09-30,1
SKHYNIXUSDT,2026-09-30,1
SKHYUSDT,2026-09-30,1
SNXXUSDT,2026-09-30,1
SOLUSDT,2026-09-30,1
SPCXUSDT,2026-09-30,1
SPXUSDT,2026-09-30,1
STRKUSDT,2026-09-30,1
SUIUSDT,2026-09-30,1
TAOUSDT,2026-09-30,1
TIAUSDT,2026-09-30,1
TRUMPUSDT,2026-09-30,1
TRXUSDT,2026-09-30,1
UNIUSDT,2026-09-30,1
USELESSUSDT,2026-09-30,1
VIRTUALUSDT,2026-09-30,1
VVVUSDT,2026-09-30,1
WIFUSDT,2026-09-30,1
WLDUSDT,2026-09-30,1
WLFIUSDT,2026-09-30,1
XAGUSDT,2026-09-30,1
XAUTUSDT,2026-09-30,1
XLMUSDT,2026-09-30,1
XMRUSDT,2026-09-30,1
XPLUSDT,2026-09-30,1
XRPUSDT,2026-09-30,1
ZECUSDT,2026-09-30,1
ZROUSDT,2026-09-30,1
1000BONKUSDT,2026-10-01,1
1000PEPEUSDT,2026-10-01,1
AAVEUSDT,2026-10-01,1
ADAUSDT,2026-10-01,1
AEROUSDT,2026-10-01,1
AKEUSDT,2026-10-01,1
APTUSDT,2026-10-01,1
ARBUSDT,2026-10-01,1
ASTERUSDT,2026-10-01,1
ATOMUSDT,2026-10-01,1
AVAXUSDT,2026-10-01,1
BCHUSDT,2026-10-01,1
BNBUSDT,2026-10-01,1
BRUSDT,2026-10-01,1
BTWUSDT,2026-10-01,1
BZUSDT,2026-10-01,1
CASHCATUSDT,2026-10-01,1
CHIPUSDT,2026-10-01,1
CRCLUSDT,2026-10-01,1
CRVUSDT,2026-10-01,1
DASHUSDT,2026-10-01,1
DOGEUSDT,2026-10-01,1
DOTUSDT,2026-10-01,1
DRAMUSDT,2026-10-01,1
ENAUSDT,2026-10-01,1
ETCUSDT,2026-10-01,1
ETHFIUSDT,2026-10-01,1
FARTCOINUSDT,2026-10-01,1
FFUSDT,2026-10-01,1
FILUSDT,2026-10-01,1
FLOCKUSDT,2026-10-01,1
GRAMUSDT,2026-10-01,1
GRASSUSDT,2026-10-01,1
HBARUSDT,2026-10-01,1
HYPEUSDT,2026-10-01,1
ICPUSDT,2026-10-01,1
INJUSDT,2026-10-01,1
JTOUSDT,2026-10-01,1
JUPUSDT,2026-10-01,1
LDOUSDT,2026-10-01,1
LINKUSDT,2026-10-01,1
LITUSDT,2026-10-01,1
LSKUSDT,2026-10-01,1
LTCUSDT,2026-10-01,1
MNTUSDT,2026-10-01,1
MONUSDT,2026-10-01,1
MSTRUSDT,2026-10-01,1
MUBARAKUSDT,2026-10-01,1
MUUSDT,2026-10-01,1
NEARUSDT,2026-10-01,1
NILUSDT,2026-10-01,1
NVDAUSDT,2026-10-01,1
ONDOUSDT,2026-10-01,1
OPUSDT,2026-10-01,1
PENDLEUSDT,2026-10-01,1
PENGUUSDT,2026-10-01,1
POLUSDT,2026-10-01,1
PUMPFUNUSDT,2026-10-01,1
RAYDIUMUSDT,2026-10-01,1
SAGAUSDT,2026-10-01,1
SEIUSDT,2026-10-01,1
SHIB1000USDT,2026-10-01,1
SKHYNIXUSDT,2026-10-01,1
SKHYUSDT,2026-10-01,1
SNXXUSDT,2026-10-01,1
SOLUSDT,2026-10-01,1
SPCXUSDT,2026-10-01,1
SPXUSDT,2026-10-01,1
STRKUSDT,2026-10-01,1
SUIUSDT,2026-10-01,1
TAOUSDT,2026-10-01,1
TIAUSDT,2026-10-01,1
TRUMPUSDT,2026-10-01,1
TRXUSDT,2026-10-01,1
UNIUSDT,2026-10-01,1
USELESSUSDT,2026-10-01,1
VIRTUALUSDT,2026-10-01,1
VVVUSDT,2026-10-01,1
WIFUSDT,2026-10-01,1
WLDUSDT,2026-10-01,1
WLFIUSDT,2026-10-01,1
XAGUSDT,2026-10-01,1
XAUTUSDT,2026-10-01,1
XLMUSDT,2026-10-01,1
XMRUSDT,2026-10-01,1
XPLUSDT,2026-10-01,1
XRPUSDT,2026-10-01,1
ZECUSDT,2026-10-01,1
ZROUSDT,2026-10-01,1
1000BONKUSDT,2026-10-02,1
1000PEPEUSDT,2026-10-02,1
AAVEUSDT,2026-10-02,1
ADAUSDT,2026-10-02,1
AEROUSDT,2026-10-02,1
AKEUSDT,2026-10-02,1
APTUSDT,2026-10-02,1
ARBUSDT,2026-10-02,1
ASTERUSDT,2026-10-02,1
ATOMUSDT,2026-10-02,1
AVAXUSDT,2026-10-02,1
BCHUSDT,2026-10-02,1
BNBUSDT,2026-10-02,1
BRUSDT,2026-10-02,1
BTWUSDT,2026-10-02,1
BZUSDT,2026-10-02,1
CASHCATUSDT,2026-10-02,1
CHIPUSDT,2026-10-02,1
CRCLUSDT,2026-10-02,1
CRVUSDT,2026-10-02,1
DASHUSDT,2026-10-02,1
DOGEUSDT,2026-10-02,1
DOTUSDT,2026-10-02,1
DRAMUSDT,2026-10-02,1
ENAUSDT,2026-10-02,1
ETCUSDT,2026-10-02,1
ETHFIUSDT,2026-10-02,1
FARTCOINUSDT,2026-10-02,1
FFUSDT,2026-10-02,1
FILUSDT,2026-10-02,1
FLOCKUSDT,2026-10-02,1
GRAMUSDT,2026-10-02,1
GRASSUSDT,2026-10-02,1
HBARUSDT,2026-10-02,1
HYPEUSDT,2026-10-02,1
ICPUSDT,2026-10-02,1
INJUSDT,2026-10-02,1
JTOUSDT,2026-10-02,1
JUPUSDT,2026-10-02,1
LDOUSDT,2026-10-02,1
LINKUSDT,2026-10-02,1
LITUSDT,2026-10-02,1
LSKUSDT,2026-10-02,1
LTCUSDT,2026-10-02,1
MNTUSDT,2026-10-02,1
MONUSDT,2026-10-02,1
MSTRUSDT,2026-10-02,1
MUBARAKUSDT,2026-10-02,1
MUUSDT,2026-10-02,1
NEARUSDT,2026-10-02,1
NILUSDT,2026-10-02,1
NVDAUSDT,2026-10-02,1
ONDOUSDT,2026-10-02,1
OPUSDT,2026-10-02,1
PENDLEUSDT,2026-10-02,1
PENGUUSDT,2026-10-02,1
POLUSDT,2026-10-02,1
PUMPFUNUSDT,2026-10-02,1
QNTUSDT,2026-10-02,1
RAYDIUMUSDT,2026-10-02,1
SAGAUSDT,2026-10-02,1
SEIUSDT,2026-10-02,1
SHIB1000USDT,2026-10-02,1
SKHYNIXUSDT,2026-10-02,1
SKHYUSDT,2026-10-02,1
SNXXUSDT,2026-10-02,1
SOLUSDT,2026-10-02,1
SPCXUSDT,2026-10-02,1
SPXUSDT,2026-10-02,1
STRKUSDT,2026-10-02,1
SUIUSDT,2026-10-02,1
TAOUSDT,2026-10-02,1
TIAUSDT,2026-10-02,1
TRUMPUSDT,2026-10-02,1
TRXUSDT,2026-10-02,1
UNIUSDT,2026-10-02,1
USELESSUSDT,2026-10-02,1
VIRTUALUSDT,2026-10-02,1
VVVUSDT,2026-10-02,1
WIFUSDT,2026-10-02,1
WLDUSDT,2026-10-02,1
WLFIUSDT,2026-10-02,1
XAGUSDT,2026-10-02,1
XAUTUSDT,2026-10-02,1
XLMUSDT,2026-10-02,1
XMRUSDT,2026-10-02,1
XPLUSDT,2026-10-02,1
XRPUSDT,2026-10-02,1
ZECUSDT,2026-10-02,1
ZROUSDT,2026-10-02,1
